trial_uid,binary_success_label,start_year,phase_numeric,is_phase_1_2_combined,num_arms,is_randomized,is_multi_center,country_count,is_multi_country,intervention_type,is_combination_therapy,sponsor_type,sponsor_trial_count_total,sponsor_trial_count_last_5y,sponsor_success_rate_historical,is_top_10_sponsor,target_primary,target_category,target_trial_count_total,target_trial_count_last_5y,target_success_rate_historical,is_novel_target
2022-500905-42-00,NA,2022,1,0,NA,0,0,1,0,NA,0,academic,0,0,NA,0,advanced disease,NA,228,69,0,0
2022-501854-12-00,NA,2023,1,0,NA,0,0,1,0,NA,0,biotech,0,0,NA,0,genomics precision,NA,8,5,NA,0
2022-502117-29-00,NA,2023,3,0,NA,0,0,2,1,DRUG,0,unknown,0,0,NA,0,kalciumfolinat stada 10 mg ml injektionsv tska l sning,drug,0,0,NA,1
2022-502367-37-00,NA,2023,1,0,NA,0,0,3,1,NA,0,big_pharma,3,2,NA,0,advanced disease,NA,241,67,0,0
2022-502404-73-00,NA,2023,2,0,NA,0,0,6,1,OTHER,0,biotech,2,0,1,0,gene therapy medicinal product mrna,other,0,0,NA,1
2023-503558-10-00,NA,2023,3,0,NA,1,0,4,1,DRUG,0,unknown,0,0,NA,0,irinotecan,drug,2,0,1,0
2023-503632-41-00,NA,2023,2,0,NA,0,0,1,0,DRUG,0,academic,2,0,NA,0,visipaque injektionsv ske opl sning,drug,0,0,NA,1
2023-503905-12-00,NA,2023,2,0,NA,0,0,4,1,DRUG,0,big_pharma,2,1,0,0,lenvatinib,drug,0,0,NA,1
2023-504376-21-00,NA,2023,1,0,NA,0,0,1,0,NA,0,unknown,0,0,NA,0,advanced disease,NA,241,67,0,0
2023-505286-84-00,NA,2024,2,0,NA,1,0,1,0,NA,0,unknown,0,0,NA,0,biomarker,NA,59,31,0.5,0
2023-506030-70-00,NA,2025,2,0,1,0,0,1,0,OTHER,0,unknown,0,0,NA,0,s 2 2 2 10 2 4 3 4 2 2 cyano 4 4 difluoropyrrolidin 1 yl 2 oxoethylcarbamoyl quinolin 6 yl methyl amino propyl piperazin 1 yl 2 oxoethyl 68ga 1 4 7 10 tetraazacyclododecane 1 4 7 triyl triacetate,other,0,0,NA,1
2023-506228-10-00,NA,2024,1,0,NA,0,0,2,1,OTHER,0,biotech,1,0,NA,0,chemical,other,0,0,NA,1
2023-506369-79-00,NA,2023,2,0,NA,0,0,5,1,DRUG,0,unknown,0,0,NA,0,bi 907828,drug,0,0,NA,1
2023-506553-37-00,NA,2023,2,0,NA,1,0,1,0,DRUG,0,academic,1,1,NA,0,placebo,drug,2,0,0,0
2023-506979-10-00,NA,2024,1,0,NA,0,0,1,0,DRUG,0,unknown,0,0,NA,0,proleukin 18 x 106 iu powder for solution for injection or infusion,drug,0,0,NA,1
2023-507367-18-00,NA,2023,4,0,NA,1,0,3,1,DRUG,0,unknown,0,0,NA,0,kreon 35 000 u c psulas duras gastrorresistentes,drug,0,0,NA,1
2023-507773-17-00,NA,2024,2,0,NA,0,0,1,0,DRUG,0,unknown,0,0,NA,0,autologous pancreatic islets,drug,0,0,NA,1
2023-508567-75-00,NA,2024,1,0,NA,0,0,1,0,NA,0,academic,0,0,NA,0,imaging diagnostics,NA,51,19,0,0
2023-508703-21-00,NA,2024,1,0,NA,0,0,2,1,DRUG,0,big_pharma,4,3,0,0,NA,drug,NA,NA,NA,NA
2023-509022-22-00,NA,2024,3,0,NA,1,0,1,0,DRUG,0,academic,0,0,NA,0,plavix 75 mg film coated tablets,drug,0,0,NA,1
2023-509463-24-01,NA,2024,2,0,NA,1,0,4,1,DRUG,0,unknown,1,1,NA,0,onivyde pegylated liposomal 4 3 mg ml concentrate for dispersion for infusion,drug,0,0,NA,1
2023-509465-20-00,NA,2024,3,0,NA,0,1,1,0,DRUG,0,unknown,1,1,NA,0,abraxane 5 mg ml powder for dispersion for infusion,drug,0,0,NA,1
2023-509542-35-00,NA,2024,1,0,NA,0,0,4,1,NA,0,big_pharma,4,3,0,0,advanced disease,NA,257,67,0,0
2023-510004-49-00,NA,2024,2,0,NA,0,0,1,0,DRUG,0,academic,0,0,NA,0,zymad 10 000 ui ml solution buvable en gouttes,drug,0,0,NA,1
2023-510208-39-00,NA,2024,2,0,NA,0,0,1,0,DRUG,0,academic,0,0,NA,0,18f fapi 74,drug,0,0,NA,1
2023-510356-23-00,NA,2024,1,0,NA,0,1,6,1,NA,0,big_pharma,4,3,NA,0,advanced disease,NA,257,67,0,0
2023-510490-34-00,NA,2025,2,0,NA,0,0,1,0,DRUG,0,unknown,0,0,NA,0,capecitabine,drug,28,2,0.556,0
2024-510576-21-00,NA,2024,2,0,NA,0,0,1,0,DRUG,0,unknown,0,0,NA,0,irinotecan hcl trihydraat fresenius kabi 20 mg ml concentraat voor oplossing voor infusie,drug,0,0,NA,1
2024-511119-11-00,NA,2024,1,0,NA,0,0,1,0,NA,0,biotech,0,0,NA,0,advanced disease,NA,257,67,0,0
2024-511238-11-00,NA,2024,1,0,NA,0,0,3,1,NA,0,big_pharma,0,0,NA,0,advanced disease,NA,257,67,0,0
2024-511271-15-00,NA,2024,1,0,NA,0,0,1,0,DRUG,0,big_pharma,0,0,NA,0,abraxane 5 mg ml powder for dispersion for infusion,drug,0,0,NA,1
2024-511459-16-00,NA,2025,1,0,NA,1,0,1,0,DRUG,0,academic,0,0,NA,0,calcium folinate,drug,0,0,NA,1
2024-512059-19-00,NA,2024,2,0,NA,0,0,1,0,DRUG,1,unknown,1,0,NA,0,telebrix gastro 300 mg i ml oplossing voor orale of rectale toediening,drug,0,0,NA,1
2024-512128-12-01,NA,2024,2,0,NA,0,0,1,0,DRUG,0,unknown,0,0,NA,0,digitoxin awd 0 07 0 07 mg tablette,drug,0,0,NA,1
2024-512467-31-00,NA,2024,1,0,NA,0,0,1,0,DRUG,0,unknown,1,1,NA,0,68ga fapi 46,drug,0,0,NA,1
2024-512475-12-01,NA,2024,4,0,NA,0,0,1,0,DRUG,0,unknown,0,0,NA,0,innohep 3500 anti xa iu injektioneste liuos kerta annosruiskussa,drug,0,0,NA,1
2024-512487-61-00,NA,2024,3,0,NA,0,0,1,0,DRUG,0,academic,0,0,NA,0,calcium chloratum wzf 67 mg ml roztw r do wstrzykiwa,drug,0,0,NA,1
2024-512742-42-00,NA,2024,2,0,NA,0,0,1,0,OTHER,0,unknown,0,0,NA,0,cytotoxic,other,0,0,NA,1
2024-512951-18-00,NA,2024,2,0,NA,0,0,1,0,DRUG,0,academic,1,1,NA,0,fluorouracil,drug,17,2,0.6,0
2024-512982-15-00,NA,2024,3,0,NA,0,0,12,1,DRUG,0,big_pharma,8,3,NA,0,lynparza 150 mg film coated tablets,drug,0,0,NA,1
2024-513006-61-00,NA,2024,1,0,NA,0,0,1,0,NA,0,unknown,0,0,NA,0,advanced disease,NA,257,67,0,0
2024-513303-14-00,NA,2024,1,0,NA,0,0,1,0,NA,0,unknown,0,0,NA,0,imaging diagnostics,NA,51,19,0,0
2024-513317-12-00,NA,2024,3,0,NA,1,0,9,1,DRUG,0,biotech,0,0,NA,0,gemcitabine,drug,83,16,0.419,0
2024-513827-18-00,NA,2024,1,0,NA,0,0,1,0,NA,0,biotech,0,0,NA,0,imaging diagnostics,NA,51,19,0,0
2024-514129-43-00,NA,2024,2,0,NA,0,0,3,1,DRUG,0,unknown,2,0,NA,0,ginisortamab,drug,0,0,NA,1
2024-514598-23-00,NA,2024,1,0,NA,0,0,1,0,OTHER,0,unknown,0,0,NA,0,mycobaterium obuense strain nctc 13365 heat killed,other,0,0,NA,1
2024-514905-79-00,NA,2024,1,0,NA,0,0,3,1,DRUG,1,unknown,1,1,NA,0,calcium levofolinate,drug,0,0,NA,1
2024-515045-42-00,NA,2024,2,0,NA,0,0,1,0,DRUG,0,unknown,0,0,NA,0,cyramza 10 mg ml concentrate for solution for infusion,drug,0,0,NA,1
2024-515214-41-00,NA,2025,3,0,NA,0,0,1,0,DRUG,0,unknown,0,0,NA,0,fluorouracil,drug,20,4,0.6,0
2024-516063-89-00,NA,2024,3,0,NA,0,0,4,1,DRUG,0,biotech,0,0,NA,0,paclitaxel albumin bound,drug,0,0,NA,1
2024-516260-29-00,NA,2024,3,0,NA,0,0,1,0,DRUG,0,unknown,0,0,NA,0,irinotecan hcl trihydraat fresenius kabi 20 mg ml concentraat voor oplossing voor infusie,drug,0,0,NA,1
2024-516466-11-00,NA,2024,2,0,NA,0,0,1,0,DRUG,0,unknown,4,2,NA,0,lynparza 100 mg film coated tablets,drug,0,0,NA,1
2024-516558-24-00,NA,2026,2,0,NA,0,0,1,0,DRUG,0,academic,3,2,0,0,saruparib,drug,0,0,NA,1
2024-517270-23-00,NA,2025,2,0,NA,0,0,1,0,DRUG,0,academic,0,0,NA,0,galliapharm 0 74 1 85 gbq g n rateur radiopharmaceutique,drug,0,0,NA,1
2024-517358-86-00,NA,2024,2,0,NA,0,0,1,0,DRUG,0,unknown,0,0,NA,0,hyperpolarized 1 13c pyruvate,drug,0,0,NA,1
2024-517766-41-00,NA,2025,2,0,NA,1,0,1,0,DRUG,0,unknown,0,0,NA,0,oxaliplatine accord 5 mg ml solution diluer pour perfusion,drug,0,0,NA,1
2024-518938-81-00,NA,2024,2,0,1,0,0,1,0,DRUG,0,academic,1,1,NA,0,gemcitabine,drug,83,16,0.419,0
2024-519031-42-00,NA,2024,3,0,NA,1,0,1,0,DRUG,0,unknown,2,2,NA,0,abraxane 5 mg ml powder for dispersion for infusion,drug,0,0,NA,1
2024-519048-33-00,NA,2025,2,0,NA,0,0,1,0,DRUG,0,academic,0,0,NA,0,elvorine 100 mg 10 ml solution injectable,drug,0,0,NA,1
2024-519067-17-00,NA,2024,2,0,NA,0,0,1,0,DRUG,0,unknown,0,0,NA,0,bleoprim 15 mg polvere per soluzione iniettabile,drug,0,0,NA,1
2024-519505-35-00,NA,2025,3,0,NA,0,0,1,0,DRUG,0,academic,1,1,NA,0,gallium 68ga edotreotide,drug,0,0,NA,1
2024-519633-35-00,NA,2024,4,0,NA,0,0,1,0,DRUG,0,unknown,0,0,NA,0,irinotecan,drug,3,1,1,0
2024-519667-18-00,NA,2025,4,0,NA,1,1,5,1,DRUG,0,unknown,0,0,NA,0,octreotide lyomark 0 1 mg ml oplossing voor injectie,drug,0,0,NA,1
2024-519753-11-00,NA,2025,2,0,NA,0,1,1,0,DRUG,0,unknown,0,0,NA,0,apexelsin 5 mg ml powder for dispersion for infusion,drug,0,0,NA,1
2024-519972-21-00,NA,2025,3,0,NA,0,0,1,0,DRUG,0,academic,0,0,NA,0,chirhostim,drug,0,0,NA,1
2024-520043-17-00,NA,2025,3,0,NA,0,0,1,0,DRUG,0,academic,0,0,NA,0,innohep 10 000 anti xa iu 0 5ml pf syr,drug,0,0,NA,1
2025-521164-36-00,NA,2026,1,0,NA,0,0,1,0,OTHER,0,biotech,0,0,NA,0,chemical,other,1,1,NA,0
2025-521235-37-00,NA,2025,1,0,NA,0,0,1,0,NA,0,biotech,0,0,NA,0,imaging diagnostics,NA,56,21,0,0
2025-521273-14-00,NA,2025,1,0,1,0,0,1,0,DRUG,0,unknown,0,0,NA,0,verdye 5 mg ml polvere per soluzione iniettabile,drug,0,0,NA,1
2025-521702-18-00,NA,2026,1,0,NA,0,1,4,1,NA,0,big_pharma,6,4,NA,0,imaging diagnostics,NA,58,21,0,0
2025-521784-12-00,NA,2025,4,0,NA,1,0,1,0,DRUG,0,unknown,0,0,NA,0,remimazolam,drug,0,0,NA,1
2025-521872-69-00,NA,2025,1,0,NA,0,0,1,0,NA,0,biotech,0,0,NA,0,advanced disease,NA,267,60,0,0
2025-522243-17-00,NA,2025,1,0,NA,0,0,1,0,NA,0,unknown,2,1,0,0,genomics precision,NA,11,6,NA,0
2025-522290-11-00,NA,2025,1,0,NA,0,0,1,0,NA,0,academic,4,1,1,0,biomarker,NA,65,30,0.5,0
2025-522530-31-01,NA,2026,2,0,NA,0,0,1,0,DRUG,0,unknown,0,0,NA,0,lynparza 150 mg film coated tablets,drug,1,1,NA,0
2025-522533-54-00,NA,2026,2,0,NA,0,1,1,0,DRUG,0,unknown,1,1,NA,0,dextrose injection bradex 5,drug,0,0,NA,1
2025-522598-12-00,NA,2025,2,0,NA,0,0,15,1,DRUG,0,big_pharma,0,0,NA,0,mrtx1719 matching placebo,drug,0,0,NA,1
2025-523172-23-00,NA,2026,1,0,NA,0,0,1,0,NA,0,unknown,0,0,NA,0,advanced disease,NA,271,57,0,0
NCT00002689,NA,1999,2,0,NA,0,0,1,0,DRUG,1,academic,0,0,NA,0,dexamethasone,drug,0,0,NA,1
NCT00002773,NA,1999,2,0,NA,0,0,1,0,BIOLOGICAL,1,academic,0,0,NA,0,allogeneic tumor cell vaccine,biological,0,0,NA,1
NCT00003018,NA,1999,2,0,NA,0,0,1,0,DRUG,0,unknown,0,0,NA,0,dipyridamole,drug,0,0,NA,1
NCT00003025,NA,1999,1,0,NA,0,0,1,0,BIOLOGICAL,0,academic,0,0,NA,0,vitespen,biological,0,0,NA,1
NCT00003085,0,1999,2,0,NA,0,0,1,0,PROCEDURE,0,academic,0,0,NA,0,laparoscopy,procedure,0,0,NA,1
NCT00003332,NA,1999,1,0,NA,0,0,1,0,DRUG,1,unknown,0,0,NA,0,cisplatin,drug,0,0,NA,1
NCT00003411,NA,1999,1,0,NA,0,0,1,0,DRUG,1,academic,0,0,NA,0,motexafin gadolinium,drug,0,0,NA,1
NCT00003434,0,1999,1,0,NA,0,0,1,0,BIOLOGICAL,0,academic,0,0,NA,0,carcinoembryonic antigen peptide 1,biological,0,0,NA,1
NCT00003531,0,1999,2,0,NA,0,0,1,0,DRUG,0,academic,0,0,NA,0,antineoplaston therapy atengenal astugenal,drug,0,0,NA,1
NCT00003591,NA,1999,2,0,NA,0,0,2,1,DRUG,1,unknown,0,0,NA,0,paclitaxel,drug,0,0,NA,1
NCT00003677,NA,1999,2,0,NA,0,0,1,0,DRUG,0,academic,0,0,NA,0,dolastatin 10,drug,0,0,NA,1
NCT00003760,NA,1999,2,0,NA,0,0,1,0,DRUG,0,academic,0,0,NA,0,irofulven,drug,0,0,NA,1
NCT00003769,NA,1999,2,0,NA,0,0,1,0,DRUG,1,academic,0,0,NA,0,perillyl alcohol,drug,0,0,NA,1
NCT00003851,0,1999,NA,NA,NA,0,0,1,0,BIOLOGICAL,1,academic,0,0,NA,0,proteolytic enzymes,biological,0,0,NA,1
NCT00004003,NA,1999,2,0,NA,0,0,1,0,DRUG,0,academic,0,0,NA,0,cisplatin,drug,0,0,NA,1
NCT00004087,NA,1999,1,0,NA,0,0,1,0,BIOLOGICAL,1,academic,0,0,NA,0,filgrastim,biological,0,0,NA,1
NCT00004190,NA,2000,2,0,NA,0,0,2,1,DRUG,0,academic,0,0,NA,0,gemcitabine hydrochloride,drug,0,0,NA,1
NCT00004861,NA,2000,2,0,NA,0,0,2,1,DRUG,0,big_pharma,0,0,NA,0,gemcitabine hydrochloride,drug,0,0,NA,1
NCT00004884,NA,2000,2,0,NA,0,0,8,1,DRUG,0,unknown,0,0,NA,0,cisplatin,drug,2,2,NA,0
NCT00005053,NA,2000,2,0,NA,0,0,7,1,DRUG,0,unknown,0,0,NA,0,glufosfamide,drug,0,0,NA,1
NCT00005648,NA,2000,3,0,NA,0,0,NA,0,DRUG,0,big_pharma,0,0,NA,0,gemcitabine with r115777,drug,0,0,NA,1
NCT00005832,NA,2000,2,0,NA,0,0,1,0,DRUG,0,unknown,1,1,NA,1,r115777,drug,0,0,NA,1
NCT00005843,NA,2000,2,0,NA,0,0,1,0,DRUG,0,academic,0,0,NA,0,tipifarnib,drug,0,0,NA,1
NCT00005869,NA,2000,3,0,NA,0,0,1,0,DRUG,0,biotech,0,0,NA,0,gemcitabine hydrochloride,drug,0,0,NA,1
NCT00006117,NA,2000,2,0,NA,0,0,2,1,DRUG,0,unknown,0,0,NA,0,gemcitabine hydrochloride,drug,0,0,NA,1
NCT00008099,NA,2001,1,0,NA,0,0,1,0,BIOLOGICAL,0,academic,1,1,NA,0,muc1 antigen sb as 2,biological,0,0,NA,1
NCT00010062,NA,2001,2,0,NA,0,0,2,1,DRUG,1,unknown,1,1,NA,0,fluorouracil,drug,0,0,NA,1
NCT00016965,NA,2001,2,0,NA,0,0,1,0,DRUG,0,unknown,2,2,NA,1,ixabepilone,drug,0,0,NA,1
NCT00023972,NA,2001,3,0,NA,0,0,3,1,DRUG,0,unknown,0,0,NA,0,exatecan mesylate,drug,0,0,NA,1
NCT00024362,NA,2001,2,0,NA,0,0,1,0,DRUG,0,unknown,0,0,NA,0,bbr 3464,drug,0,0,NA,1
NCT00024427,NA,2001,3,0,NA,0,0,2,1,DRUG,0,biotech,0,0,NA,0,fluorouracil,drug,0,0,NA,1
NCT00025168,NA,2001,2,0,NA,0,0,1,0,DRUG,1,academic,0,0,NA,0,gemcitabine hydrochloride,drug,4,4,NA,0
NCT00026104,NA,2001,2,0,NA,0,0,1,0,DRUG,1,academic,1,1,NA,1,gemcitabine hydrochloride,drug,4,4,NA,0
NCT00026130,NA,2001,2,0,NA,0,0,1,0,DRUG,1,academic,1,1,NA,1,fluorouracil,drug,0,0,NA,1
NCT00026338,NA,2001,3,0,NA,0,0,19,1,DRUG,0,academic,0,0,NA,0,erlotinib hydrochloride,drug,0,0,NA,1
NCT00027521,0,2001,1,0,NA,0,0,NA,0,BIOLOGICAL,1,biotech,0,0,NA,0,bleomycin sulfate,biological,0,0,NA,1
NCT00028834,NA,2002,2,0,NA,0,0,1,0,DRUG,1,academic,2,2,NA,1,gemcitabine hydrochloride,drug,6,6,NA,0
NCT00030732,1,2002,3,0,NA,0,0,4,1,DRUG,0,academic,0,0,NA,0,gemcitabine capecitabine,drug,0,0,NA,1
NCT00031694,NA,2002,2,0,NA,0,0,1,0,DRUG,0,academic,2,2,NA,1,paclitaxel,drug,1,1,NA,0
NCT00031837,0,2002,3,0,NA,0,0,1,0,DRUG,1,unknown,0,0,NA,0,dalteparin,drug,0,0,NA,1
NCT00032175,NA,2002,3,0,NA,0,0,1,0,DRUG,0,unknown,0,0,NA,0,capecitabine,drug,0,0,NA,1
NCT00033735,NA,2002,3,0,NA,0,0,1,0,DRUG,0,biotech,0,0,NA,0,fluorouracil,drug,3,3,NA,0
NCT00034827,NA,2002,2,0,NA,0,1,1,0,DRUG,0,big_pharma,1,1,NA,0,ci 1040,drug,0,0,NA,1
NCT00039403,NA,2002,1,0,NA,0,0,1,0,DRUG,1,academic,2,2,NA,1,7 hydroxystaurosporine,drug,0,0,NA,1
NCT00040092,NA,2002,3,0,NA,0,0,NA,0,DRUG,0,biotech,0,0,NA,0,virulizin,drug,0,0,NA,1
NCT00040183,1,2002,3,0,NA,0,0,17,1,DRUG,0,biotech,0,0,NA,0,tarceva erlotinib hcl osi 774,drug,0,0,NA,1
NCT00040833,NA,2002,2,0,NA,0,0,1,0,PROCEDURE,0,academic,1,1,NA,0,complementary or alternative medicine procedure,procedure,0,0,NA,1
NCT00041639,NA,2002,1,0,NA,0,0,4,1,DRUG,0,unknown,0,0,NA,0,hmn14 labetuzumab,drug,0,0,NA,1
NCT00042939,NA,2002,2,0,NA,0,0,NA,0,BIOLOGICAL,1,unknown,0,0,NA,0,cetuximab,biological,0,0,NA,1
NCT00045747,NA,2002,2,0,NA,0,0,1,0,DRUG,0,academic,1,1,NA,0,7 hydroxystaurosporine,drug,0,0,NA,1
NCT00047307,NA,2002,1,0,NA,0,0,1,0,DRUG,1,academic,2,2,NA,1,alvocidib,drug,0,0,NA,1
NCT00047710,NA,2002,1,0,NA,0,0,1,0,DRUG,1,academic,1,1,NA,0,bevacizumab,drug,0,0,NA,1
NCT00049348,NA,2002,2,0,NA,0,0,1,0,BIOLOGICAL,1,unknown,0,0,NA,0,epoetin alfa,biological,0,0,NA,1
NCT00051467,1,2003,3,0,NA,0,0,1,0,GENETIC,0,unknown,0,0,NA,0,tnferade,genetic,0,0,NA,1
NCT00052689,NA,2003,2,0,NA,0,0,1,0,DRUG,0,academic,6,6,NA,1,bortezomib,drug,0,0,NA,1
NCT00053222,NA,2003,2,0,NA,0,0,1,0,DRUG,0,academic,0,0,NA,0,arsenic trioxide,drug,0,0,NA,1
NCT00053924,NA,2003,2,0,NA,0,0,1,0,DRUG,0,academic,0,0,NA,0,perifosine,drug,0,0,NA,1
NCT00055250,NA,2003,2,0,NA,0,0,1,0,DRUG,0,big_pharma,0,0,NA,0,gemcitabine,drug,0,0,NA,1
NCT00056537,NA,2003,1,0,NA,0,0,3,1,DRUG,0,biotech,0,0,NA,0,abr 217620,drug,0,0,NA,1
NCT00057876,NA,2003,3,0,NA,0,0,2,1,DRUG,1,unknown,2,2,NA,1,gemcitabine,drug,0,0,NA,1
NCT00058201,1,2003,3,0,NA,0,0,13,1,DRUG,1,academic,0,0,NA,0,fluorouracil,drug,4,4,NA,0
NCT00059826,NA,2003,2,0,NA,0,0,1,0,BIOLOGICAL,1,academic,2,2,NA,1,interferon alfa 2b,biological,0,0,NA,1
NCT00059982,NA,2003,2,0,NA,0,0,1,0,DRUG,0,unknown,2,2,NA,1,perifosine,drug,0,0,NA,1
NCT00060502,NA,2003,2,0,NA,0,0,NA,0,DRUG,0,biotech,0,0,NA,0,infliximab gemcitabine,drug,0,0,NA,1
NCT00063947,NA,2003,1,0,NA,0,0,1,0,DRUG,1,academic,6,6,NA,1,erlotinib hydrochloride,drug,1,1,NA,0
NCT00064051,NA,2003,2,0,NA,0,0,3,1,DRUG,0,biotech,0,0,NA,0,gemcitabine hydrochloride,drug,7,7,NA,0
NCT00064207,NA,2003,2,0,NA,0,0,6,1,DRUG,1,unknown,2,2,NA,1,gemcitabine hydrochloride,drug,7,7,NA,0
NCT00066677,0,2003,2,0,NA,0,0,1,0,DRUG,0,academic,0,0,NA,0,rhumab vegf,drug,0,0,NA,1
NCT00068432,NA,2003,2,0,NA,0,0,1,0,DRUG,0,academic,2,2,NA,1,celecoxib,drug,0,0,NA,1
NCT00075452,NA,2004,3,0,NA,0,0,1,0,DRUG,0,unknown,2,2,NA,1,gemcitabine hydrochloride,drug,9,9,NA,0
NCT00075647,NA,2004,2,0,NA,0,0,1,0,DRUG,1,academic,8,8,NA,1,temsirolimus,drug,0,0,NA,1
NCT00077519,NA,2004,1,0,NA,0,0,1,0,DRUG,1,academic,0,0,NA,0,tipifarnib,drug,1,1,NA,0
NCT00078975,NA,2004,2,0,NA,0,0,1,0,DRUG,0,academic,1,1,NA,0,gemcitabine hydrochloride,drug,9,9,NA,0
NCT00081549,NA,2004,1,0,NA,0,0,NA,0,DRUG,0,biotech,0,0,NA,0,aroplatin liposomal nddp l nddp,drug,0,0,NA,1
NCT00082862,NA,2004,2,0,NA,0,0,1,0,BIOLOGICAL,1,academic,0,0,NA,0,recombinant interferon alfa,biological,0,0,NA,1
NCT00088660,NA,2004,3,0,NA,0,0,1,0,BIOLOGICAL,0,biotech,0,0,NA,0,panvac vf,biological,0,0,NA,1
NCT00088894,1,2004,3,0,NA,0,0,1,0,DRUG,1,academic,8,8,NA,1,gemcitabine hydrochloride,drug,9,9,NA,0
NCT00089024,NA,2004,2,0,NA,0,0,1,0,DRUG,1,academic,0,0,NA,0,fluorouracil,drug,5,5,1,0
NCT00091026,NA,2004,2,0,NA,0,0,1,0,BIOLOGICAL,1,academic,8,8,NA,1,cetuximab,biological,1,1,NA,0
NCT00094445,1,2004,2,0,NA,0,0,1,0,DRUG,0,academic,3,3,NA,1,curcumin,drug,0,0,NA,1
NCT00095966,NA,2004,2,0,NA,0,0,1,0,DRUG,0,academic,8,8,NA,1,sorafenib tosylate,drug,0,0,NA,1
NCT00099294,NA,2004,3,0,NA,0,0,11,1,DRUG,0,biotech,0,0,NA,0,glufosfamide,drug,1,1,NA,0
NCT00100815,NA,2005,2,0,NA,0,0,1,0,BIOLOGICAL,1,academic,0,0,NA,0,bevacizumab,biological,1,1,NA,0
NCT00102700,NA,2005,2,0,NA,0,0,1,0,DRUG,1,big_pharma,0,0,NA,0,arq 501 in combination with gemcitabine,drug,0,0,NA,1
NCT00109941,NA,2005,2,0,NA,0,0,1,0,BIOLOGICAL,0,academic,0,0,NA,0,opioid growth factor,biological,0,0,NA,1
NCT00111904,NA,2005,2,0,NA,0,0,1,0,DRUG,0,unknown,1,1,NA,0,paclitaxel loaded polymeric micelle,drug,0,0,NA,1
NCT00112528,NA,2005,2,0,NA,0,0,1,0,BIOLOGICAL,1,academic,3,3,NA,1,bevacizumab,biological,1,1,NA,0
NCT00112580,NA,2005,2,0,NA,0,0,1,0,BIOLOGICAL,0,big_pharma,0,0,NA,0,ipilimumab,biological,0,0,NA,1
NCT00112658,1,2005,2,0,NA,0,0,1,0,DRUG,0,unknown,0,0,NA,0,fluorouracil,drug,6,6,1,0
NCT00112697,1,2005,2,0,NA,0,0,1,0,DRUG,1,unknown,0,0,NA,0,cisplatin,drug,3,1,NA,0
NCT00113256,0,2005,2,0,NA,0,0,1,0,DRUG,0,biotech,1,1,NA,0,rubitecan,drug,0,0,NA,1
NCT00114179,1,2005,2,0,NA,0,0,1,0,DRUG,1,academic,12,12,1,1,capecitabine,drug,1,1,NA,0
NCT00121745,0,2005,1,0,NA,0,0,1,0,GENETIC,0,biotech,0,0,NA,0,rexin g dose 1,genetic,0,0,NA,1
NCT00125021,NA,2005,2,0,NA,0,0,1,0,DRUG,0,academic,0,0,NA,0,capecitabine,drug,1,1,NA,0
NCT00126633,1,2005,2,0,NA,0,0,1,0,BIOLOGICAL,1,academic,0,0,NA,0,bevacizumab,biological,1,1,NA,0
NCT00136669,NA,2005,3,0,NA,0,0,1,0,PROCEDURE,0,academic,3,2,NA,1,acupuncture,procedure,0,0,NA,1
NCT00137761,NA,2005,2,0,NA,0,0,1,0,DRUG,0,academic,0,0,NA,0,zd 1839,drug,0,0,NA,1
NCT00149578,NA,2005,2,0,NA,0,0,1,0,DRUG,0,academic,0,0,NA,0,gemcitabine oxaliplatin 5fu and leucovorin,drug,0,0,NA,1
NCT00154791,NA,2005,1,0,NA,0,0,1,0,DRUG,0,academic,0,0,NA,0,oxaliplatin,drug,0,0,NA,1
NCT00159471,0,2005,NA,NA,NA,0,0,1,0,DRUG,0,academic,1,0,0,0,capecitabine gemcitabine docetaxel,drug,0,0,NA,1
NCT00161213,NA,2005,2,0,NA,0,0,1,0,DRUG,0,academic,0,0,NA,0,gemcitabine hydrochloride,drug,12,12,1,0
NCT00176735,0,2005,NA,NA,NA,0,0,NA,0,DRUG,0,academic,0,0,NA,0,capecitabine,drug,1,1,NA,0
NCT00176813,NA,2005,2,0,NA,0,0,1,0,DRUG,0,academic,0,0,NA,0,gemcitabine,drug,2,2,NA,0
NCT00177853,0,2005,1,0,NA,0,0,1,0,DRUG,1,academic,2,1,NA,0,celecoxib,drug,1,1,NA,0
NCT00185588,NA,2005,1,0,NA,0,0,1,0,DRUG,0,unknown,0,0,NA,0,vatalanib,drug,0,0,NA,1
NCT00191568,NA,2005,2,0,NA,0,0,1,0,DRUG,1,big_pharma,1,1,NA,0,gemcitabine,drug,2,2,NA,0
NCT00192712,NA,2005,2,0,NA,0,0,1,0,DRUG,0,unknown,0,0,NA,0,irinotecan gemcitabine,drug,0,0,NA,1
NCT00192842,NA,2005,2,0,NA,0,0,NA,0,DRUG,0,unknown,0,0,NA,0,curcumin gemcitabine,drug,0,0,NA,1
NCT00201838,1,2005,1,0,NA,0,0,1,0,DRUG,0,academic,0,0,NA,0,gemcitabine,drug,2,2,NA,0
NCT00202800,NA,2005,2,0,NA,0,0,1,0,DRUG,0,unknown,0,0,NA,0,gemcitabine etoposide,drug,0,0,NA,1
NCT00203892,1,2005,1,0,NA,0,0,1,0,BIOLOGICAL,0,academic,1,1,NA,0,modified cea peptide 10mcg,biological,0,0,NA,1
NCT00209677,0,2005,1,0,NA,0,0,1,0,DRUG,0,unknown,0,0,NA,0,gemcitabine,drug,2,2,NA,0
NCT00219557,1,2005,2,0,NA,0,0,8,1,DRUG,0,big_pharma,2,2,NA,1,gemcitabine,drug,2,2,NA,0
NCT00222469,NA,2005,2,0,NA,0,0,1,0,DRUG,0,academic,0,0,NA,0,bevacizumab,drug,1,1,NA,0
NCT00225745,NA,2005,NA,NA,NA,0,0,1,0,PROCEDURE,0,academic,0,0,NA,0,blood draw,procedure,0,0,NA,1
NCT00225784,NA,2005,2,0,NA,0,0,NA,0,DRUG,1,academic,0,0,NA,0,cetuximab gemcitabine,drug,0,0,NA,1
NCT00226005,NA,2005,2,0,NA,0,0,1,0,DRUG,0,unknown,0,0,NA,0,ptk787 zk222584,drug,0,0,NA,1
NCT00226746,0,2005,2,0,NA,0,0,1,0,DRUG,0,academic,0,0,NA,0,paclitaxel and gemcitabine,drug,0,0,NA,1
NCT00233415,NA,2005,2,0,NA,0,0,1,0,DEVICE,0,academic,0,0,NA,0,stereotactic radiosurgery cyberknife,device,0,0,NA,1
NCT00234416,NA,2005,1,0,NA,0,0,1,0,DRUG,0,big_pharma,0,0,NA,0,gefitinib,drug,0,0,NA,1
NCT00238199,NA,2005,2,0,NA,0,0,1,0,DIETARY_SUPPLEMENT,1,academic,0,0,NA,0,calcitriol,dietary_supplement,0,0,NA,1
NCT00242190,NA,2005,1,0,NA,0,0,1,0,DRUG,1,academic,0,0,NA,0,oxaliplatin,drug,0,0,NA,1
NCT00243854,NA,2005,1,0,NA,0,0,1,0,DRUG,0,academic,1,0,NA,0,tarceva,drug,0,0,NA,1
NCT00245362,NA,2005,2,0,NA,0,0,1,0,BIOLOGICAL,0,unknown,0,0,NA,0,cg 8020 and cg 2505,biological,0,0,NA,1
NCT00251355,NA,2005,1,0,NA,0,0,1,0,DRUG,1,academic,0,0,NA,0,gemcitabine,drug,2,2,NA,0
NCT00253526,0,2005,2,0,NA,0,0,NA,0,DRUG,1,academic,12,12,1,1,bevacizumab,drug,1,1,NA,0
NCT00255827,NA,2005,1,0,NA,0,0,1,0,BIOLOGICAL,0,biotech,0,0,NA,0,hyperacute pancreatic cancer vaccine,biological,0,0,NA,1
NCT00260364,NA,2005,1,0,NA,0,0,1,0,DRUG,0,unknown,0,0,NA,0,gemcitabine 1000 mg m2 iv days 1 8 15 of a 28 day cycle,drug,0,0,NA,1
NCT00261092,NA,2005,2,0,NA,0,0,1,0,DRUG,0,big_pharma,0,0,NA,0,oxaliplatin,drug,0,0,NA,1
NCT00262951,0,2005,2,0,NA,0,0,1,0,BIOLOGICAL,1,academic,0,0,NA,0,recombinant interferon alfa,biological,1,1,NA,0
NCT00265876,1,2005,1,0,NA,0,0,1,0,DRUG,0,academic,1,1,NA,0,azd0530,drug,0,0,NA,1
NCT00266097,NA,2005,1,0,NA,0,0,1,0,DRUG,1,academic,0,0,NA,0,erlotinib hydrochloride,drug,2,2,NA,0
NCT00267020,NA,2005,2,0,NA,0,0,1,0,DRUG,0,big_pharma,1,1,NA,0,enzastaurin,drug,0,0,NA,1
NCT00268411,NA,2005,3,0,NA,0,0,1,0,DRUG,0,unknown,3,3,NA,1,gemcitabine hydrochloride,drug,12,12,1,0
NCT00275119,NA,2006,2,0,NA,0,0,1,0,DRUG,1,unknown,4,3,NA,1,fluorouracil,drug,7,7,1,0
NCT00276744,0,2006,2,0,NA,0,0,1,0,BIOLOGICAL,1,academic,0,0,NA,0,cetuximab,biological,2,2,NA,0
NCT00281996,0,2006,1,0,NA,0,0,1,0,DRUG,0,academic,0,0,NA,0,gemcitabine,drug,8,8,0.667,0
NCT00286013,NA,2006,2,0,NA,0,0,1,0,DRUG,0,academic,0,0,NA,0,association of gemcitabine oxaliplatin and radiotherapy,drug,0,0,NA,1
NCT00288093,NA,2006,1,0,NA,0,0,1,0,RADIATION,1,academic,14,13,0.667,1,3 dimensional conformal radiation therapy,radiation,0,0,NA,1
NCT00288925,NA,2006,1,0,NA,0,0,1,0,DRUG,0,biotech,0,0,NA,0,z 360,drug,0,0,NA,1
NCT00290693,NA,2006,2,0,NA,0,0,1,0,DRUG,0,academic,0,0,NA,0,capecitabine,drug,4,4,0.5,0
NCT00296114,NA,2006,NA,NA,NA,0,0,2,1,PROCEDURE,0,unknown,1,1,NA,0,serum and dna samples,procedure,0,0,NA,1
NCT00303758,NA,2006,3,0,NA,0,0,1,0,DRUG,0,unknown,0,0,NA,0,cisplatin,drug,4,1,1,0
NCT00303927,NA,2006,2,0,NA,0,0,2,1,DRUG,0,academic,0,0,NA,0,capecitabine,drug,4,4,0.5,0
NCT00305760,NA,2006,2,0,NA,0,0,1,0,DRUG,1,academic,0,0,NA,0,cetuximab,drug,2,2,NA,0
NCT00307723,0,2006,1,0,NA,0,0,NA,0,DRUG,1,academic,0,0,NA,0,bevacizumab,drug,6,6,0.5,0
NCT00310050,0,2006,1,0,NA,0,0,1,0,DRUG,1,academic,1,1,NA,0,pemetrexed disodium,drug,0,0,NA,1
NCT00313560,NA,2006,2,0,NA,0,0,1,0,DRUG,0,academic,0,0,NA,0,erlotinib hydrochloride,drug,3,3,NA,0
NCT00316420,NA,2006,1,0,NA,0,0,1,0,DRUG,0,academic,0,0,NA,0,capecitabine xeloda,drug,0,0,NA,1
NCT00322712,0,2006,NA,NA,NA,0,0,1,0,NA,0,academic,0,0,NA,0,advanced disease,NA,10,10,NA,0
NCT00323583,NA,2006,2,0,NA,0,0,1,0,DRUG,1,academic,0,0,NA,0,paclitaxel,drug,2,1,NA,0
NCT00324428,NA,2006,NA,NA,NA,0,0,1,0,PROCEDURE,0,academic,0,0,NA,0,transcranial magnetic stimulation,procedure,0,0,NA,1
NCT00325494,NA,2006,1,0,NA,0,0,1,0,DRUG,0,unknown,0,0,NA,0,morab 009,drug,0,0,NA,1
NCT00326911,0,2006,2,0,NA,0,0,1,0,BIOLOGICAL,1,big_pharma,3,3,NA,0,cetuximab,biological,2,2,NA,0
NCT00327327,NA,2006,1,0,NA,0,0,1,0,DRUG,0,biotech,0,0,NA,0,imexon,drug,0,0,NA,1
NCT00331682,NA,2006,2,0,NA,0,0,1,0,DRUG,0,academic,14,13,0.667,1,alvocidib,drug,1,1,NA,0
NCT00335543,1,2006,2,0,NA,0,0,3,1,DRUG,1,unknown,0,0,NA,0,cisplatin,drug,4,1,1,0
NCT00336700,0,2006,2,0,NA,0,0,1,0,DRUG,0,unknown,0,0,NA,0,gemcitabine,drug,8,8,0.667,0
NCT00338039,NA,2006,2,0,NA,0,0,1,0,DRUG,1,academic,4,3,1,1,cetuximab,drug,2,2,NA,0
NCT00346281,NA,2006,2,0,NA,0,0,2,1,DEVICE,0,unknown,0,0,NA,0,32p biosilicon,device,0,0,NA,1
NCT00350142,NA,2006,2,0,NA,0,0,1,0,RADIATION,1,unknown,0,0,NA,0,stereotactic body radiotherapy,radiation,0,0,NA,1
NCT00358566,0,2006,3,0,NA,0,0,12,1,BIOLOGICAL,1,unknown,0,0,NA,0,gv1001,biological,0,0,NA,1
NCT00364364,0,2006,0.5,0,NA,0,0,1,0,DRUG,0,academic,0,0,NA,0,radiolabeled humanized pam4 igg,drug,0,0,NA,1
NCT00365144,NA,2006,2,0,NA,0,0,1,0,BIOLOGICAL,1,academic,1,1,1,0,bevacizumab,biological,6,6,0.5,0
NCT00366457,NA,2006,2,0,NA,0,0,1,0,DRUG,0,academic,0,0,NA,0,bevacizumab,drug,6,6,0.5,0
NCT00369460,NA,2006,NA,NA,NA,0,0,1,0,OTHER,0,academic,0,0,NA,0,physiologic testing,other,0,0,NA,1
NCT00372944,NA,2006,2,0,NA,0,0,5,1,DRUG,0,big_pharma,1,1,NA,0,azd6244,drug,0,0,NA,1
NCT00375310,NA,2006,1,0,NA,0,0,1,0,DRUG,1,academic,2,1,NA,0,gemcitabine sorafenib,drug,0,0,NA,1
NCT00376948,NA,2006,2,0,NA,0,0,1,0,DIETARY_SUPPLEMENT,1,academic,1,0,NA,0,genistein,dietary_supplement,0,0,NA,1
NCT00383149,NA,2006,2,0,NA,0,0,1,0,DRUG,0,unknown,0,0,NA,0,ixabepilone,drug,1,1,NA,0
NCT00383760,NA,2006,2,0,NA,0,0,1,0,DRUG,0,academic,14,13,0.667,1,eribulin mesylate,drug,0,0,NA,1
NCT00386399,0,2006,2,0,NA,0,0,1,0,DRUG,0,academic,0,0,NA,0,mitomycin c,drug,0,0,NA,1
NCT00389610,NA,2006,2,0,NA,0,0,1,0,BIOLOGICAL,0,academic,0,0,NA,0,gvax pancreas vaccine,biological,0,0,NA,1
NCT00390182,NA,2006,1,0,NA,0,0,2,1,DRUG,0,academic,0,0,NA,0,gemcitabine,drug,8,8,0.667,0
NCT00395252,1,2006,2,0,NA,0,0,1,0,DRUG,0,unknown,0,0,NA,0,cetuximab erbitux and gemcitabine,drug,0,0,NA,1
NCT00397787,1,2006,2,0,NA,0,0,1,0,DRUG,0,academic,14,13,0.667,1,sunitinib malate,drug,0,0,NA,1
NCT00398086,1,2006,1,0,NA,0,0,1,0,DRUG,0,unknown,0,0,NA,0,gemcitabine,drug,8,8,0.667,0
NCT00401570,NA,2006,2,0,NA,0,0,2,1,DRUG,0,big_pharma,0,0,NA,0,volociximab,drug,0,0,NA,1
NCT00402025,NA,2006,1,0,NA,0,0,1,0,BIOLOGICAL,0,unknown,0,0,NA,0,talimogene laherparepvec,biological,0,0,NA,1
NCT00408564,NA,2006,2,0,NA,0,0,1,0,BIOLOGICAL,1,academic,0,0,NA,0,cetuximab,biological,2,2,NA,0
NCT00409292,NA,2006,2,0,NA,0,0,1,0,DRUG,0,academic,3,3,NA,1,rad001,drug,0,0,NA,1
NCT00410774,0,2006,1,0,NA,0,0,1,0,BIOLOGICAL,1,academic,1,1,1,0,bevacizumab,biological,6,6,0.5,0
NCT00414570,0,2006,0.5,0,NA,0,0,1,0,DRUG,0,unknown,0,0,NA,0,18 f flt pet scan,drug,0,0,NA,1
NCT00415454,0,2006,1,0,NA,0,0,1,0,GENETIC,0,unknown,0,0,NA,0,ad5 ycd muttksr39rep adp,genetic,0,0,NA,1
NCT00416507,NA,2006,3,0,NA,0,0,NA,0,DRUG,0,unknown,0,0,NA,0,fluorouracil,drug,7,7,1,0
NCT00416793,0,2006,2,0,NA,0,0,1,0,DRUG,1,academic,14,13,0.667,1,bortezomib,drug,1,1,NA,0
NCT00417209,NA,2006,3,0,NA,0,0,21,1,DRUG,0,big_pharma,1,1,NA,0,larotaxel xrp9881,drug,0,0,NA,1
NCT00417287,0,2006,2,0,NA,0,0,1,0,DRUG,0,biotech,0,0,NA,0,px 12,drug,0,0,NA,1
NCT00424827,NA,2007,2,0,NA,0,0,NA,0,DRUG,0,academic,0,0,NA,0,gemcitabine fluorouracil with external beam radiation,drug,0,0,NA,1
NCT00425360,NA,2007,3,0,NA,0,0,1,0,BIOLOGICAL,1,academic,1,1,1,0,sargramostim,biological,0,0,NA,1
NCT00425841,NA,2007,2,0,NA,0,0,1,0,DRUG,1,academic,0,0,NA,0,gemcitabine hydrochloride,drug,14,8,1,0
NCT00426127,0,2007,2,0,NA,0,0,1,0,DRUG,0,academic,0,0,NA,0,docetaxel,drug,0,0,NA,1
NCT00429858,0,2007,2,0,NA,0,0,1,0,DRUG,0,unknown,0,0,NA,0,s 1,drug,0,0,NA,1
NCT00436267,NA,2007,2,0,NA,0,0,1,0,DRUG,1,unknown,0,0,NA,0,fluorouracil,drug,9,6,1,0
NCT00436423,NA,2007,2,0,NA,0,0,1,0,DRUG,0,academic,0,0,NA,0,gemcitabine ts 1,drug,0,0,NA,1
NCT00438256,1,2007,1,0,NA,0,0,1,0,PROCEDURE,1,academic,2,2,0,0,proton beam radiation,procedure,0,0,NA,1
NCT00448838,NA,2007,NA,NA,NA,0,0,1,0,BIOLOGICAL,1,academic,1,1,NA,0,cetuximab,biological,7,7,0,0
NCT00456599,1,2007,2,0,NA,0,0,2,1,DRUG,1,academic,3,3,0,0,gemcitabine,drug,12,12,0.5,0
NCT00460174,1,2007,2,0,NA,0,0,1,0,BIOLOGICAL,1,academic,1,1,0,0,bevacizumab,biological,10,10,0.25,0
NCT00462852,1,2007,2,0,NA,0,0,1,0,DRUG,1,academic,0,0,NA,0,dalteparin,drug,1,1,0,0
NCT00463840,0,2007,1,0,NA,0,0,1,0,DRUG,1,unknown,1,0,NA,0,oxaliplatin,drug,3,3,NA,0
NCT00470535,0,2007,2,0,NA,0,0,1,0,DRUG,1,academic,1,1,NA,0,erlotinib hydrochloride,drug,4,3,NA,0
NCT00471146,1,2007,3,0,NA,0,0,24,1,DRUG,0,big_pharma,3,2,1,0,ag 013736,drug,0,0,NA,1
NCT00474812,NA,2007,2,0,NA,0,0,1,0,DRUG,1,academic,19,17,0.6,1,dasatinib,drug,0,0,NA,1
NCT00478010,NA,2007,NA,NA,NA,0,0,1,0,OTHER,1,academic,7,7,0,1,counseling intervention,other,0,0,NA,1
NCT00480584,NA,2007,1,0,NA,0,0,1,0,DRUG,0,academic,0,0,NA,0,gemcitabine,drug,12,12,0.5,0
NCT00482625,0,2007,2,0,NA,0,0,1,0,DRUG,1,academic,19,17,0.6,1,erlotinib hydrochloride,drug,4,3,NA,0
NCT00486460,NA,2007,3,0,NA,0,0,1,0,DRUG,0,academic,0,0,NA,0,gemcitabine,drug,12,12,0.5,0
NCT00489671,NA,2007,NA,NA,NA,0,0,NA,0,NA,0,academic,2,1,0,0,biomarker,NA,0,0,NA,1
NCT00490373,NA,2007,2,0,NA,0,0,1,0,DRUG,0,big_pharma,4,4,0,1,pemetrexed,drug,0,0,NA,1
NCT00493441,0,2007,2,0,NA,0,0,1,0,DRUG,0,biotech,0,0,NA,0,avn944,drug,0,0,NA,1
NCT00495924,1,2007,NA,NA,NA,0,0,1,0,PROCEDURE,0,unknown,0,0,NA,0,pancreatic resection pd,procedure,0,0,NA,1
NCT00497224,1,2007,2,0,NA,0,0,1,0,DRUG,0,academic,2,2,NA,0,erlotinib,drug,0,0,NA,1
NCT00498225,1,2007,3,0,NA,0,0,2,1,DRUG,0,biotech,0,0,NA,0,gemcitabine plus ts 1,drug,0,0,NA,1
NCT00499265,NA,2007,2,0,NA,0,0,6,1,DRUG,0,biotech,0,0,NA,0,gemcitabine hydrochloride,drug,14,8,1,0
NCT00499486,NA,2007,2,0,NA,0,0,1,0,DRUG,0,academic,7,7,0,1,sirolimus,drug,0,0,NA,1
NCT00504998,NA,2007,1,0,NA,0,0,1,0,GENETIC,0,biotech,1,1,0,0,rexin g,genetic,0,0,NA,1
NCT00514163,NA,2007,2,0,NA,0,0,1,0,DRUG,0,academic,0,0,NA,0,gemcitabine s 1,drug,0,0,NA,1
NCT00515866,1,2007,1,0,NA,0,0,2,1,DRUG,0,big_pharma,2,2,NA,0,ku 0059436 azd2281 parp inhibitor,drug,0,0,NA,1
NCT00521404,NA,2007,2,0,NA,0,0,1,0,DRUG,0,unknown,1,0,NA,0,cs 1008 humanized anti dr5 antibody,drug,0,0,NA,1
NCT00524069,0,2007,NA,NA,NA,0,0,NA,0,BIOLOGICAL,1,academic,1,1,NA,0,bevacizumab,biological,10,10,0.25,0
NCT00526578,NA,2007,NA,NA,NA,0,0,1,0,BEHAVIORAL,0,academic,5,4,1,1,questionnaire,behavioral,0,0,NA,1
NCT00529113,0,2007,1,0,NA,0,0,1,0,DRUG,0,unknown,0,0,NA,0,bardoxolone methyl,drug,0,0,NA,1
NCT00536614,1,2007,2,0,NA,0,0,1,0,GENETIC,0,unknown,0,0,NA,0,cetuximab,genetic,7,7,0,0
NCT00536770,0,2007,2,0,NA,0,0,1,0,DRUG,0,unknown,0,0,NA,0,placebo gemcitabine erlotinib,drug,0,0,NA,1
NCT00536874,1,2007,2,0,NA,0,0,1,0,DRUG,1,academic,4,3,NA,1,gemcitabine hydrochloride,drug,14,8,1,0
NCT00541021,NA,2007,3,0,NA,0,0,1,0,DRUG,0,unknown,0,0,NA,0,gemcitabine hydrochloride,drug,14,8,1,0
NCT00544908,0,2007,2,0,NA,0,0,1,0,DRUG,1,academic,0,0,NA,0,dasatinib,drug,0,0,NA,1
NCT00547144,NA,2007,1,0,NA,0,0,1,0,DRUG,1,unknown,1,1,NA,0,gemcitabine,drug,12,12,0.5,0
NCT00547612,NA,2007,1,0,NA,0,0,1,0,OTHER,1,academic,0,0,NA,0,high performance liquid chromatography,other,0,0,NA,1
NCT00548626,NA,2007,NA,NA,NA,0,0,1,0,PROCEDURE,0,academic,2,2,1,0,single needle,procedure,0,0,NA,1
NCT00550836,1,2007,2,0,NA,0,0,1,0,BIOLOGICAL,1,academic,4,2,NA,1,panitumumab,biological,0,0,NA,1
NCT00551057,NA,2007,NA,NA,NA,0,0,1,0,BEHAVIORAL,0,academic,0,0,NA,0,expression type,behavioral,0,0,NA,1
NCT00553813,0,2007,2,0,NA,0,0,2,1,DRUG,0,biotech,0,0,NA,0,tpi 287,drug,0,0,NA,1
NCT00556023,1,2007,1,0,NA,0,0,2,1,DRUG,0,big_pharma,2,2,NA,0,cp 675 206 and gemcitabine,drug,0,0,NA,1
NCT00557596,0,2007,1,0,NA,0,0,1,0,DRUG,0,biotech,0,0,NA,0,aeg35156,drug,0,0,NA,1
NCT00558207,NA,2007,2,0,NA,1,0,1,0,DRUG,0,big_pharma,1,1,NA,0,arq 197,drug,0,0,NA,1
NCT00559598,NA,2007,NA,NA,NA,0,0,NA,0,GENETIC,1,academic,0,0,NA,0,proteomic profiling,genetic,0,0,NA,1
NCT00561990,1,2007,2,0,NA,0,0,1,0,DRUG,0,unknown,0,0,NA,0,nimotuzumab,drug,0,0,NA,1
NCT00564720,0,2007,2,0,NA,0,0,1,0,DRUG,0,unknown,0,0,NA,0,gemcitabine,drug,12,12,0.5,0
NCT00565487,NA,2007,1,0,NA,0,0,1,0,DRUG,0,academic,1,1,NA,0,capecitabine tarceva,drug,0,0,NA,1
NCT00568646,NA,2007,2,0,NA,0,0,1,0,DRUG,0,biotech,0,0,NA,0,mkc 1,drug,0,0,NA,1
NCT00569387,1,2007,2,0,NA,0,0,1,0,BIOLOGICAL,0,biotech,1,1,NA,0,hyperacute r pancreatic cancer vaccine,biological,0,0,NA,1
NCT00570713,NA,2007,2,0,NA,0,0,5,1,DRUG,0,unknown,1,1,NA,0,morab 009,drug,1,1,NA,0
NCT00574275,0,2007,3,0,NA,0,0,24,1,DRUG,0,big_pharma,2,2,NA,0,aflibercept ziv aflibercept ave0005 vegf trap zaltrap,drug,0,0,NA,1
NCT00577889,NA,2007,2,0,NA,0,0,1,0,DRUG,0,academic,19,17,0.6,1,gemcitabine hydrochloride,drug,14,8,1,0
NCT00578279,NA,2007,4,0,NA,0,0,1,0,DRUG,0,academic,0,0,NA,0,dehydrated alcohol,drug,0,0,NA,1
NCT00582062,NA,2007,NA,NA,NA,0,0,1,0,OTHER,0,academic,4,3,NA,1,washings for experimental marker testing,other,0,0,NA,1
NCT00582699,1,2007,NA,NA,NA,0,0,1,0,BEHAVIORAL,0,academic,4,3,NA,1,assessment interview and blood draw,behavioral,0,0,NA,1
NCT00585078,NA,2007,2,0,NA,0,0,1,0,DRUG,0,academic,1,1,NA,0,capecitabine,drug,6,6,0.5,0
NCT00587132,0,2007,1,0,NA,0,0,1,0,DRUG,0,academic,0,0,NA,0,synthetic human secretin,drug,0,0,NA,1
NCT00593008,0,2007,1,0,NA,0,0,1,0,DRUG,0,academic,2,2,0,0,temsirolimus,drug,1,1,NA,0
NCT00593866,NA,2008,1,0,NA,0,0,1,0,RADIATION,1,academic,4,4,0.5,1,intensity modulated radiotherapy,radiation,0,0,NA,1
NCT00599833,NA,2008,2,0,NA,0,0,1,0,BIOLOGICAL,1,unknown,0,0,NA,0,cetuximab,biological,9,8,0.333,0
NCT00600002,NA,2008,1,0,NA,0,0,1,0,BIOLOGICAL,0,unknown,0,0,NA,0,gm csf,biological,0,0,NA,1
NCT00601627,1,2008,2,0,NA,0,0,1,0,BIOLOGICAL,1,academic,5,3,1,1,panitumumab,biological,1,1,1,0
NCT00602602,NA,2008,2,0,NA,0,0,1,0,BIOLOGICAL,1,academic,1,1,NA,0,bevacizumab,biological,12,11,0.333,0
NCT00602745,0,2008,3,0,NA,0,0,17,1,DRUG,0,big_pharma,3,3,0,0,s 1,drug,1,1,0,0
NCT00603863,NA,2008,1,0,NA,0,0,1,0,BIOLOGICAL,0,unknown,1,0,NA,0,immu 107 hpam4,biological,0,0,NA,1
NCT00609336,NA,2008,2,0,NA,0,0,1,0,DRUG,1,academic,0,0,NA,0,gemcitabine hydrochloride,drug,19,12,1,0
NCT00614601,0,2008,2,0,NA,0,0,1,0,BIOLOGICAL,0,biotech,2,2,1,0,hyperacute r pancreatic cancer vaccine,biological,1,1,1,0
NCT00614653,NA,2008,1,0,NA,0,0,1,0,DRUG,1,academic,6,4,1,1,bevacizumab,drug,12,11,0.333,0
NCT00617708,NA,2008,1,0,NA,0,0,1,0,BIOLOGICAL,1,academic,22,16,0.5,1,cixutumumab,biological,0,0,NA,1
NCT00622622,1,2008,1,0,NA,0,0,1,0,BIOLOGICAL,0,academic,0,0,NA,0,vegfr2 169 and gemcitabine,biological,0,0,NA,1
NCT00625586,0,2008,2,0,NA,0,0,1,0,BIOLOGICAL,1,unknown,0,0,NA,0,rav12,biological,0,0,NA,1
NCT00630552,NA,2008,1,0,NA,0,0,1,0,OTHER,1,biotech,0,0,NA,0,placebo,other,0,0,NA,1
NCT00634725,1,2008,3,0,NA,0,0,1,0,DRUG,1,unknown,5,3,NA,1,capecitabine,drug,7,6,0.5,0
NCT00636883,0,2008,2,0,NA,0,0,1,0,DRUG,0,unknown,0,0,NA,0,gemcitabine,drug,17,17,0.5,0
NCT00637247,NA,2008,2,0,NA,1,0,1,0,DRUG,1,biotech,1,1,NA,0,imexon in combination with gemcitabine,drug,0,0,NA,1
NCT00637364,0,2008,1,0,NA,0,0,1,0,PROCEDURE,0,biotech,0,0,NA,0,high intensity focused ultrasound hifu,procedure,0,0,NA,1
NCT00637728,0,2008,3,0,NA,0,0,1,0,DRUG,0,biotech,0,0,NA,0,megestrol acetate concentrated suspension 110 mg ml,drug,0,0,NA,1
NCT00639925,NA,2008,1,0,NA,0,0,1,0,BIOLOGICAL,0,academic,0,0,NA,0,vegfr1 1084 vegfr2 169 and gemcitabine,biological,0,0,NA,1
NCT00640978,0,2008,2,0,NA,0,0,1,0,DRUG,0,academic,6,4,1,1,rad001,drug,1,1,NA,0
NCT00642733,0,2008,4,0,NA,0,0,NA,0,DRUG,0,big_pharma,0,0,NA,0,erlotinib tarceva,drug,0,0,NA,1
NCT00644254,NA,2008,NA,NA,NA,0,0,1,0,PROCEDURE,0,unknown,1,1,1,0,pancreatic resection,procedure,0,0,NA,1
NCT00651742,NA,2008,2,0,NA,0,0,NA,0,DRUG,0,biotech,0,0,NA,0,s 1,drug,1,1,0,0
NCT00652366,NA,2008,2,0,NA,0,0,NA,0,DRUG,0,big_pharma,0,0,NA,0,erlotinib escalating dose,drug,0,0,NA,1
NCT00655785,NA,2008,1,0,NA,0,0,1,0,BIOLOGICAL,1,academic,0,0,NA,0,vegfr1 1084 vegfr2 169,biological,0,0,NA,1
NCT00660348,0,2008,NA,NA,NA,0,0,1,0,DRUG,1,academic,9,9,0,1,morphine sulfate,drug,0,0,NA,1
NCT00661882,1,2008,NA,NA,NA,0,0,1,0,OTHER,1,academic,1,1,NA,0,medical chart review,other,0,0,NA,1
NCT00662688,0,2008,3,0,NA,0,0,1,0,DRUG,0,unknown,5,3,NA,1,dalt parine,drug,0,0,NA,1
NCT00667082,NA,2008,1,0,NA,0,0,1,0,DRUG,0,unknown,1,1,1,0,npi 0052 marizomib vorinostat,drug,0,0,NA,1
NCT00673504,NA,2008,2,0,NA,0,0,2,1,DRUG,0,unknown,0,0,NA,0,gemcitabine sunitinib,drug,0,0,NA,1
NCT00674973,1,2008,2,0,NA,0,0,1,0,DRUG,0,big_pharma,0,0,NA,0,erlotinib,drug,1,1,1,0
NCT00679913,1,2008,3,0,NA,0,0,1,0,PROCEDURE,0,academic,0,0,NA,0,standard pancreatoduodenectomy,procedure,0,0,NA,1
NCT00683085,0,2008,1,0,NA,0,0,1,0,BIOLOGICAL,0,academic,0,0,NA,0,hla a 02 01 restricted vegfr1 derived peptide vaccination,biological,0,0,NA,1
NCT00684801,1,2008,NA,NA,NA,0,0,1,0,OTHER,1,academic,1,1,NA,0,questionnaire administration,other,0,0,NA,1
NCT00690300,NA,2008,2,0,NA,0,0,1,0,DRUG,0,academic,0,0,NA,0,docetaxel,drug,1,1,0,0
NCT00691054,NA,2008,2,0,NA,0,0,2,1,DRUG,0,academic,2,2,NA,0,abraxane,drug,0,0,NA,1
NCT00696696,NA,2008,2,0,NA,0,0,1,0,DRUG,0,unknown,2,1,0,0,gemcitabine,drug,17,17,0.5,0
NCT00707278,NA,2008,1,0,NA,0,0,1,0,RADIATION,1,academic,0,0,NA,0,radiation therapy,radiation,0,0,NA,1
NCT00709826,NA,2008,2,0,NA,0,0,1,0,DRUG,0,biotech,0,0,NA,0,gemcitabine,drug,17,17,0.5,0
NCT00710710,NA,2008,2,0,NA,1,0,2,1,DRUG,0,unknown,0,0,NA,0,bi 2536,drug,0,0,NA,1
NCT00711997,NA,2008,1,0,NA,0,0,2,1,BIOLOGICAL,0,biotech,0,0,NA,0,dta h19,biological,0,0,NA,1
NCT00726037,0,2008,2,0,NA,0,0,1,0,DRUG,0,academic,0,0,NA,0,ontak,drug,0,0,NA,1
NCT00727441,NA,2008,2,0,NA,0,0,1,0,BIOLOGICAL,1,academic,9,9,0,1,gvax pancreatic cancer vaccine,biological,0,0,NA,1
NCT00728000,0,2008,2,0,NA,0,0,1,0,DRUG,0,academic,0,0,NA,0,gemcitabine,drug,17,17,0.5,0
NCT00733746,NA,2008,2,0,NA,0,0,2,1,DRUG,1,academic,5,3,1,1,erlotinib hydrochloride,drug,6,5,0,0
NCT00733850,1,2008,2,0,NA,0,0,1,0,DRUG,0,unknown,0,0,NA,0,kanglaite injection plus gemcitabine,drug,0,0,NA,1
NCT00735306,NA,2008,1,0,NA,0,0,1,0,DRUG,1,academic,1,0,0,0,avastin,drug,0,0,NA,1
NCT00735917,NA,2008,2,0,NA,0,0,3,1,DRUG,1,academic,22,16,0.5,1,saracatinib,drug,0,0,NA,1
NCT00761241,NA,2008,2,0,NA,0,0,1,0,DRUG,1,academic,0,0,NA,0,gemcitabine docetaxel 5fu oxaliplatin,drug,0,0,NA,1
NCT00761345,NA,2008,1,0,NA,0,0,1,0,DRUG,1,academic,1,1,0,0,gemcitabine,drug,17,17,0.5,0
NCT00769483,1,2008,1,0,NA,0,0,1,0,DRUG,0,academic,6,4,1,1,mk 0646,drug,0,0,NA,1
NCT00769652,0,2008,NA,NA,NA,0,0,1,0,BEHAVIORAL,0,academic,0,0,NA,0,medical nutrition therapy,behavioral,0,0,NA,1
NCT00783172,0,2008,1,0,NA,0,0,1,0,DRUG,1,academic,2,2,NA,0,gemcitabine,drug,17,17,0.5,0
NCT00785421,1,2008,2,0,NA,0,0,1,0,DRUG,0,unknown,0,0,NA,0,enoxaparin,drug,0,0,NA,1
NCT00786006,NA,2008,2,0,NA,1,0,1,0,DRUG,0,academic,0,0,NA,0,folfiri 3,drug,0,0,NA,1
NCT00786058,NA,2008,NA,NA,NA,0,0,NA,0,DRUG,0,unknown,0,0,NA,0,off in experimental arm,drug,0,0,NA,1
NCT00789633,1,2008,3,0,NA,0,0,5,1,DRUG,0,unknown,0,0,NA,0,masitinib,drug,0,0,NA,1
NCT00795977,NA,2008,1,0,NA,0,0,1,0,BIOLOGICAL,0,academic,0,0,NA,0,dendritic cells ok 432,biological,0,0,NA,1
NCT00805688,NA,2008,NA,NA,NA,0,0,1,0,BEHAVIORAL,1,academic,6,4,1,1,questionnaires,behavioral,0,0,NA,1
NCT00810719,1,2008,2,0,NA,0,0,1,0,DRUG,0,academic,0,0,NA,0,erlotinib,drug,1,1,1,0
NCT00810953,NA,2008,1,0,NA,0,0,1,0,DRUG,0,biotech,0,0,NA,0,pentamidine,drug,0,0,NA,1
NCT00813163,1,2008,2,0,NA,0,0,2,1,DRUG,0,biotech,0,0,NA,0,pep02,drug,0,0,NA,1
NCT00813696,NA,2008,3,0,NA,0,0,1,0,DRUG,0,unknown,0,0,NA,0,gemcitabine,drug,17,17,0.5,0
NCT00826982,NA,2009,NA,NA,NA,0,0,1,0,NA,0,academic,1,1,0,0,observational non therapeutic,NA,0,0,NA,1
NCT00830557,NA,2009,NA,NA,NA,0,0,1,0,OTHER,0,academic,1,1,0,0,medical chart review,other,1,1,1,0
NCT00831493,0,2009,1,0,NA,0,0,1,0,RADIATION,1,academic,10,7,0.667,1,chemoradiation radiation therapy,radiation,0,0,NA,1
NCT00835133,NA,2009,NA,NA,NA,0,0,1,0,OTHER,0,academic,1,1,0,0,biologic sample preservation procedure,other,0,0,NA,1
NCT00836407,1,2009,1,0,NA,0,0,1,0,DRUG,1,academic,11,11,0,1,ipilimumab,drug,1,1,NA,0
NCT00837135,0,2009,1,0,NA,0,0,NA,0,OTHER,1,academic,0,0,NA,0,screening,other,0,0,NA,1
NCT00837239,NA,2009,2,0,NA,0,0,1,0,DRUG,0,academic,10,7,0.667,1,gemcitabine,drug,24,22,0.364,0
NCT00837876,NA,2009,2,0,NA,0,0,1,0,DRUG,0,academic,0,0,NA,0,sorafenib,drug,0,0,NA,1
NCT00839332,1,2009,1,0,NA,0,0,6,1,DRUG,0,big_pharma,5,4,0,1,ly2603618,drug,0,0,NA,1
NCT00841035,0,2009,2,0,NA,0,0,1,0,DRUG,0,academic,0,0,NA,0,erlotinib,drug,3,3,1,0
NCT00851955,NA,2009,NA,NA,NA,0,0,1,0,NA,0,academic,1,1,0,0,biomarker,NA,3,3,NA,0
NCT00854477,NA,2009,4,0,NA,0,0,1,0,DRUG,0,academic,0,0,NA,0,capecitabine,drug,8,7,0.667,0
NCT00855634,0,2009,NA,NA,NA,0,0,1,0,PROCEDURE,0,academic,1,1,NA,0,resection of metastases,procedure,0,0,NA,1
NCT00862524,NA,2009,1,0,NA,0,0,1,0,DRUG,0,biotech,0,0,NA,0,arry 334543 egfr erbb2 inhibitor oral,drug,0,0,NA,1
NCT00867126,0,2009,0.5,0,NA,0,0,1,0,DRUG,1,academic,0,0,NA,0,pioglitazone hydrochloride,drug,0,0,NA,1
NCT00868114,0,2009,2,0,NA,0,0,1,0,BIOLOGICAL,0,academic,0,0,NA,0,klh pulsed autologous dendritic cell vaccine,biological,0,0,NA,1
NCT00871169,NA,2009,2,0,NA,0,0,1,0,DRUG,0,unknown,0,0,NA,0,irinotecan oxaliplatin and cetuximab,drug,0,0,NA,1
NCT00873353,NA,2009,2,0,NA,0,0,1,0,DRUG,0,unknown,0,0,NA,0,capecitabine erlotinib,drug,0,0,NA,1
NCT00878657,0,2009,1,0,NA,0,0,1,0,DRUG,1,academic,1,1,0,0,gemcitabine hydrochloride,drug,20,11,1,0
NCT00882310,NA,2009,2,0,NA,0,0,NA,0,DRUG,0,academic,1,0,0,0,gemcitabine,drug,24,22,0.364,0
NCT00882765,0,2009,2,0,NA,0,0,1,0,DIETARY_SUPPLEMENT,0,academic,0,0,NA,0,genistein,dietary_supplement,1,1,NA,0
NCT00882973,NA,2009,1,0,NA,0,0,NA,0,DRUG,0,biotech,0,0,NA,0,genexol pm,drug,0,0,NA,1
NCT00885066,NA,2009,1,0,NA,0,0,1,0,DRUG,0,academic,0,0,NA,0,capecitabine,drug,8,7,0.667,0
NCT00885248,NA,2009,NA,NA,NA,0,0,1,0,NA,0,academic,1,1,NA,0,imaging diagnostics,NA,2,2,NA,0
NCT00889187,0,2009,1,0,NA,0,0,1,0,RADIATION,1,academic,4,4,NA,1,neoadjuvant short course photon radiation,radiation,0,0,NA,1
NCT00897494,NA,2009,NA,NA,NA,0,0,1,0,GENETIC,1,academic,2,1,NA,0,protein expression analysis,genetic,0,0,NA,1
NCT00897741,NA,2009,NA,NA,NA,0,0,1,0,GENETIC,1,academic,2,1,NA,0,microarray analysis,genetic,0,0,NA,1
NCT00897832,NA,2009,NA,NA,NA,0,0,1,0,OTHER,0,academic,0,0,NA,0,laboratory biomarker analysis,other,0,0,NA,1
NCT00898287,NA,2009,1,0,NA,0,0,1,0,DRUG,0,unknown,0,0,NA,0,p276 00,drug,0,0,NA,1
NCT00898482,NA,2009,NA,NA,NA,0,0,NA,0,OTHER,0,academic,11,11,0,1,this is a non intervention study for all groups,other,0,0,NA,1
NCT00898781,0,2009,NA,NA,NA,0,0,1,0,NA,0,academic,1,1,0,0,advanced disease,NA,55,55,0,0
NCT00899132,0,2009,NA,NA,NA,0,0,1,0,GENETIC,1,academic,2,2,1,0,in situ hybridization,genetic,0,0,NA,1
NCT00899158,NA,2009,NA,NA,NA,0,0,1,0,OTHER,1,academic,2,2,1,0,immunologic technique,other,0,0,NA,1
NCT00900003,NA,2009,NA,NA,NA,0,0,1,0,GENETIC,1,academic,0,0,NA,0,protein analysis,genetic,0,0,NA,1
NCT00900016,NA,2009,NA,NA,NA,0,0,1,0,GENETIC,1,academic,2,1,0,0,protein expression analysis,genetic,0,0,NA,1
NCT00902291,1,2009,2,0,NA,0,0,5,1,BIOLOGICAL,0,biotech,0,0,NA,0,ags 1c4d4,biological,0,0,NA,1
NCT00902733,NA,2009,NA,NA,NA,0,0,1,0,OTHER,1,academic,1,1,0,0,medical chart review,other,1,1,1,0
NCT00910741,NA,2009,1,0,NA,0,0,2,1,DRUG,0,biotech,0,0,NA,0,nanoplatin nc 6004 and gemcitabine,drug,0,0,NA,1
NCT00912717,NA,2009,NA,NA,NA,0,0,1,0,NA,0,academic,3,1,0,0,observational non therapeutic,NA,0,0,NA,1
NCT00913198,NA,2009,2,0,NA,0,0,2,1,DRUG,0,biotech,0,0,NA,0,iv cp 4126,drug,0,0,NA,1
NCT00919282,1,2009,2,0,NA,0,0,1,0,DRUG,0,unknown,2,2,1,0,gemcitabine folinic acid 5 fu,drug,0,0,NA,1
NCT00920023,NA,2009,4,0,NA,0,0,1,0,DRUG,0,academic,4,4,0.333,0,superparamagnetic iron oxide magnetic resonance imaging,drug,0,0,NA,1
NCT00922896,1,2009,2,0,NA,0,0,1,0,DRUG,0,academic,0,0,NA,0,gemcitabine cisplatin erlotinib tarceva,drug,0,0,NA,1
NCT00923299,1,2009,1,0,NA,0,0,1,0,DRUG,0,unknown,0,0,NA,0,cetuximab,drug,10,9,0.333,0
NCT00925769,NA,2009,1,0,NA,0,0,NA,0,DRUG,0,big_pharma,3,3,0.5,0,bevacizumab avastin,drug,0,0,NA,1
NCT00936104,1,2009,NA,NA,NA,0,0,1,0,NA,0,academic,0,0,NA,0,surgical,NA,2,2,NA,0
NCT00944463,NA,2009,2,0,NA,0,0,1,0,DRUG,0,academic,0,0,NA,0,gemcitabine simvastatin,drug,0,0,NA,1
NCT00947102,NA,2009,NA,NA,NA,0,0,1,0,OTHER,0,academic,0,0,NA,0,observation,other,0,0,NA,1
NCT00950144,NA,2009,NA,NA,NA,0,0,1,0,OTHER,1,academic,1,1,0,0,medical chart review,other,1,1,1,0
NCT00954525,1,2009,1,0,NA,0,0,1,0,DRUG,1,academic,0,0,NA,0,gemcitabine and erlotinib,drug,0,0,NA,1
NCT00960284,NA,2009,2,0,NA,0,0,1,0,DRUG,0,unknown,0,0,NA,0,capecitabine,drug,8,7,0.667,0
NCT00962312,NA,2009,2,0,NA,0,0,1,0,DRUG,0,unknown,0,0,NA,0,capecitabine,drug,8,7,0.667,0
NCT00964171,NA,2009,2,0,NA,0,0,1,0,DRUG,0,unknown,1,1,NA,0,efavirenz 600mg,drug,0,0,NA,1
NCT00965718,1,2009,2,0,NA,0,0,1,0,BIOLOGICAL,0,biotech,0,0,NA,0,activated t lymphocyte,biological,0,0,NA,1
NCT00966277,1,2009,4,0,NA,0,0,1,0,DRUG,0,academic,10,7,0.667,1,dalteparin,drug,2,1,0.5,0
NCT00966706,NA,2009,2,0,NA,0,0,1,0,DRUG,0,unknown,0,0,NA,0,capecitabine,drug,8,7,0.667,0
NCT00967603,NA,2009,2,0,NA,0,0,1,0,DRUG,0,unknown,0,0,NA,0,sunitinib,drug,0,0,NA,1
NCT00968175,NA,2009,NA,NA,NA,0,0,1,0,PROCEDURE,0,academic,0,0,NA,0,ultrasound guided celiac plexus neurolysis cpn,procedure,0,0,NA,1
NCT00968604,0,2009,1,0,NA,0,0,NA,0,GENETIC,0,academic,10,7,0.667,1,bikdd nanoparticle,genetic,0,0,NA,1
NCT00974610,NA,2009,NA,NA,NA,0,0,1,0,NA,0,unknown,0,0,NA,0,imaging diagnostics,NA,2,2,NA,0
NCT00983268,NA,2009,1,0,NA,0,0,1,0,DRUG,1,academic,0,0,NA,0,capecitabine,drug,8,7,0.667,0
NCT00987766,NA,2009,1,0,NA,0,0,1,0,DRUG,1,academic,0,0,NA,0,erlotinib hydrochloride,drug,7,5,0,0
NCT00994721,1,2008,NA,NA,NA,0,0,1,0,NA,0,academic,1,1,NA,0,resectable disease,NA,3,3,NA,0
NCT00996333,NA,2009,2,0,NA,0,0,1,0,DRUG,0,academic,1,0,0,0,gemcitabine docetaxel capecitabine,drug,0,0,NA,1
NCT00997958,NA,2009,1,0,NA,0,0,1,0,DRUG,0,academic,1,0,0,0,mycophenolate mofetil,drug,0,0,NA,1
NCT00998322,1,2009,2,0,NA,0,0,1,0,BIOLOGICAL,1,biotech,0,0,NA,0,reolysin,biological,0,0,NA,1
NCT01010945,NA,2009,1,0,NA,0,0,1,0,DRUG,0,biotech,1,0,1,0,erlotinib,drug,3,3,1,0
NCT01013649,1,2009,3,0,NA,0,0,4,1,RADIATION,1,academic,24,16,0.5,1,3 dimensional conformal radiation therapy,radiation,1,1,NA,0
NCT01015820,NA,2009,NA,NA,NA,0,0,1,0,PROCEDURE,1,academic,1,1,0,0,egd with eus,procedure,0,0,NA,1
NCT01016483,1,2009,1,0,NA,0,0,2,1,DRUG,0,unknown,0,0,NA,0,pimasertib,drug,0,0,NA,1
NCT01017822,0,2009,1,0,NA,0,0,NA,0,BIOLOGICAL,1,unknown,1,0,NA,0,conatumumab,biological,0,0,NA,1
NCT01019382,1,2009,2,0,NA,0,0,1,0,DRUG,0,academic,0,0,NA,0,lipidem fish oil infusion gemcitabine chemotherapy,drug,0,0,NA,1
NCT01020006,NA,2009,2,0,NA,0,0,1,0,DRUG,0,biotech,0,0,NA,0,pci 27483,drug,0,0,NA,1
NCT01025570,0,2009,1,0,NA,0,0,1,0,DRUG,0,academic,3,3,0.5,0,gemcitabine bosutinib,drug,0,0,NA,1
NCT01025882,0,2009,1,0,NA,0,0,1,0,DRUG,1,academic,0,0,NA,0,gemcitabine hydrochloride,drug,20,11,1,0
NCT01027221,1,2009,NA,NA,NA,0,0,1,0,RADIATION,0,academic,0,0,NA,0,neoadjuvant photon radiation,radiation,0,0,NA,1
NCT01028495,NA,2009,2,0,NA,0,0,2,1,DRUG,0,biotech,0,0,NA,0,rx 0201 plus gemcitabine,drug,0,0,NA,1
NCT01032057,NA,2009,2,0,NA,0,0,1,0,DRUG,1,unknown,0,0,NA,0,capecitabine,drug,8,7,0.667,0
NCT01042028,0,2010,1,0,NA,1,0,1,0,DRUG,0,unknown,0,0,NA,0,everolimus cetuximab irinotecan,drug,0,0,NA,1
NCT01048320,NA,2010,1,0,NA,0,0,1,0,DRUG,0,unknown,2,2,0,0,gemcitabine,drug,27,25,0.364,0
NCT01049880,NA,2010,1,0,NA,0,0,1,0,DRUG,0,unknown,0,0,NA,0,gemcitabine with escalating ascorbic acid,drug,0,0,NA,1
NCT01050283,0,2010,1,0,NA,0,0,NA,0,PROCEDURE,0,big_pharma,0,0,NA,0,comparator 18f fdg pet ct and volumetric ct,procedure,0,0,NA,1
NCT01050426,0,2009,2,0,NA,0,0,1,0,OTHER,0,unknown,1,1,NA,0,uft leucovorin,other,0,0,NA,1
NCT01051284,NA,2010,1,0,NA,0,0,1,0,RADIATION,0,academic,0,0,NA,0,cyberknife radiation and gemcitabine,radiation,0,0,NA,1
NCT01056601,0,2010,2,0,NA,0,0,1,0,DRUG,0,academic,1,1,0,0,bortezomib,drug,2,1,0,0
NCT01063192,NA,2009,2,0,NA,0,0,NA,0,DRUG,0,academic,2,2,1,0,gemcitabine,drug,24,22,0.364,0
NCT01064622,1,2010,2,0,NA,0,0,1,0,DRUG,1,academic,25,13,0.571,1,gemcitabine hydrochloride,drug,22,10,0.5,0
NCT01065870,NA,2010,2,0,NA,0,0,1,0,DRUG,0,academic,4,3,0,0,neoadjuvant gemcitabine capecitabine and docetaxel,drug,0,0,NA,1
NCT01068327,1,2010,1,0,NA,0,0,1,0,DRUG,1,academic,2,1,1,0,gemcitabine hydrochloride,drug,22,10,0.5,0
NCT01072981,1,2010,3,0,NA,0,0,1,0,BIOLOGICAL,1,biotech,3,3,0.5,0,hyperacute pancreas immunotherapy,biological,0,0,NA,1
NCT01074996,NA,2010,2,0,NA,0,0,1,0,DRUG,0,academic,0,0,NA,0,s 1,drug,3,3,0,0
NCT01077986,NA,2010,1,0,NA,0,0,1,0,DRUG,0,unknown,0,0,NA,0,capecitabine,drug,15,14,0.667,0
NCT01080248,0,2010,2,0,NA,0,0,1,0,DRUG,0,academic,0,0,NA,0,gemcitabine,drug,27,25,0.364,0
NCT01086332,0,2010,1,0,NA,0,0,NA,0,DRUG,0,academic,1,1,0,0,nelfinavir,drug,0,0,NA,1
NCT01092689,0,2010,1,0,NA,0,0,1,0,DRUG,0,academic,0,0,NA,0,phip,drug,0,0,NA,1
NCT01094626,0,2010,NA,NA,NA,0,0,NA,0,DRUG,0,unknown,0,0,NA,0,secretin,drug,0,0,NA,1
NCT01096732,0,2010,2,0,NA,0,0,1,0,DRUG,0,unknown,0,0,NA,0,gdc 0449,drug,0,0,NA,1
NCT01098344,NA,2010,1,0,NA,0,0,1,0,DRUG,1,unknown,1,0,NA,0,notch signaling pathway inhibitor mk0752,drug,0,0,NA,1
NCT01102569,NA,2010,NA,NA,NA,0,0,1,0,NA,0,academic,4,3,0,0,biomarker,NA,4,4,NA,0
NCT01104129,NA,2010,NA,NA,NA,0,0,1,0,NA,0,academic,4,3,0,0,biomarker,NA,4,4,NA,0
NCT01108458,0,2010,2,0,NA,0,0,1,0,DRUG,0,unknown,2,2,NA,0,pertuzumab,drug,0,0,NA,1
NCT01118897,NA,2010,1,0,NA,0,0,1,0,RADIATION,0,academic,0,0,NA,0,tomotherapy,radiation,0,0,NA,1
NCT01121848,1,2010,3,0,NA,1,0,1,0,DRUG,0,big_pharma,4,4,0,0,leucovorin,drug,0,0,NA,1
NCT01124786,NA,2010,2,0,NA,0,0,15,1,DRUG,0,biotech,0,0,NA,0,co 1 01,drug,0,0,NA,1
NCT01127815,NA,2010,NA,NA,NA,0,0,NA,0,NA,0,academic,1,1,NA,0,imaging diagnostics,NA,6,6,NA,0
NCT01129167,NA,2010,NA,NA,NA,0,0,1,0,NA,0,academic,4,3,0,0,supportive outcomes,NA,2,2,NA,0
NCT01130142,1,2010,1,0,NA,0,0,2,1,DRUG,0,biotech,0,0,NA,0,ipi 926 plus gemcitabine,drug,0,0,NA,1
NCT01138124,NA,2010,NA,NA,NA,0,0,NA,0,DRUG,0,big_pharma,0,0,NA,0,gabapentin prescriptions,drug,0,0,NA,1
NCT01144455,1,2010,2,0,NA,0,0,1,0,DRUG,0,unknown,0,0,NA,0,gemzar gemcitabine,drug,0,0,NA,1
NCT01146054,NA,2010,2,0,NA,0,0,1,0,DEVICE,1,academic,1,1,NA,0,cyberknife based stereotactic radiotherapy,device,0,0,NA,1
NCT01150630,1,2010,2,0,NA,0,0,1,0,DRUG,0,unknown,3,3,NA,0,capecitabine,drug,15,14,0.667,0
NCT01161186,NA,2010,1,0,NA,0,0,1,0,DRUG,0,academic,4,4,0.333,0,nab paclitaxel gemcitabine capecitabine,drug,0,0,NA,1
NCT01167738,0,2010,2,0,NA,0,0,1,0,DRUG,0,unknown,3,3,NA,0,capecitabine,drug,15,14,0.667,0
NCT01167816,0,2010,1,0,NA,0,0,1,0,DRUG,0,academic,1,1,NA,0,vidaza,drug,0,0,NA,1
NCT01175733,NA,2010,1,0,NA,0,0,1,0,DRUG,0,unknown,0,0,NA,0,panitumumab,drug,2,2,1,0
NCT01181245,NA,2009,1,0,NA,0,0,1,0,DRUG,0,unknown,0,0,NA,0,fg 3019,drug,0,0,NA,1
NCT01182246,NA,2010,1,0,NA,0,0,1,0,DRUG,0,biotech,0,0,NA,0,axp107 11,drug,0,0,NA,1
NCT01186731,NA,2010,2,0,NA,0,0,1,0,DRUG,0,biotech,0,0,NA,0,liposome entrapped docetaxel le dt,drug,0,0,NA,1
NCT01189929,NA,2010,1,0,NA,0,0,3,1,DRUG,0,biotech,0,0,NA,0,demcizumab,drug,0,0,NA,1
NCT01191684,NA,2010,1,0,NA,0,0,1,0,OTHER,1,academic,3,3,0,0,laboratory biomarker analysis,other,1,1,NA,0
NCT01192763,0,2010,1,0,NA,0,0,1,0,DRUG,1,academic,25,13,0.571,1,gamma secretase notch signalling pathway inhibitor ro4929097,drug,0,0,NA,1
NCT01195415,NA,2010,2,0,NA,0,0,1,0,DRUG,1,academic,25,13,0.571,1,gemcitabine hydrochloride,drug,22,10,0.5,0
NCT01196247,NA,2010,2,0,NA,0,0,1,0,DRUG,0,unknown,0,0,NA,0,drug will be recommended based on ihc fish cgh and pan xenobank,drug,0,0,NA,1
NCT01198522,0,2010,1,0,NA,0,0,2,1,DRUG,1,unknown,0,0,NA,0,l19il2 monoclonal antibody cytokine fusion protein in combination with gemcitabine,drug,0,0,NA,1
NCT01204372,1,2010,2,0,NA,0,0,1,0,DRUG,0,unknown,1,1,1,0,gemcitabine trastuzumab erlotinib,drug,0,0,NA,1
NCT01206296,0,2010,2,0,NA,0,0,1,0,DRUG,0,academic,0,0,NA,0,intraperitoneal gemcitabine,drug,0,0,NA,1
NCT01210911,1,2010,2,0,NA,0,0,1,0,DRUG,0,unknown,0,0,NA,0,gemcitabine,drug,27,25,0.364,0
NCT01214720,NA,2010,3,0,NA,0,0,NA,0,DRUG,0,big_pharma,4,4,0.5,0,bevacizumab avastin,drug,1,1,NA,0
NCT01218880,NA,2010,1,0,NA,0,0,1,0,DRUG,0,biotech,0,0,NA,0,m2es 7 5mg,drug,0,0,NA,1
NCT01219829,NA,2010,NA,NA,NA,0,0,1,0,NA,0,academic,4,3,0,0,biomarker,NA,4,4,NA,0
NCT01222689,NA,2010,2,0,NA,0,0,1,0,DRUG,1,academic,25,13,0.571,1,erlotinib hydrochloride,drug,8,6,0,0
NCT01231581,1,2010,2,0,NA,0,0,2,1,DRUG,0,big_pharma,0,0,NA,0,gsk1120212,drug,0,0,NA,1
NCT01233375,NA,2010,2,0,NA,0,0,1,0,DRUG,0,biotech,0,0,NA,0,co 1 01,drug,0,0,NA,1
NCT01234935,NA,2010,2,0,NA,0,0,1,0,DRUG,1,unknown,0,0,NA,0,dasatinib,drug,2,2,0,0
NCT01251640,NA,2010,1,0,NA,0,0,NA,0,DRUG,0,big_pharma,0,0,NA,0,bay86 9766 gemcitabine,drug,0,0,NA,1
NCT01266720,NA,2010,1,0,NA,0,0,1,0,BIOLOGICAL,1,academic,3,3,NA,0,vegfr1 vegfr2,biological,0,0,NA,1
NCT01268384,NA,2010,2,0,NA,0,0,1,0,DRUG,0,academic,2,2,NA,0,gemcitabine plus capecitabine,drug,0,0,NA,1
NCT01272791,NA,2011,2,0,NA,0,0,2,1,BIOLOGICAL,1,biotech,0,0,NA,0,bavituximab,biological,0,0,NA,1
NCT01273805,NA,2011,2,0,NA,0,0,1,0,DRUG,0,academic,5,2,0,0,hydroxychloroquine,drug,0,0,NA,1
NCT01274455,NA,2010,1,0,NA,0,0,1,0,GENETIC,0,academic,0,0,NA,0,gene therapy product cyl 02 plasmid dna pre complexed to linear polyethylenimine encoding sst2 dck umk genes,genetic,0,0,NA,1
NCT01280058,1,2011,2,0,NA,0,0,1,0,DRUG,1,academic,29,15,0.556,1,carboplatin,drug,0,0,NA,1
NCT01294358,1,2011,1,0,NA,0,0,1,0,DRUG,0,academic,29,15,0.556,1,gemcitabine,drug,30,22,0.385,0
NCT01296763,1,2011,1,0,NA,0,0,1,0,DRUG,0,academic,13,13,0.2,1,irinotecan,drug,0,0,NA,1
NCT01298011,NA,2011,2,0,NA,0,0,1,0,DRUG,0,unknown,2,1,NA,0,gemcitabine and abraxane,drug,0,0,NA,1
NCT01303029,1,2011,2,0,NA,0,0,1,0,DRUG,0,unknown,0,0,NA,0,gemcitabine erlotinib,drug,0,0,NA,1
NCT01303159,0,2011,NA,NA,NA,0,0,1,0,DEVICE,0,academic,0,0,NA,0,endoscopic bipolar radiofrequency probe endohpb,device,0,0,NA,1
NCT01303172,NA,2011,2,0,NA,0,0,5,1,BIOLOGICAL,1,biotech,0,0,NA,0,imm 101,biological,0,0,NA,1
NCT01304160,NA,2011,1,0,NA,0,0,1,0,RADIATION,0,academic,0,0,NA,0,stereotactic body radiotherapy,radiation,2,2,0,0
NCT01313416,0,2011,2,0,NA,0,0,1,0,BIOLOGICAL,1,academic,0,0,NA,0,ct 011,biological,0,0,NA,1
NCT01314027,0,2010,3,0,NA,0,0,4,1,DRUG,0,academic,1,1,NA,0,neoadjuvant chemotherapy with gemcitabine oxaliplatin,drug,0,0,NA,1
NCT01326364,0,2010,NA,NA,NA,0,0,1,0,PROCEDURE,1,academic,1,1,NA,0,stereotactic body radiotherapy,procedure,1,1,NA,0
NCT01327794,NA,2011,NA,NA,NA,0,0,1,0,GENETIC,1,academic,7,3,1,1,polymorphism analysis,genetic,0,0,NA,1
NCT01330823,0,2011,3,0,NA,0,0,1,0,DIETARY_SUPPLEMENT,0,academic,0,0,NA,0,l carnitine,dietary_supplement,0,0,NA,1
NCT01333631,NA,2011,2,0,NA,0,0,NA,0,DRUG,0,academic,0,0,NA,0,valproic acid,drug,0,0,NA,1
NCT01335945,0,2011,1,0,NA,0,0,1,0,PROCEDURE,0,biotech,0,0,NA,0,cryoablation,procedure,0,0,NA,1
NCT01335958,1,2011,1,0,NA,0,0,NA,0,DRUG,0,biotech,0,0,NA,0,dmuc5754a,drug,0,0,NA,1
NCT01339754,NA,2011,2,0,NA,0,0,1,0,DRUG,0,unknown,5,5,0.5,0,trabectedin,drug,0,0,NA,1
NCT01342224,1,2011,1,0,NA,0,0,1,0,BIOLOGICAL,0,unknown,0,0,NA,0,tadalafil and vaccination,biological,0,0,NA,1
NCT01342354,NA,2011,1,0,NA,0,0,1,0,RADIATION,0,academic,3,1,1,0,stereotactic radiation 10 gy,radiation,0,0,NA,1
NCT01346410,NA,2011,NA,NA,NA,0,0,1,0,RADIATION,0,unknown,0,0,NA,0,stereotactic body radiotherapy,radiation,2,2,0,0
NCT01357525,NA,2011,NA,NA,NA,0,0,1,0,RADIATION,0,unknown,0,0,NA,0,stereotactic body radiation therapy sbrt,radiation,0,0,NA,1
NCT01359007,0,2011,2,0,NA,0,0,1,0,DRUG,0,academic,2,1,0,0,irinotecan oxaliplatin leucovorin 5 fu,drug,0,0,NA,1
NCT01360593,NA,2011,2,0,NA,0,0,1,0,DRUG,1,unknown,0,0,NA,0,gemcitabine,drug,30,22,0.385,0
NCT01360853,NA,2011,3,0,NA,0,0,5,1,DRUG,0,biotech,0,0,NA,0,on 01910 na,drug,0,0,NA,1
NCT01362582,0,2010,3,0,NA,0,0,1,0,DRUG,0,academic,0,0,NA,0,smof kabiven,drug,0,0,NA,1
NCT01364805,NA,2011,1,0,NA,0,0,1,0,DRUG,0,unknown,0,0,NA,0,intravenous vitamin c,drug,0,0,NA,1
NCT01369420,NA,2011,2,0,NA,0,0,1,0,DEVICE,0,biotech,0,0,NA,0,nanoknife low energy direct current ledc system ablation,device,0,0,NA,1
NCT01372735,NA,2011,1,0,NA,0,0,1,0,RADIATION,0,academic,0,0,NA,0,neoadjuvant short course imrt,radiation,0,0,NA,1
NCT01373164,1,2011,1,0,NA,0,0,6,1,DRUG,0,big_pharma,6,3,0.5,1,galunisertib,drug,0,0,NA,1
NCT01383538,NA,2011,1,0,NA,0,0,1,0,DRUG,0,unknown,1,1,0,0,folfirinox ipi 926,drug,0,0,NA,1
NCT01385956,1,2011,1,0,NA,0,0,1,0,DRUG,0,academic,1,1,NA,0,som 230 lar,drug,0,0,NA,1
NCT01389440,1,2011,2,0,NA,0,0,1,0,DRUG,0,unknown,0,0,NA,0,gemcitabine and erlotinib,drug,1,1,1,0
NCT01394120,NA,2011,2,0,NA,0,0,1,0,DRUG,0,academic,0,0,NA,0,targeted therapy tailored treatment,drug,0,0,NA,1
NCT01395017,NA,2011,2,0,NA,0,0,NA,0,DRUG,0,biotech,0,0,NA,0,dasatinib,drug,3,3,0,0
NCT01395563,0,2009,NA,NA,NA,0,0,1,0,BEHAVIORAL,0,academic,0,0,NA,0,strength training,behavioral,0,0,NA,1
NCT01396668,NA,2011,2,0,NA,0,0,1,0,DRUG,0,academic,1,1,1,0,gemcitabine cisplatin capecitabine,drug,0,0,NA,1
NCT01397019,NA,2011,2,0,NA,0,0,1,0,DRUG,0,unknown,1,1,0,0,oxaliplatin irinotecan 5 fu leucovorin,drug,0,0,NA,1
NCT01401387,0,2011,4,0,NA,0,0,1,0,OTHER,0,unknown,0,0,NA,0,timing of start treatment with pancreatic enzymes,other,0,0,NA,1
NCT01410968,1,2011,1,0,NA,0,0,1,0,DRUG,0,unknown,0,0,NA,0,vacc w poly iclc peptide pulsed dendritic cells,drug,0,0,NA,1
NCT01413022,1,2011,1,0,NA,0,0,1,0,DRUG,1,academic,1,1,0,0,oxaliplatin,drug,4,1,0,0
NCT01413087,0,2011,2,0,NA,0,0,2,1,BIOLOGICAL,0,biotech,1,1,NA,0,biological vaccine bc 819,biological,0,0,NA,1
NCT01415713,1,2011,1,0,NA,0,0,1,0,DRUG,0,academic,3,2,1,0,s 1 leucovorin oxaliplatin gemcitabine,drug,0,0,NA,1
NCT01416662,1,2011,2,0,NA,0,0,1,0,DRUG,0,unknown,2,2,NA,0,gemcitabine hydrochloride,drug,25,11,0.667,0
NCT01417000,NA,2011,2,0,NA,0,0,1,0,BIOLOGICAL,1,biotech,0,0,NA,0,gvax pancreas,biological,0,0,NA,1
NCT01419483,0,2011,NA,NA,NA,0,0,1,0,DIETARY_SUPPLEMENT,0,academic,2,2,0,0,ketogenic diet,dietary_supplement,0,0,NA,1
NCT01423604,1,2011,2,0,NA,0,0,NA,0,DRUG,0,biotech,0,0,NA,0,capecitabine,drug,18,14,0.6,0
NCT01430052,NA,2011,2,0,NA,0,0,1,0,DRUG,0,academic,0,0,NA,0,drug gemcitabine s 1,drug,0,0,NA,1
NCT01431794,0,2011,1,0,NA,0,0,1,0,DRUG,0,academic,13,13,0.2,1,lde225 600mg,drug,0,0,NA,1
NCT01434550,0,2011,NA,NA,NA,0,0,NA,0,RADIATION,0,academic,1,1,NA,0,stereotactic body radiation therapy sbrt,radiation,0,0,NA,1
NCT01442974,NA,2011,NA,NA,NA,0,0,1,0,DRUG,0,academic,0,0,NA,0,gemcitabine plus nab paclitaxel,drug,0,0,NA,1
NCT01446458,1,2011,1,0,NA,0,0,1,0,DRUG,1,academic,0,0,NA,0,modified folfirinox,drug,0,0,NA,1
NCT01448668,NA,2011,NA,NA,NA,0,0,2,1,NA,0,unknown,0,0,NA,0,imaging diagnostics,NA,7,7,NA,0
NCT01453153,NA,2011,1,0,NA,0,0,2,1,DRUG,0,biotech,0,0,NA,0,gemcitabine,drug,30,22,0.385,0
NCT01458717,NA,2011,2,0,NA,0,0,1,0,DRUG,1,academic,1,1,1,0,neoadjuvant chemoradiation,drug,0,0,NA,1
NCT01459614,1,2011,2,0,NA,0,0,1,0,DRUG,0,academic,13,13,0.2,1,gemcitabine,drug,30,22,0.385,0
NCT01461915,0,2011,2,0,NA,0,0,1,0,DRUG,0,biotech,0,0,NA,0,nab paclitaxel,drug,0,0,NA,1
NCT01470417,NA,2011,2,0,NA,0,0,1,0,DRUG,0,academic,0,0,NA,0,chemotherapy,drug,7,7,NA,0
NCT01472198,1,2011,2,0,NA,0,0,2,1,DRUG,0,unknown,2,1,NA,0,simtuzumab,drug,0,0,NA,1
NCT01473303,0,2011,1,0,NA,0,0,NA,0,BIOLOGICAL,1,academic,7,3,1,1,ganitumab,biological,0,0,NA,1
NCT01473940,NA,2011,1,0,NA,0,0,1,0,BIOLOGICAL,1,academic,2,2,0.5,0,ipilimumab,biological,2,1,1,0
NCT01474564,NA,2011,NA,NA,NA,0,0,1,0,OTHER,0,academic,7,3,1,1,blood draw,other,1,0,NA,0
NCT01484860,0,2011,2,0,NA,0,0,1,0,DRUG,0,academic,3,1,1,0,auy922,drug,0,0,NA,1
NCT01485744,NA,2011,1,0,NA,0,0,1,0,DRUG,0,academic,5,5,0.333,0,lde225 fluorouracil leucovorin oxaliplatin irinotecan,drug,0,0,NA,1
NCT01486329,1,2011,1,0,NA,0,0,1,0,BIOLOGICAL,0,unknown,0,0,NA,0,vxm01,biological,0,0,NA,1
NCT01487785,NA,2011,1,0,NA,0,0,3,1,DRUG,0,big_pharma,0,0,NA,0,lde225 gemcitabine,drug,0,0,NA,1
NCT01488552,NA,2011,1,0,NA,0,0,1,0,DRUG,1,unknown,2,1,NA,0,gemcitabine,drug,30,22,0.385,0
NCT01489865,NA,2011,1,0,NA,0,0,1,0,DRUG,0,academic,1,1,NA,0,abt 888,drug,0,0,NA,1
NCT01492907,NA,2011,1,0,NA,0,0,1,0,RADIATION,1,academic,1,1,0,0,meiqx,radiation,0,0,NA,1
NCT01494155,NA,2011,2,0,NA,0,0,1,0,DRUG,1,academic,5,5,0.333,0,capecitabine,drug,18,14,0.6,0
NCT01494506,1,2011,3,0,NA,0,0,NA,0,DRUG,0,biotech,0,0,NA,0,mm 398,drug,0,0,NA,1
NCT01505413,NA,2012,2,0,NA,0,0,1,0,DRUG,0,academic,0,0,NA,0,erlotinib,drug,5,5,0.75,0
NCT01505530,NA,2012,2,0,NA,0,0,5,1,DRUG,0,big_pharma,9,5,0.667,1,ly2495655,drug,0,0,NA,1
NCT01506973,1,2012,1,0,NA,0,0,1,0,DRUG,0,academic,2,1,NA,0,hydroxychloroquine hcq,drug,0,0,NA,1
NCT01509911,NA,2012,2,0,NA,0,0,2,1,DRUG,0,biotech,0,0,NA,0,tl 118,drug,0,0,NA,1
NCT01510561,0,2012,1,0,NA,0,0,1,0,DRUG,0,unknown,3,2,1,0,90y hpam4,drug,0,0,NA,1
NCT01515046,0,2012,2,0,NA,0,0,1,0,DRUG,0,unknown,1,1,NA,0,gemcitabine with escalating ascorbic acid,drug,1,1,NA,0
NCT01521702,NA,2011,3,0,NA,0,0,1,0,DRUG,1,unknown,1,1,NA,0,neoadjuvant chemotherapy,drug,0,0,NA,1
NCT01523457,NA,2012,2,0,NA,0,0,1,0,DRUG,0,academic,0,0,NA,0,folfirinox,drug,0,0,NA,1
NCT01523808,1,2012,1,0,NA,0,0,NA,0,DRUG,0,biotech,0,0,NA,0,graspa,drug,0,0,NA,1
NCT01524575,0,2012,2,0,NA,0,0,1,0,DRUG,0,academic,0,0,NA,0,gemcitabine and oxaliplatin,drug,0,0,NA,1
NCT01526135,1,2012,3,0,NA,0,0,2,1,DRUG,0,unknown,2,0,1,0,mfolfirinox,drug,0,0,NA,1
NCT01531712,0,2012,2,0,NA,0,0,1,0,DRUG,1,unknown,0,0,NA,0,gemcitabine,drug,35,23,0.467,0
NCT01534637,NA,2012,2,0,NA,0,0,1,0,DRUG,1,academic,3,1,0,0,aprepitant,drug,0,0,NA,1
NCT01542177,NA,2012,NA,NA,NA,0,0,1,0,NA,0,academic,4,2,0.5,0,imaging diagnostics,NA,8,6,NA,0
NCT01543412,1,2010,2,0,NA,0,0,1,0,DRUG,0,unknown,1,1,1,0,folfiri,drug,0,0,NA,1
NCT01547260,1,2012,1,0,NA,0,0,1,0,DRUG,0,unknown,0,0,NA,0,gemzar,drug,0,0,NA,1
NCT01553019,NA,2011,2,0,NA,0,0,1,0,RADIATION,1,academic,0,0,NA,0,proton radiation,radiation,0,0,NA,1
NCT01558869,NA,2012,2,0,NA,0,0,1,0,DRUG,0,academic,0,0,NA,0,capecitabine,drug,20,14,0.667,0
NCT01569282,0,2012,NA,NA,NA,0,0,1,0,PROCEDURE,0,academic,0,0,NA,0,hepaticojejunostomy and gastroenterostomy,procedure,0,0,NA,1
NCT01580241,NA,2012,NA,NA,NA,0,0,1,0,NA,0,academic,3,2,0,0,resectable disease,NA,11,11,1,0
NCT01580397,NA,2012,2,0,NA,0,0,1,0,DRUG,0,biotech,0,0,NA,0,inno 206,drug,0,0,NA,1
NCT01585805,NA,2012,2,0,NA,0,0,3,1,PROCEDURE,1,academic,31,12,0.636,1,biopsy,procedure,0,0,NA,1
NCT01587534,1,2012,2,0,NA,0,0,1,0,DRUG,0,academic,0,0,NA,0,norzyme,drug,0,0,NA,1
NCT01591733,NA,2012,2,0,NA,0,0,1,0,DRUG,1,academic,7,5,0.333,1,folfirinox,drug,0,0,NA,1
NCT01598584,0,2012,2,0,NA,0,0,1,0,DRUG,0,academic,0,0,NA,0,mirtazapine plus gemcitabine,drug,0,0,NA,1
NCT01600807,0,2011,1,0,NA,0,0,1,0,DRUG,0,academic,5,2,0,0,gemcitabine erlotinib osi 906,drug,0,0,NA,1
NCT01608711,NA,2012,2,0,NA,0,0,2,1,BIOLOGICAL,0,biotech,1,1,NA,0,ags 1c4d4,biological,1,1,1,0
NCT01608841,NA,2012,2,0,NA,0,0,1,0,DRUG,0,academic,0,0,NA,0,erlotinib,drug,5,5,0.75,0
NCT01621243,0,2012,1,0,NA,0,0,2,1,DRUG,0,biotech,0,0,NA,0,nab paclitaxel,drug,1,1,0,0
NCT01628458,NA,2012,2,0,NA,0,0,1,0,PROCEDURE,0,unknown,0,0,NA,0,radiofrequency ablation rfa,procedure,0,0,NA,1
NCT01632306,0,2012,1,0,NA,0,0,1,0,DRUG,0,big_pharma,9,5,0.667,1,ly2090314,drug,0,0,NA,1
NCT01646697,NA,2012,NA,NA,NA,0,0,1,0,OTHER,0,academic,1,0,1,0,cytology specimen collection procedure,other,0,0,NA,1
NCT01647828,1,2012,1,0,NA,0,0,1,0,DRUG,0,biotech,1,1,NA,0,omp 59r5,drug,0,0,NA,1
NCT01652976,1,2012,2,0,NA,0,0,1,0,DRUG,0,academic,2,2,NA,0,dasatinib,drug,4,4,0,0
NCT01658943,1,2012,2,0,NA,0,0,1,0,DRUG,0,academic,31,12,0.636,1,akt inhibitor mk2206,drug,0,0,NA,1
NCT01659502,NA,2012,2,0,NA,0,0,1,0,DRUG,0,biotech,0,0,NA,0,tl 118,drug,0,0,NA,1
NCT01660711,NA,2012,2,0,NA,0,0,1,0,DRUG,0,unknown,0,0,NA,0,5 fluorouracil,drug,0,0,NA,1
NCT01660971,NA,2012,1,0,NA,0,0,1,0,DRUG,0,academic,31,12,0.636,1,dasatinib,drug,4,4,0,0
NCT01662609,NA,2012,NA,NA,NA,0,0,1,0,PROCEDURE,0,academic,3,3,0.5,0,endoscopic ultrasound eus,procedure,0,0,NA,1
NCT01663272,NA,2012,1,0,NA,0,0,1,0,DRUG,0,academic,5,2,0.5,0,cabozantinib,drug,0,0,NA,1
NCT01665625,NA,2012,NA,NA,NA,0,0,1,0,PROCEDURE,0,academic,0,0,NA,0,regional interventional chemotherapy group,procedure,0,0,NA,1
NCT01666184,NA,2012,NA,NA,NA,0,0,NA,0,NA,0,academic,4,3,1,0,biomarker,NA,11,11,NA,0
NCT01666730,NA,2012,2,0,NA,0,0,1,0,DRUG,1,academic,4,3,0.5,0,metformin hydrochloride,drug,0,0,NA,1
NCT01674556,1,2012,1,0,NA,0,0,1,0,DRUG,0,academic,0,0,NA,0,gemzar,drug,0,0,NA,1
NCT01675258,NA,2012,NA,NA,NA,0,0,1,0,OTHER,0,unknown,0,0,NA,0,salivary samples,other,0,0,NA,1
NCT01676259,NA,2012,2,0,NA,0,0,2,1,DRUG,0,biotech,0,0,NA,0,sig12d loder,drug,0,0,NA,1
NCT01677962,NA,2012,1,0,NA,0,0,1,0,BIOLOGICAL,0,academic,1,0,NA,0,poly iclc,biological,0,0,NA,1
NCT01683422,0,2012,NA,NA,NA,0,0,1,0,RADIATION,0,academic,0,0,NA,0,proton gemcitabine erlotinib capecitabine,radiation,0,0,NA,1
NCT01688336,0,2012,2,0,NA,0,0,1,0,DRUG,0,academic,1,0,NA,0,folfirinox,drug,0,0,NA,1
NCT01693276,0,2012,1,0,NA,0,0,1,0,DRUG,1,unknown,0,0,NA,0,gemcitabine,drug,35,23,0.467,0
NCT01693419,NA,2012,2,0,NA,0,0,1,0,DRUG,0,academic,0,0,NA,0,ges gemcitabine erlotinib s 1,drug,0,0,NA,1
NCT01693523,NA,2012,2,0,NA,0,0,1,0,DRUG,1,academic,14,9,0.5,1,minocycline,drug,0,0,NA,1
NCT01703026,NA,2012,NA,NA,NA,0,0,1,0,NA,0,academic,0,0,NA,0,imaging diagnostics,NA,8,6,NA,0
NCT01703650,NA,2012,NA,NA,NA,0,0,1,0,DRUG,1,academic,3,3,1,0,iopromide,drug,0,0,NA,1
NCT01713218,NA,2012,0.5,0,NA,0,0,1,0,DRUG,1,unknown,0,0,NA,0,gemcitabine,drug,35,23,0.467,0
NCT01715142,NA,2012,0.5,0,NA,0,0,1,0,DRUG,0,unknown,0,0,NA,0,gemcitabine,drug,35,23,0.467,0
NCT01729481,NA,2012,2,0,NA,0,0,1,0,DRUG,0,academic,0,0,NA,0,gemcitabine,drug,35,23,0.467,0
NCT01730222,1,2012,1,0,NA,0,0,1,0,DRUG,0,unknown,6,6,0.5,0,cisplatin,drug,6,0,1,0
NCT01739439,0,2012,1,0,NA,0,0,1,0,DRUG,1,academic,3,2,0,0,gemcitabine hydrochloride,drug,26,12,0.714,0
NCT01741597,0,2012,1,0,NA,0,0,1,0,PROCEDURE,1,academic,4,4,0,0,dynamic contrast enhanced magnetic resonance imaging,procedure,0,0,NA,1
NCT01744353,NA,2012,1,0,NA,0,0,1,0,DRUG,0,academic,0,0,NA,0,dose level 1,drug,0,0,NA,1
NCT01746979,1,2012,3,0,NA,0,0,2,1,DRUG,0,unknown,1,1,1,0,th 302,drug,0,0,NA,1
NCT01754623,0,2012,2,0,NA,0,0,1,0,DRUG,1,academic,3,3,0.5,0,capecitabine,drug,20,14,0.667,0
NCT01760252,0,2012,2,0,NA,0,0,1,0,DRUG,0,academic,0,0,NA,0,capecitabine oxaliplatin and irinotecan capoxiri,drug,0,0,NA,1
NCT01760694,0,2012,NA,NA,NA,0,0,1,0,OTHER,0,academic,0,0,NA,0,multi modality iort surgery radiation chemotherapy,other,0,0,NA,1
NCT01764477,NA,2012,1,0,NA,0,0,1,0,DRUG,0,biotech,0,0,NA,0,pri 724,drug,0,0,NA,1
NCT01764659,NA,2013,NA,NA,NA,0,0,1,0,OTHER,0,academic,1,0,NA,0,contrast enhanced 4d computed tomography,other,0,0,NA,1
NCT01765036,NA,2013,NA,NA,NA,0,0,1,0,DRUG,0,unknown,0,0,NA,0,sonovue,drug,0,0,NA,1
NCT01768988,0,2013,4,0,NA,1,0,1,0,DRUG,0,unknown,0,0,NA,0,placebo,drug,1,1,NA,0
NCT01770132,1,2013,1,0,NA,0,0,1,0,DRUG,1,unknown,0,0,NA,0,porfimer sodium,drug,0,0,NA,1
NCT01774643,NA,2013,NA,NA,NA,0,0,1,0,NA,0,academic,5,2,0.5,0,biomarker,NA,12,11,NA,0
NCT01781520,NA,2013,1,0,NA,0,0,1,0,BIOLOGICAL,1,academic,0,0,NA,0,dc cik treatment,biological,0,0,NA,1
NCT01782690,1,2013,NA,NA,NA,0,0,1,0,DRUG,0,big_pharma,5,5,0.5,0,erlotinib,drug,7,6,0.75,0
NCT01783171,1,2013,1,0,NA,0,0,2,1,DRUG,1,academic,34,12,0.667,1,akt inhibitor mk2206,drug,1,1,1,0
NCT01786850,NA,2013,NA,NA,NA,0,0,1,0,PROCEDURE,0,academic,0,0,NA,0,magnetic resonance guided high intensity focused ultrasound mrgfus,procedure,0,0,NA,1
NCT01789073,1,2013,NA,NA,NA,0,0,1,0,DIETARY_SUPPLEMENT,0,academic,0,0,NA,0,oral impact nestl health science,dietary_supplement,0,0,NA,1
NCT01795274,0,2013,NA,NA,NA,0,0,1,0,RADIATION,0,academic,1,1,NA,0,carbon ion radiotherapy,radiation,0,0,NA,1
NCT01796782,NA,2012,2,0,NA,0,0,NA,0,DRUG,0,academic,0,0,NA,0,xeloda,drug,0,0,NA,1
NCT01808638,1,2013,1,0,NA,0,0,1,0,DRUG,0,biotech,0,0,NA,0,atu027 gemcitabine in lead in safety period,drug,0,0,NA,1
NCT01811277,NA,2013,2,0,NA,0,0,1,0,DRUG,0,academic,0,0,NA,0,sox sequential s 1,drug,0,0,NA,1
NCT01821612,1,2013,0.5,0,NA,0,0,1,0,DRUG,1,academic,9,4,0.667,1,oxaliplatin,drug,5,1,0.5,0
NCT01821729,NA,2013,2,0,NA,0,0,1,0,DRUG,1,academic,8,4,0.333,1,folfirinox,drug,3,3,0,0
NCT01830322,0,2013,2,0,NA,0,0,1,0,DRUG,0,biotech,0,0,NA,0,cpi 613,drug,0,0,NA,1
NCT01834170,NA,2013,1,0,NA,0,0,1,0,DRUG,0,academic,0,0,NA,0,gemcitabine,drug,40,23,0.412,0
NCT01834235,0,2013,1,0,NA,0,0,1,0,DRUG,0,biotech,0,0,NA,0,gemcitabine,drug,40,23,0.412,0
NCT01835041,1,2013,1,0,NA,0,0,1,0,DRUG,1,academic,4,1,0,0,6 8 bis benzylthio octanoic acid,drug,0,0,NA,1
NCT01836432,0,2013,3,0,NA,0,0,1,0,DRUG,1,biotech,4,2,0.667,0,folfirinox,drug,3,3,0,0
NCT01839487,1,2013,2,0,NA,0,0,1,0,DRUG,0,biotech,1,1,NA,0,pegph20,drug,0,0,NA,1
NCT01839799,NA,2013,2,0,NA,1,0,1,0,DRUG,1,academic,3,2,1,0,gemcitabine,drug,40,23,0.412,0
NCT01839981,NA,2013,1,0,NA,0,0,1,0,DRUG,0,academic,4,1,0,0,6 8 bis benzylthio octanoic acid,drug,0,0,NA,1
NCT01844817,1,2013,2,0,NA,0,0,1,0,DRUG,0,biotech,0,0,NA,0,ogx 427,drug,0,0,NA,1
NCT01845805,1,2013,2,0,NA,0,0,1,0,DRUG,1,academic,16,7,0.375,1,oral azacitidine,drug,0,0,NA,1
NCT01851174,0,2013,2,0,NA,0,0,1,0,DRUG,0,academic,0,0,NA,0,gemcitabine,drug,40,23,0.412,0
NCT01852890,NA,2013,1,0,NA,0,0,1,0,DRUG,1,unknown,2,2,0,0,ascorbate,drug,0,0,NA,1
NCT01867892,NA,2013,2,0,NA,0,0,NA,0,DRUG,0,academic,5,4,1,0,ict of oxapliplatin irinotecan leucovorin and fluorouracil and ccrt,drug,0,0,NA,1
NCT01872377,0,2012,NA,NA,NA,0,0,1,0,RADIATION,0,academic,0,0,NA,0,cyberknife stereotactic body radiotherapy sbrt boost,radiation,0,0,NA,1
NCT01875198,0,2013,NA,NA,NA,0,0,1,0,PROCEDURE,0,academic,0,0,NA,0,radical antegrade modular pancreatectomy with splenectomy,procedure,0,0,NA,1
NCT01876069,NA,2013,NA,NA,NA,0,0,1,0,DEVICE,0,academic,1,1,NA,0,22 gauge procore needle aspiration,device,0,0,NA,1
NCT01879878,NA,2013,NA,NA,NA,0,0,1,0,DIETARY_SUPPLEMENT,0,academic,0,0,NA,0,verum broccoli sprout grain,dietary_supplement,0,0,NA,1
NCT01893294,NA,2013,1,0,NA,0,0,1,0,DRUG,1,academic,7,6,0,1,gemcitabine hydrochloride,drug,27,8,0.625,0
NCT01895790,0,2013,1,0,NA,0,0,1,0,DEVICE,0,academic,0,0,NA,0,pancreatic duct stent placement,device,0,0,NA,1
NCT01896869,NA,2013,2,0,NA,0,0,1,0,DRUG,1,academic,16,7,0.375,1,ipilimumab,drug,3,2,1,0
NCT01897415,NA,2013,1,0,NA,0,0,1,0,BIOLOGICAL,0,academic,1,1,0,0,autologous t cells transfected with chimeric anti mesothelin immunoreceptor ss1,biological,0,0,NA,1
NCT01897454,0,2013,2,0,NA,0,0,1,0,DRUG,1,unknown,0,0,NA,0,fluorouracil,drug,10,0,1,0
NCT01897636,NA,2013,NA,NA,NA,0,0,1,0,PROCEDURE,0,academic,0,0,NA,0,eus guided fine needle injection of dcs vaccinations,procedure,0,0,NA,1
NCT01898741,NA,2013,2,0,NA,0,0,1,0,RADIATION,0,unknown,1,1,NA,0,24 gy in 3 fractions,radiation,0,0,NA,1
NCT01900327,0,2013,3,0,NA,0,0,1,0,RADIATION,1,unknown,0,0,NA,0,external beam radiation,radiation,0,0,NA,1
NCT01903083,1,2013,1,0,NA,0,0,1,0,DRUG,1,unknown,1,1,1,0,tadalafil,drug,0,0,NA,1
NCT01905150,NA,2013,2,0,NA,0,0,1,0,DRUG,1,unknown,0,0,NA,0,g flip,drug,0,0,NA,1
NCT01908478,NA,2013,1,0,NA,0,0,1,0,DRUG,1,academic,0,0,NA,0,veliparib,drug,0,0,NA,1
NCT01911416,0,2013,NA,NA,NA,0,0,1,0,DRUG,0,academic,1,1,NA,0,lde225,drug,0,0,NA,1
NCT01918644,NA,2013,1,0,NA,0,0,1,0,RADIATION,1,academic,0,0,NA,0,stereotactic body radiation therapy,radiation,0,0,NA,1
NCT01921751,0,2013,2,0,NA,0,0,1,0,RADIATION,1,unknown,2,1,0,0,low intensity radiation therapy,radiation,0,0,NA,1
NCT01926197,NA,2013,3,0,NA,0,0,2,1,DRUG,1,academic,3,2,0,0,oxaliplatin,drug,5,1,0.5,0
NCT01928394,NA,2024,1,0,NA,0,0,1,0,DRUG,0,big_pharma,3,0,NA,0,opdivo 10 mg ml concentrate for solution for infusion,drug,0,0,NA,1
NCT01929915,NA,2013,NA,NA,NA,0,0,1,0,PROCEDURE,1,academic,2,1,NA,0,epidural patient controlled analgesia,procedure,0,0,NA,1
NCT01934634,NA,2013,1,0,NA,0,0,1,0,DRUG,0,unknown,0,0,NA,0,lcl161,drug,0,0,NA,1
NCT01940237,0,2013,NA,NA,NA,0,0,1,0,BEHAVIORAL,0,academic,0,0,NA,0,psychotherapy,behavioral,0,0,NA,1
NCT01945879,1,2013,1,0,NA,0,0,1,0,DRUG,0,unknown,3,3,1,0,enoxaparine,drug,0,0,NA,1
NCT01946646,0,2013,1,0,NA,0,0,1,0,DRUG,0,academic,2,1,NA,0,s 1 ccrt,drug,0,0,NA,1
NCT01954732,0,2013,1,0,NA,0,0,NA,0,DRUG,1,academic,5,4,0.5,0,metformin hydrochloride,drug,1,1,NA,0
NCT01954992,NA,2013,3,0,NA,0,0,1,0,DRUG,0,biotech,0,0,NA,0,glufosfamide,drug,2,0,NA,0
NCT01956812,0,2013,3,0,NA,0,0,8,1,DRUG,0,unknown,4,3,0.5,0,immu 107,drug,0,0,NA,1
NCT01959139,1,2013,1,0,NA,0,0,1,0,DRUG,0,unknown,3,0,NA,0,pegph20,drug,0,0,NA,1
NCT01959672,NA,2013,2,0,NA,0,0,1,0,PROCEDURE,1,academic,3,2,1,0,4 dimensional computed tomography,procedure,0,0,NA,1
NCT01962909,0,2013,0.5,0,NA,0,0,1,0,DRUG,0,academic,0,0,NA,0,ptp 01,drug,0,0,NA,1
NCT01964287,NA,2013,1,0,NA,0,0,1,0,DRUG,0,unknown,2,2,1,0,gembrax,drug,0,0,NA,1
NCT01964430,1,2013,3,0,NA,0,0,21,1,DRUG,0,unknown,2,1,1,0,nab paclitaxel,drug,2,2,0,0
NCT01964534,NA,2013,2,0,NA,0,0,1,0,DRUG,0,unknown,7,2,0.5,0,abi 007,drug,0,0,NA,1
NCT01971034,NA,2013,2,0,NA,0,0,1,0,DRUG,0,unknown,0,0,NA,0,paclitaxel,drug,3,0,NA,0
NCT01971281,NA,2013,1,0,NA,0,0,2,1,DEVICE,1,biotech,0,0,NA,0,novottf 100l,device,0,0,NA,1
NCT01972919,NA,2013,2,0,NA,0,0,1,0,RADIATION,1,unknown,0,0,NA,0,radiation therapy,radiation,1,1,NA,0
NCT01977066,1,2013,NA,NA,NA,0,0,1,0,BEHAVIORAL,0,academic,2,2,0.5,0,six months supervised resistance training,behavioral,0,0,NA,1
NCT01983410,NA,2013,NA,NA,NA,0,0,2,1,BEHAVIORAL,1,academic,8,1,1,1,the risk assessment questionnaire,behavioral,0,0,NA,1
NCT01986738,NA,2013,NA,NA,NA,0,0,1,0,RADIATION,1,academic,6,2,0.5,0,standard radiation therapy,radiation,0,0,NA,1
NCT01989000,NA,2013,NA,NA,NA,0,0,1,0,DRUG,1,unknown,2,2,1,0,gadobutrol,drug,0,0,NA,1
NCT01989624,NA,2013,NA,NA,NA,0,0,2,1,NA,0,academic,0,0,NA,0,biomarker,NA,12,11,NA,0
NCT01994681,NA,2013,NA,NA,NA,0,0,1,0,NA,0,unknown,0,0,NA,0,observational non therapeutic,NA,2,2,NA,0
NCT01995240,NA,2013,NA,NA,NA,0,0,1,0,DRUG,0,unknown,2,2,1,0,gadobutrol,drug,0,0,NA,1
NCT01996540,1,2013,NA,NA,NA,1,1,1,0,OTHER,0,unknown,0,0,NA,0,interventional arm early best palliative care,other,0,0,NA,1
NCT02002806,NA,2013,NA,NA,NA,0,0,1,0,OTHER,0,academic,1,0,NA,0,alcohol injection,other,0,0,NA,1
NCT02004262,1,2013,2,0,NA,0,0,2,1,BIOLOGICAL,1,biotech,1,1,NA,0,gvax pancreas vaccine,biological,1,0,NA,0
NCT02005315,NA,2013,1,0,NA,0,0,1,0,DRUG,0,biotech,2,2,1,0,vantictumab,drug,0,0,NA,1
NCT02005419,NA,2013,2,0,NA,0,0,1,0,DRUG,0,unknown,0,0,NA,0,gemcitabine,drug,40,23,0.412,0
NCT02017015,NA,2013,2,0,NA,0,0,1,0,DRUG,0,unknown,2,1,1,0,nab paclitaxel,drug,2,2,0,0
NCT02021500,NA,2013,NA,NA,NA,0,0,9,1,DRUG,0,unknown,2,1,1,0,abi 007,drug,0,0,NA,1
NCT02022033,NA,2013,2,0,NA,0,0,1,0,DRUG,0,academic,1,1,NA,0,folfoxa,drug,0,0,NA,1
NCT02023021,NA,2013,2,0,NA,0,0,1,0,DRUG,0,unknown,0,0,NA,0,nab paclitaxel,drug,2,2,0,0
NCT02024009,1,2013,1,0,NA,0,0,1,0,DRUG,1,academic,0,0,NA,0,nab paclitaxel,drug,2,2,0,0
NCT02024633,NA,2013,1,0,NA,0,0,1,0,DRUG,0,biotech,0,0,NA,0,icotinib,drug,0,0,NA,1
NCT02028377,NA,2013,NA,NA,NA,0,0,1,0,PROCEDURE,0,academic,2,2,0.5,0,pet mri,procedure,0,0,NA,1
NCT02028806,1,2014,2,0,NA,0,0,1,0,DRUG,0,unknown,0,0,NA,0,mfolfirinox,drug,1,1,1,0
NCT02030860,NA,2014,1,0,NA,0,0,1,0,DRUG,0,academic,4,2,1,0,paricalcitol,drug,0,0,NA,1
NCT02035072,NA,2014,2,0,NA,0,0,1,0,DRUG,1,unknown,1,1,1,0,gemcitabine,drug,46,22,0.368,0
NCT02041936,NA,2014,NA,NA,NA,0,0,1,0,DEVICE,0,academic,2,1,NA,0,nanoknife ire system,device,0,0,NA,1
NCT02042378,NA,2014,2,0,NA,0,0,2,1,DRUG,0,biotech,0,0,NA,0,rucaparib,drug,0,0,NA,1
NCT02042859,NA,2014,1,0,NA,0,0,NA,0,DEVICE,0,unknown,0,0,NA,0,endoscopic bipolar radiofrequency probe used to remove tumors in bile duct to manage pancreatic cancer,device,0,0,NA,1
NCT02043288,NA,2014,3,0,NA,0,0,7,1,DRUG,0,biotech,0,0,NA,0,nc 6004,drug,0,0,NA,1
NCT02043730,1,2014,2,0,NA,0,0,1,0,DRUG,0,unknown,2,1,1,0,nab paclitaxel and gemcitabine,drug,0,0,NA,1
NCT02045589,1,2014,1,0,NA,0,0,1,0,GENETIC,1,unknown,0,0,NA,0,vcn 01,genetic,0,0,NA,1
NCT02047474,NA,2014,2,0,NA,0,0,1,0,DRUG,1,academic,1,1,NA,0,oxaliplatin,drug,7,3,0.667,0
NCT02047500,0,2014,1,0,NA,0,0,1,0,DRUG,0,unknown,2,2,1,0,th 302,drug,1,1,1,0
NCT02047513,1,2014,2,0,NA,0,0,1,0,DRUG,0,unknown,1,1,NA,0,perioperative nab paclitaxel gemcitabine,drug,0,0,NA,1
NCT02048384,1,2014,1,0,NA,0,0,1,0,DRUG,0,academic,18,7,0.444,1,metformin alone arm a,drug,0,0,NA,1
NCT02050178,NA,2014,1,0,NA,0,0,1,0,DRUG,0,biotech,3,3,1,0,omp 54f28 nab paclitaxel and gemcitabine,drug,0,0,NA,1
NCT02070705,0,2014,NA,NA,NA,0,0,1,0,PROCEDURE,1,academic,1,0,NA,0,dynamic contrast enhanced magnetic resonance imaging,procedure,1,1,0,0
NCT02072616,NA,2014,NA,NA,NA,0,0,1,0,OTHER,0,academic,0,0,NA,0,pancreatic adenocarcinoma diagnosis,other,0,0,NA,1
NCT02074046,NA,2014,1,0,NA,0,0,1,0,BIOLOGICAL,0,academic,0,0,NA,0,cancer stem cell vaccine,biological,0,0,NA,1
NCT02077881,1,2014,1,0,NA,0,0,1,0,DRUG,0,biotech,5,2,0.5,0,nab paclitaxel,drug,6,6,0.5,0
NCT02079363,NA,2014,NA,NA,NA,0,0,1,0,OTHER,0,academic,0,0,NA,0,no interventions this is an observational study,other,0,0,NA,1
NCT02079623,NA,2014,NA,NA,NA,0,0,1,0,PROCEDURE,1,academic,0,0,NA,0,electroporation nano knife treatment,procedure,0,0,NA,1
NCT02080221,NA,2014,2,0,NA,0,0,1,0,DRUG,0,academic,2,2,NA,0,folfoxa,drug,1,1,NA,0
NCT02080260,NA,2014,2,0,NA,0,0,1,0,DRUG,0,academic,6,3,0.5,0,regorafenib,drug,0,0,NA,1
NCT02089269,1,2014,NA,NA,NA,0,0,1,0,NA,0,unknown,0,0,NA,0,registry real world,NA,0,0,NA,1
NCT02092948,NA,2014,1,0,NA,0,0,1,0,RADIATION,0,academic,1,1,0,0,124i psca minibody pet ct imaging of the whole body,radiation,0,0,NA,1
NCT02098239,NA,2014,2,0,NA,0,0,NA,0,DRUG,0,biotech,0,0,NA,0,g17dt,drug,0,0,NA,1
NCT02101021,0,2014,3,0,NA,0,0,1,0,DRUG,0,big_pharma,0,0,NA,0,momelotinib,drug,0,0,NA,1
NCT02101580,NA,2014,1,0,NA,0,0,1,0,DRUG,0,unknown,0,0,NA,0,adi peg 20,drug,0,0,NA,1
NCT02106871,0,2014,1,0,NA,0,0,1,0,DRUG,0,academic,0,0,NA,0,sildenafil,drug,0,0,NA,1
NCT02106884,NA,2014,2,0,NA,0,0,1,0,DRUG,0,unknown,0,0,NA,0,nab paclitaxel,drug,6,6,0.5,0
NCT02109341,NA,2014,1,0,NA,0,0,1,0,DRUG,0,academic,0,0,NA,0,paclitaxel bound albumine,drug,0,0,NA,1
NCT02109445,0,2014,2,0,NA,0,0,1,0,DRUG,0,big_pharma,4,0,1,0,pf 03084014,drug,0,0,NA,1
NCT02117258,NA,2014,2,0,NA,0,0,3,1,DRUG,0,biotech,1,0,NA,0,z 360,drug,1,0,NA,0
NCT02117479,0,2014,3,0,NA,0,0,NA,0,DRUG,0,biotech,1,1,1,0,ruxolitinib,drug,0,0,NA,1
NCT02117895,NA,2014,3,0,NA,0,0,1,0,PROCEDURE,0,academic,1,1,NA,0,celiac plexus resection,procedure,0,0,NA,1
NCT02118077,NA,2014,3,0,NA,0,0,NA,0,BIOLOGICAL,0,biotech,0,0,NA,0,g17dt,biological,0,0,NA,1
NCT02119663,0,2014,3,0,NA,0,0,NA,0,DRUG,0,biotech,1,1,1,0,ruxolitinib,drug,0,0,NA,1
NCT02124317,NA,2014,2,0,NA,0,0,1,0,DRUG,0,academic,0,0,NA,0,nanoparticle albumin bound paclitaxel,drug,0,0,NA,1
NCT02125136,1,2014,2,0,NA,0,0,1,0,DRUG,0,unknown,1,1,NA,0,gem nab pac,drug,0,0,NA,1
NCT02128100,NA,2014,2,0,NA,0,0,1,0,DRUG,1,academic,0,0,NA,0,folfirinox,drug,5,5,0,0
NCT02131493,NA,2014,2,0,NA,0,0,1,0,DRUG,0,academic,0,0,NA,0,s 1 gemcitabine,drug,0,0,NA,1
NCT02132403,0,2014,1,0,NA,0,0,1,0,DRUG,0,academic,0,0,NA,0,bth1704,drug,0,0,NA,1
NCT02135822,NA,2014,2,0,NA,0,0,1,0,DRUG,0,academic,0,0,NA,0,nanoparticle albumin bound paclitaxel,drug,0,0,NA,1
NCT02138383,NA,2014,1,0,NA,0,0,1,0,DRUG,0,academic,5,4,0.333,0,enzalutamide,drug,0,0,NA,1
NCT02143219,NA,2014,2,0,NA,0,0,1,0,DRUG,0,unknown,0,0,NA,0,oxaliplatine,drug,0,0,NA,1
NCT02146313,NA,2014,1,0,NA,0,0,1,0,DRUG,0,biotech,1,1,1,0,dmuc4064a,drug,0,0,NA,1
NCT02148549,NA,2014,1,0,NA,0,0,1,0,DRUG,0,academic,1,0,1,0,firinox,drug,0,0,NA,1
NCT02150135,NA,2014,1,0,NA,0,0,1,0,OTHER,0,academic,4,3,1,0,oncothermia,other,0,0,NA,1
NCT02153450,NA,2014,0.5,0,NA,0,0,1,0,DRUG,1,academic,6,4,0.333,0,metformin hydrochloride,drug,2,2,0,0
NCT02154646,NA,2014,1,0,NA,0,0,1,0,DRUG,0,big_pharma,12,7,0.5,1,ly2157299,drug,0,0,NA,1
NCT02154737,NA,2013,1,0,NA,0,0,1,0,DRUG,0,unknown,0,0,NA,0,gemcitabine,drug,40,23,0.412,0
NCT02155088,NA,2014,1,0,NA,0,0,1,0,DRUG,0,academic,5,4,0.333,0,byl719,drug,0,0,NA,1
NCT02159248,0,2014,1,0,NA,0,0,1,0,DRUG,0,biotech,0,0,NA,0,tolfenamic acid gemcitabine radiation,drug,0,0,NA,1
NCT02162823,NA,2014,NA,NA,NA,0,0,1,0,PROCEDURE,0,academic,0,0,NA,0,pancreatic surgery,procedure,0,0,NA,1
NCT02174887,NA,2014,1,0,NA,0,0,1,0,DRUG,0,unknown,2,1,NA,0,nab paclitaxel gemcitabine,drug,0,0,NA,1
NCT02178436,1,2014,1,0,NA,0,0,1,0,DRUG,1,unknown,0,0,NA,0,gemcitabine hydrochloride,drug,28,8,0.625,0
NCT02184195,1,2014,3,0,NA,0,0,12,1,DRUG,0,big_pharma,4,0,1,0,olaparib,drug,0,0,NA,1
NCT02184663,NA,2014,NA,NA,NA,0,0,1,0,OTHER,0,unknown,8,1,0.5,1,without apa program,other,0,0,NA,1
NCT02190071,NA,2014,NA,NA,NA,0,0,1,0,NA,0,academic,4,3,1,0,biomarker,NA,15,12,NA,0
NCT02191761,NA,2014,1,0,NA,0,0,NA,0,DRUG,0,biotech,0,0,NA,0,sm04755,drug,0,0,NA,1
NCT02194829,NA,2014,1,0,NA,0,0,1,0,DRUG,0,academic,35,11,0.692,1,azd1775,drug,0,0,NA,1
NCT02202785,0,2014,2,0,NA,0,0,NA,0,DRUG,0,biotech,0,0,NA,0,mln0264,drug,0,0,NA,1
NCT02206360,NA,2014,NA,NA,NA,0,0,1,0,PROCEDURE,0,academic,0,0,NA,0,endoscopic ultrasound,procedure,0,0,NA,1
NCT02207465,NA,2014,1,0,NA,0,0,1,0,RADIATION,1,academic,4,2,1,0,radiotherapy,radiation,1,0,NA,0
NCT02207985,0,2014,1,0,NA,0,0,1,0,PROCEDURE,0,academic,0,0,NA,0,allogeneic hematopoietic stem cell transplantation,procedure,0,0,NA,1
NCT02209415,NA,2011,NA,NA,NA,0,0,1,0,BEHAVIORAL,1,unknown,0,0,NA,0,standard follow up,behavioral,0,0,NA,1
NCT02210364,NA,2014,1,0,NA,0,0,NA,0,DRUG,0,biotech,0,0,NA,0,lurbinectedin pm01183,drug,0,0,NA,1
NCT02210559,NA,2014,1,0,NA,0,0,1,0,DRUG,0,unknown,1,1,NA,0,fg 3019,drug,1,1,NA,0
NCT02215044,0,2014,1,0,NA,0,0,NA,0,DRUG,0,unknown,1,0,NA,0,bi 2536 intravenous,drug,0,0,NA,1
NCT02220062,NA,2014,NA,NA,NA,1,0,NA,0,PROCEDURE,0,academic,2,2,NA,0,eus cpn,procedure,0,0,NA,1
NCT02231723,NA,2014,1,0,NA,0,0,1,0,DRUG,0,biotech,0,0,NA,0,bbi608,drug,0,0,NA,1
NCT02237157,1,2014,1,0,NA,0,0,1,0,DRUG,0,unknown,0,0,NA,0,gemcitabine local delivery,drug,0,0,NA,1
NCT02241187,NA,2014,NA,NA,NA,0,0,1,0,DRUG,1,academic,9,2,1,1,pegph20,drug,2,2,1,0
NCT02241551,0,2014,2,0,NA,0,0,1,0,DRUG,0,unknown,0,0,NA,0,gemcitabine nab paclitaxel,drug,0,0,NA,1
NCT02243007,0,2014,2,0,NA,0,0,1,0,DRUG,1,academic,9,5,0.333,1,folfirinox,drug,5,5,0,0
NCT02243358,NA,2014,2,0,NA,0,0,1,0,DRUG,1,unknown,1,0,0,0,folfox6,drug,0,0,NA,1
NCT02244489,0,2014,1,0,NA,0,0,1,0,DRUG,0,big_pharma,0,0,NA,0,momelotinib mmb,drug,0,0,NA,1
NCT02245217,NA,2014,NA,NA,NA,0,0,1,0,DEVICE,0,academic,2,1,0,0,pet ct scan to assess treatment efficacy,device,0,0,NA,1
NCT02250638,NA,2014,NA,NA,NA,0,0,2,1,OTHER,0,biotech,0,0,NA,0,ca 19 9 assay,other,0,0,NA,1
NCT02261714,1,2014,1,0,NA,0,0,3,1,BIOLOGICAL,0,unknown,0,0,NA,0,tg01,biological,0,0,NA,1
NCT02267707,0,2014,1,0,NA,0,0,2,1,DRUG,0,unknown,5,3,1,0,nab paclitaxel,drug,6,6,0.5,0
NCT02269683,0,2014,NA,NA,NA,0,0,1,0,PROCEDURE,0,unknown,1,1,NA,0,robot assisted distal pancreatectomy,procedure,0,0,NA,1
NCT02272738,NA,2014,1,0,NA,0,0,1,0,DRUG,0,academic,1,1,NA,0,gemcitabine,drug,46,22,0.368,0
NCT02277834,NA,2014,NA,NA,NA,0,0,1,0,NA,0,academic,2,2,0,0,advanced disease,NA,116,61,0,0
NCT02283372,NA,2014,1,0,NA,0,0,1,0,DRUG,1,academic,3,3,0.5,0,nab paclitaxel,drug,6,6,0.5,0
NCT02289898,NA,2014,2,0,NA,0,0,6,1,DRUG,0,biotech,3,3,1,0,demcizumab,drug,1,1,NA,0
NCT02292745,1,2014,NA,NA,NA,0,0,1,0,RADIATION,0,unknown,1,1,0,0,stereotactic radiotherapy,radiation,0,0,NA,1
NCT02295956,1,2014,0.5,0,NA,0,0,1,0,BEHAVIORAL,1,academic,15,5,0.5,1,questionnaires,behavioral,1,0,NA,0
NCT02301143,1,2014,2,0,NA,0,0,5,1,DRUG,1,unknown,5,3,1,0,nab paclitaxel,drug,6,6,0.5,0
NCT02305186,NA,2014,1,0,NA,0,0,1,0,DRUG,1,unknown,0,0,NA,0,pembrolizumab,drug,0,0,NA,1
NCT02307539,NA,2014,NA,NA,NA,0,0,1,0,PROCEDURE,1,academic,5,4,0,0,psychosocial assessment and care,procedure,0,0,NA,1
NCT02308722,1,2014,1,0,NA,0,0,1,0,RADIATION,0,academic,1,1,1,0,5 fraction stereotactic body radiation therapy,radiation,0,0,NA,1
NCT02309177,1,2014,1,0,NA,0,0,1,0,DRUG,0,unknown,5,3,1,0,nab paclitaxel,drug,6,6,0.5,0
NCT02309632,0,2014,NA,NA,NA,0,0,1,0,OTHER,0,academic,0,0,NA,0,pancreatic cancer screening pathway 1,other,0,0,NA,1
NCT02311361,NA,2014,1,0,NA,0,0,1,0,BIOLOGICAL,1,academic,35,11,0.692,1,durvalumab,biological,0,0,NA,1
NCT02318095,NA,2014,NA,NA,NA,0,0,1,0,DRUG,1,academic,2,0,0,0,gemcitabine nab paclitaxel,drug,0,0,NA,1
NCT02324543,1,2014,1,0,NA,0,0,1,0,DRUG,0,academic,18,7,0.444,1,gemcitabine,drug,46,22,0.368,0
NCT02329717,NA,2014,2,0,NA,0,0,1,0,DRUG,0,biotech,0,0,NA,0,pbi 05204,drug,0,0,NA,1
NCT02332863,1,2014,NA,NA,NA,0,0,1,0,DEVICE,0,academic,0,0,NA,0,back loaded needle device,device,0,0,NA,1
NCT02333409,0,2014,NA,NA,NA,0,0,1,0,PROCEDURE,0,academic,0,0,NA,0,electroacupuncture,procedure,0,0,NA,1
NCT02335151,NA,2014,4,0,NA,0,0,1,0,DRUG,0,academic,2,1,0,0,desflurane,drug,0,0,NA,1
NCT02336087,NA,2015,1,0,NA,0,0,1,0,DRUG,1,academic,6,3,0,0,gemcitabine hydrochloride,drug,29,7,0.667,0
NCT02336672,NA,2014,NA,NA,NA,0,0,1,0,DEVICE,0,unknown,7,7,0.667,0,cryothermal ablation,device,0,0,NA,1
NCT02337465,NA,2015,NA,NA,NA,0,0,1,0,DEVICE,1,academic,7,3,0.333,0,cone beam computed tomography,device,0,0,NA,1
NCT02340117,NA,2014,2,0,NA,0,0,1,0,GENETIC,1,biotech,0,0,NA,0,sgt 53,genetic,0,0,NA,1
NCT02342847,NA,2014,NA,NA,NA,0,0,1,0,OTHER,0,unknown,5,3,1,0,n a non interventional study,other,0,0,NA,1
NCT02343835,NA,2015,NA,NA,NA,0,0,1,0,DEVICE,0,academic,1,1,NA,0,nanoknife ledc system,device,0,0,NA,1
NCT02345408,NA,2015,1,0,NA,0,0,1,0,DRUG,0,big_pharma,0,0,NA,0,ccx872 b,drug,0,0,NA,1
NCT02345460,0,2015,2,0,NA,0,0,1,0,DRUG,1,academic,7,3,0.333,0,irinotecan hydrochloride,drug,0,0,NA,1
NCT02347618,NA,2014,NA,NA,NA,0,0,1,0,RADIATION,0,big_pharma,0,0,NA,0,preoperative sbrt,radiation,0,0,NA,1
NCT02349867,1,2015,1,0,NA,0,0,1,0,DRUG,1,academic,0,0,NA,0,gemcitabine,drug,49,22,0.4,0
NCT02351219,NA,2015,2,0,NA,0,0,1,0,DRUG,0,unknown,1,1,NA,0,folfoxiri,drug,0,0,NA,1
NCT02352337,1,2015,2,0,NA,0,0,1,0,DRUG,0,unknown,3,1,1,0,folfirinox,drug,7,7,0,0
NCT02352831,0,2015,1,0,NA,0,0,1,0,DRUG,1,academic,4,4,0.5,0,tosedostat,drug,0,0,NA,1
NCT02355119,NA,2015,3,0,NA,0,1,1,0,DRUG,0,unknown,1,1,NA,0,folfoxiri,drug,0,0,NA,1
NCT02358161,NA,2014,1,0,NA,0,0,1,0,DRUG,0,unknown,4,4,1,0,gemcitabine and nab paclitaxel,drug,0,0,NA,1
NCT02362048,1,2015,2,0,NA,0,0,NA,0,DRUG,1,biotech,0,0,NA,0,acp 196,drug,0,0,NA,1
NCT02368860,NA,2015,1,0,NA,0,0,1,0,DRUG,0,academic,0,0,NA,0,oxaliplatin irinotecan capecitabine,drug,0,0,NA,1
NCT02382263,NA,2015,1,0,NA,0,0,1,0,DRUG,0,unknown,0,0,NA,0,nab paclitaxel 150 mg m2 gemcitabine 1000 weeks 1 3 4,drug,0,0,NA,1
NCT02383433,0,2015,2,0,NA,0,0,1,0,DRUG,0,academic,7,3,0.333,0,regorafenib,drug,1,1,NA,0
NCT02391662,NA,2015,2,0,NA,0,0,1,0,DRUG,0,academic,0,0,NA,0,nab paclitaxel 125 mg m2 weeks 1 2 3 4,drug,0,0,NA,1
NCT02393703,NA,2015,NA,NA,NA,0,0,1,0,NA,0,academic,10,3,1,1,liquid biopsy,NA,0,0,NA,1
NCT02394535,1,2015,1,0,NA,0,0,1,0,DRUG,1,academic,16,2,0.571,1,capecitabine,drug,22,7,0.571,0
NCT02395016,1,2015,3,0,NA,0,0,1,0,DRUG,1,biotech,0,0,NA,0,nimotuzumab,drug,1,0,1,0
NCT02399137,1,2015,2,0,NA,0,0,6,1,DRUG,0,biotech,1,1,1,0,mm 141,drug,0,0,NA,1
NCT02400398,NA,2015,NA,NA,NA,0,0,1,0,OTHER,0,unknown,0,0,NA,0,tube feeding,other,0,0,NA,1
NCT02404363,0,2015,3,0,NA,0,0,1,0,DRUG,0,unknown,0,0,NA,0,clopidogrel,drug,0,0,NA,1
NCT02405585,0,2015,2,0,NA,0,0,1,0,DRUG,1,biotech,6,3,0.6,0,mfolfirinox,drug,2,2,1,0
NCT02406846,NA,2015,NA,NA,NA,0,0,1,0,OTHER,0,academic,1,1,NA,0,flow cytometry fcm,other,0,0,NA,1
NCT02414100,0,2015,NA,NA,NA,0,0,1,0,OTHER,0,academic,1,0,1,0,laboratory biomarker analysis,other,2,1,NA,0
NCT02416609,NA,2015,NA,NA,NA,0,0,1,0,RADIATION,1,unknown,0,0,NA,0,ldr,radiation,0,0,NA,1
NCT02424279,NA,2015,NA,NA,NA,0,0,1,0,PROCEDURE,0,academic,0,0,NA,0,splanchnicectomy,procedure,0,0,NA,1
NCT02426281,NA,2015,2,0,NA,0,0,1,0,DRUG,0,academic,3,2,NA,0,nab paclitaxel,drug,12,12,0.625,0
NCT02427841,NA,2015,2,0,NA,0,0,1,0,DRUG,1,academic,2,1,0,0,fluorouracil,drug,11,1,0.667,0
NCT02428270,NA,2015,2,0,NA,0,0,1,0,DRUG,0,academic,7,4,0.333,0,gsk2256098,drug,0,0,NA,1
NCT02436564,NA,2015,NA,NA,NA,0,0,1,0,GENETIC,0,academic,4,2,NA,0,organoid in vitro culture,genetic,0,0,NA,1
NCT02436668,NA,2015,3,0,NA,0,0,8,1,DRUG,0,biotech,1,0,NA,0,ibrutinib,drug,0,0,NA,1
NCT02440958,NA,2015,2,0,NA,0,1,NA,0,DRUG,0,academic,1,1,0,0,modified folfirinox regimen,drug,0,0,NA,1
NCT02442323,NA,2015,NA,NA,NA,0,0,1,0,BEHAVIORAL,0,academic,4,1,0,0,walking intervention,behavioral,0,0,NA,1
NCT02446093,NA,2015,2,0,NA,0,0,2,1,BIOLOGICAL,1,biotech,0,0,NA,0,aglatimagene besadenovec,biological,0,0,NA,1
NCT02449967,0,2015,1,0,NA,0,0,1,0,PROCEDURE,0,academic,1,1,NA,0,interventional therapy,procedure,0,0,NA,1
NCT02451384,NA,2015,NA,NA,NA,0,0,1,0,PROCEDURE,0,academic,0,0,NA,0,routine surgery,procedure,0,0,NA,1
NCT02454140,1,2015,NA,NA,NA,0,0,1,0,RADIATION,0,academic,0,0,NA,0,sbrt,radiation,0,0,NA,1
NCT02456051,0,2015,NA,NA,NA,0,0,1,0,NA,0,academic,1,1,NA,0,biomarker,NA,16,12,NA,0
NCT02459652,NA,2015,2,0,NA,0,0,1,0,DRUG,1,unknown,0,0,NA,0,s 1,drug,4,1,0,0
NCT02461836,NA,2015,2,0,NA,0,0,1,0,DRUG,1,academic,0,0,NA,0,gemcitabine,drug,49,22,0.4,0
NCT02465983,0,2015,1,0,NA,0,0,1,0,BIOLOGICAL,1,academic,2,1,0,0,cart meso 19 t cells,biological,0,0,NA,1
NCT02468557,0,2015,1,0,NA,0,0,1,0,DRUG,0,unknown,5,3,0.333,0,idelalisib,drug,0,0,NA,1
NCT02475499,1,2015,NA,NA,NA,0,0,1,0,DRUG,0,unknown,0,0,NA,0,dpp 4 inhibitors,drug,0,0,NA,1
NCT02478892,NA,2015,NA,NA,NA,0,0,1,0,OTHER,0,academic,6,4,1,0,collection of data from endoscopic ultrasound or mri mrcp of the abdomen,other,0,0,NA,1
NCT02481635,NA,2015,1,0,NA,0,0,1,0,DRUG,1,academic,7,4,0.333,0,gemcitabine,drug,49,22,0.4,0
NCT02487277,0,2015,2,0,NA,0,0,1,0,DRUG,0,unknown,2,1,0,0,pegph20,drug,3,3,1,0
NCT02487836,NA,2015,2,0,NA,0,0,1,0,DEVICE,0,unknown,3,2,NA,0,type wallflex or evolution biliary stent system,device,0,0,NA,1
NCT02496832,0,2014,NA,NA,NA,0,0,NA,0,DRUG,0,academic,6,3,0.5,0,18f fluoroazomycin arabinoside,drug,0,0,NA,1
NCT02501902,1,2015,1,0,NA,0,0,2,1,DRUG,0,big_pharma,5,1,0.667,0,palbociclib,drug,0,0,NA,1
NCT02504333,1,2015,1,0,NA,0,0,1,0,DRUG,0,unknown,1,1,1,0,nab paclitaxel,drug,12,12,0.625,0
NCT02506803,NA,2015,1,0,NA,0,0,1,0,DRUG,0,academic,2,1,1,0,nac gemabr,drug,0,0,NA,1
NCT02506842,NA,2015,3,0,NA,0,0,1,0,DRUG,0,academic,2,2,NA,0,nab paclitaxel,drug,12,12,0.625,0
NCT02510066,NA,2015,3,0,NA,0,0,1,0,DEVICE,0,academic,0,0,NA,0,acupuncture,device,1,0,NA,0
NCT02511223,NA,2015,2,0,NA,0,0,1,0,DRUG,0,academic,0,0,NA,0,olaparib,drug,1,1,1,0
NCT02514031,0,2015,1,0,NA,0,0,1,0,DRUG,0,academic,2,0,0,0,arq 761,drug,0,0,NA,1
NCT02514421,NA,2015,1,0,NA,0,0,1,0,DEVICE,1,academic,1,0,NA,0,electroporation,device,0,0,NA,1
NCT02515513,0,2015,NA,NA,NA,0,0,1,0,PROCEDURE,0,academic,3,3,1,0,muscle tissue biopsy sample,procedure,0,0,NA,1
NCT02517268,1,2015,NA,NA,NA,0,0,1,0,PROCEDURE,0,academic,1,0,1,0,pancreaticoduodenectomy,procedure,0,0,NA,1
NCT02529579,NA,2015,1,0,NA,0,0,1,0,OTHER,1,academic,0,0,NA,0,iapa dc ctl adoptive cellular immunotherapy,other,0,0,NA,1
NCT02548169,0,2015,1,0,NA,0,0,1,0,BIOLOGICAL,0,academic,0,0,NA,0,dc vaccine standard of care chemotherapy,biological,0,0,NA,1
NCT02550327,NA,2015,0.5,0,NA,0,0,1,0,DRUG,0,academic,0,0,NA,0,nab paclitaxel,drug,12,12,0.625,0
NCT02550847,NA,2015,NA,NA,NA,0,0,1,0,DEVICE,0,academic,4,3,0,0,the imaging biomarkers determined by mr pet,device,0,0,NA,1
NCT02551991,1,2015,2,0,NA,0,0,3,1,DRUG,0,unknown,0,0,NA,0,nal iri,drug,0,0,NA,1
NCT02555813,1,2015,NA,NA,NA,0,0,1,0,DRUG,0,unknown,9,7,0.8,1,abraxane,drug,1,0,NA,0
NCT02558868,NA,2015,2,0,NA,0,0,1,0,DRUG,0,academic,1,1,NA,0,irinotecan,drug,1,1,1,0
NCT02559674,NA,2015,1,0,NA,0,0,1,0,BIOLOGICAL,0,unknown,0,0,NA,0,gemcitabine,biological,49,22,0.4,0
NCT02562716,1,2015,2,0,NA,0,0,1,0,DRUG,1,unknown,4,1,1,0,fluorouracil,drug,11,1,0.667,0
NCT02562898,1,2015,1,0,NA,0,0,1,0,DRUG,0,unknown,0,0,NA,0,ibrutinib,drug,0,0,NA,1
NCT02564146,1,2015,2,0,NA,0,0,1,0,DRUG,0,unknown,4,4,1,0,nab paclitaxel and gemcitabine,drug,1,1,1,0
NCT02565641,NA,2015,2,0,NA,0,0,NA,0,DRUG,0,big_pharma,6,2,0.667,0,capecitabine,drug,22,7,0.571,0
NCT02570529,0,2015,4,0,NA,0,0,NA,0,DRUG,0,academic,1,1,0,0,albis,drug,0,0,NA,1
NCT02570711,0,2015,2,0,NA,0,0,1,0,DRUG,0,biotech,0,0,NA,0,acp 196,drug,0,0,NA,1
NCT02575508,0,2015,1,0,NA,0,0,1,0,DRUG,1,academic,3,0,0,0,fluorouracil,drug,11,1,0.667,0
NCT02578459,0,2015,NA,NA,NA,0,0,1,0,DEVICE,1,unknown,0,0,NA,0,intrathecal drug delivery system,device,0,0,NA,1
NCT02578732,NA,2015,2,0,NA,0,0,1,0,DRUG,0,academic,3,3,NA,0,folfoxa,drug,2,2,NA,0
NCT02580422,0,2015,NA,NA,NA,0,0,1,0,NA,0,academic,2,1,NA,0,imaging diagnostics,NA,16,10,NA,0
NCT02581215,1,2015,2,0,NA,1,0,1,0,DRUG,1,unknown,0,0,NA,0,mfolfirinox,drug,2,2,1,0
NCT02581501,0,2015,1,0,NA,0,0,1,0,DRUG,0,academic,0,0,NA,0,gax gemcitabine abraxane and xeloda,drug,0,0,NA,1
NCT02591082,1,2015,NA,NA,NA,0,0,1,0,DEVICE,0,unknown,1,1,1,0,renovocath r120 catheter,device,0,0,NA,1
NCT02592395,0,2015,1,0,NA,0,0,NA,0,DRUG,1,academic,1,0,NA,0,folfirinox,drug,7,7,0,0
NCT02600949,NA,2015,1,0,NA,0,0,1,0,DRUG,1,academic,16,2,0.571,1,imiquimod,drug,0,0,NA,1
NCT02608229,0,2015,1,0,NA,0,0,1,0,DRUG,1,academic,4,4,0.5,0,bvd 523,drug,0,0,NA,1
NCT02620423,NA,2015,1,0,NA,0,0,1,0,BIOLOGICAL,1,biotech,1,0,1,0,reolysin,biological,1,0,1,0
NCT02620800,NA,2015,1,0,NA,0,0,1,0,DRUG,0,unknown,9,7,0.8,1,5fu,drug,0,0,NA,1
NCT02620865,1,2015,1,0,NA,0,0,1,0,BIOLOGICAL,1,academic,4,0,NA,0,aldesleukin,biological,0,0,NA,1
NCT02628067,NA,2023,2,0,NA,0,0,9,1,DRUG,0,big_pharma,2,1,0,0,keytruda 25 mg ml concentrate for solution for infusion,drug,0,0,NA,1
NCT02634502,NA,2015,2,0,NA,0,0,1,0,PROCEDURE,1,academic,2,2,NA,0,radiofrequency ablation,procedure,0,0,NA,1
NCT02635971,NA,2015,2,0,NA,0,0,1,0,PROCEDURE,1,academic,2,2,NA,0,transcatheter arterial infusion,procedure,0,0,NA,1
NCT02637596,NA,2015,NA,NA,NA,0,0,1,0,PROCEDURE,0,academic,0,0,NA,0,radiofrequency ablation,procedure,0,0,NA,1
NCT02639026,NA,2015,1,0,NA,0,0,1,0,RADIATION,1,academic,6,4,1,0,radiotherapy,radiation,2,1,NA,0
NCT02643498,NA,2015,1,0,NA,0,0,1,0,RADIATION,0,academic,10,3,1,1,stereotactic body radiotherapy sbrt,radiation,0,0,NA,1
NCT02646462,NA,2015,NA,NA,NA,0,0,1,0,NA,0,unknown,1,1,NA,0,surgical,NA,5,2,1,0
NCT02648282,NA,2016,2,0,NA,0,0,1,0,DRUG,1,academic,20,7,0.545,1,cyclophosphamide,drug,0,0,NA,1
NCT02648880,NA,2015,NA,NA,NA,0,0,1,0,BEHAVIORAL,1,academic,1,1,1,0,exercise program,behavioral,0,0,NA,1
NCT02650804,NA,2015,2,0,NA,0,0,2,1,DRUG,0,unknown,0,0,NA,0,bpm31510 nanosuspension injection,drug,0,0,NA,1
NCT02653313,1,2015,1,0,NA,0,0,1,0,DRUG,0,unknown,0,0,NA,0,parvovirus h 1 h 1pv,drug,0,0,NA,1
NCT02654288,NA,2016,NA,NA,NA,0,0,1,0,OTHER,0,academic,0,0,NA,0,gemcitabine based chemotherapy,other,0,0,NA,1
NCT02657330,NA,2015,1,0,NA,0,0,2,1,DRUG,0,biotech,0,0,NA,0,sbp 101,drug,0,0,NA,1
NCT02670746,0,2015,NA,NA,NA,0,0,1,0,NA,0,unknown,9,7,0.8,1,imaging diagnostics,NA,16,10,NA,0
NCT02672917,0,2016,1,0,NA,0,0,1,0,DRUG,0,biotech,0,0,NA,0,mvt 5873,drug,0,0,NA,1
NCT02677038,NA,2016,2,0,NA,0,0,1,0,DRUG,0,academic,18,4,0.625,1,olaparib,drug,2,2,1,0
NCT02681601,0,2016,NA,NA,NA,0,0,1,0,DIETARY_SUPPLEMENT,1,academic,2,1,0,0,nutrawell powder,dietary_supplement,0,0,NA,1
NCT02682082,0,2016,NA,NA,NA,0,0,1,0,PROCEDURE,1,academic,1,1,NA,0,endoscopic ultrasound guided celiax plexus neurolysis,procedure,0,0,NA,1
NCT02683824,1,2016,0.5,0,NA,0,0,1,0,DIAGNOSTIC_TEST,1,academic,4,1,0,0,computed tomography,diagnostic_test,0,0,NA,1
NCT02685228,NA,2016,NA,NA,NA,0,0,NA,0,DRUG,0,academic,0,0,NA,0,decitabine,drug,0,0,NA,1
NCT02694536,NA,2016,3,0,NA,0,0,1,0,DRUG,0,big_pharma,7,2,0.667,0,erlotinib,drug,8,3,0.8,0
NCT02695966,NA,2016,NA,NA,NA,0,0,1,0,PROCEDURE,0,academic,5,2,NA,0,whipples surgery,procedure,0,0,NA,1
NCT02697058,1,2016,2,0,NA,0,0,1,0,BIOLOGICAL,1,unknown,0,0,NA,0,bax2398 5 fu calcium levofolinate,biological,0,0,NA,1
NCT02702986,1,2016,1,0,NA,0,0,1,0,PROCEDURE,1,unknown,0,0,NA,0,immunostimulating interstitial laser thermotherapy,procedure,0,0,NA,1
NCT02704143,1,2016,NA,NA,NA,0,0,1,0,OTHER,1,academic,1,1,NA,0,combination of cyberknife with s 1,other,0,0,NA,1
NCT02704156,1,2016,2,0,NA,0,0,1,0,DEVICE,0,academic,1,1,NA,0,cyberknife plus pembrolizumab and trametinib,device,0,0,NA,1
NCT02705196,NA,2016,1,0,NA,0,0,1,0,GENETIC,1,biotech,0,0,NA,0,delolimogene mupadenorepvec,genetic,0,0,NA,1
NCT02707159,NA,2015,2,0,NA,0,0,1,0,DRUG,0,unknown,0,0,NA,0,nab paclitaxel gemcitabine,drug,1,1,NA,0
NCT02715804,0,2016,3,0,NA,0,0,22,1,OTHER,1,biotech,2,2,1,0,biological pegylated recombinant human hyaluronidase pegph20,other,0,0,NA,1
NCT02716207,1,2016,NA,NA,NA,0,0,1,0,DEVICE,0,academic,1,1,NA,0,cyberknife,device,0,0,NA,1
NCT02717091,NA,2016,2,0,NA,0,0,NA,0,DRUG,0,academic,0,0,NA,0,folfirinox,drug,9,9,0.2,0
NCT02718859,NA,2016,1,0,NA,0,0,1,0,BIOLOGICAL,1,academic,4,4,0,0,nk cells,biological,0,0,NA,1
NCT02720666,1,2016,1,0,NA,0,0,1,0,DRUG,0,academic,0,0,NA,0,k 001,drug,0,0,NA,1
NCT02723331,1,2016,2,0,NA,0,0,1,0,DRUG,0,unknown,0,0,NA,0,nab paclitaxel,drug,16,16,0.667,0
NCT02726854,NA,2016,2,0,NA,0,0,1,0,DRUG,0,academic,0,0,NA,0,apatinib,drug,0,0,NA,1
NCT02734160,1,2016,1,0,NA,0,0,5,1,DRUG,0,big_pharma,13,7,0.5,1,galunisertib,drug,1,1,1,0
NCT02734680,NA,2016,NA,NA,NA,0,0,1,0,RADIATION,1,academic,0,0,NA,0,concurrent chemoradiotherapy ccrt,radiation,0,0,NA,1
NCT02736578,0,2016,2,0,NA,0,0,1,0,DRUG,0,unknown,0,0,NA,0,cetuximab irdye800,drug,0,0,NA,1
NCT02737228,NA,2016,1,0,NA,0,0,1,0,DRUG,0,biotech,0,0,NA,0,cg200745 ppa,drug,0,0,NA,1
NCT02743975,0,2016,1,0,NA,0,0,1,0,DRUG,0,academic,0,0,NA,0,bevacizumab 800cw,drug,0,0,NA,1
NCT02745197,0,2016,2,0,NA,0,0,NA,0,DIETARY_SUPPLEMENT,0,academic,0,0,NA,0,nutritional supplement,dietary_supplement,0,0,NA,1
NCT02745847,NA,2016,NA,NA,NA,0,0,1,0,RADIATION,0,academic,1,1,NA,0,re irradiation with sbrt,radiation,0,0,NA,1
NCT02749136,1,2016,2,0,NA,0,0,1,0,DRUG,0,academic,3,0,NA,0,preoperative modified folfirinox and postoperative gemcitabine,drug,0,0,NA,1
NCT02750657,1,2016,NA,NA,NA,0,0,1,0,GENETIC,0,academic,9,6,0.333,0,molecular profiling,genetic,0,0,NA,1
NCT02754180,NA,2016,2,0,NA,0,0,1,0,DRUG,1,academic,0,0,NA,0,gemcitabine,drug,53,23,0.429,0
NCT02754726,NA,2016,2,0,NA,0,0,1,0,DRUG,0,academic,0,0,NA,0,nivolumab,drug,0,0,NA,1
NCT02757859,NA,2016,NA,NA,NA,0,0,1,0,PROCEDURE,1,academic,3,2,0.667,0,pancreatectomy,procedure,0,0,NA,1
NCT02767557,1,2016,2,0,NA,0,0,2,1,DRUG,0,academic,0,0,NA,0,tocilizumab,drug,0,0,NA,1
NCT02767700,NA,2016,NA,NA,NA,0,0,NA,0,GENETIC,0,academic,1,1,NA,0,ngs,genetic,0,0,NA,1
NCT02775695,NA,2016,2,0,NA,0,0,1,0,DRUG,0,unknown,1,1,NA,0,doxycycline,drug,0,0,NA,1
NCT02775786,NA,2015,NA,NA,NA,0,0,1,0,OTHER,0,academic,9,5,0,1,mris with and without intravenous contrast up to 2,other,0,0,NA,1
NCT02782182,0,2016,1,0,NA,0,0,1,0,DRUG,0,academic,4,1,1,0,folfirinox oxaliplatin leucovorin irinotecan,drug,0,0,NA,1
NCT02790944,NA,2016,NA,NA,NA,0,0,1,0,GENETIC,0,unknown,0,0,NA,0,multi gene next generation sequencing panel,genetic,0,0,NA,1
NCT02806687,NA,2016,2,0,NA,0,0,1,0,DRUG,0,academic,1,0,NA,0,gene therapy product cyl 02,drug,0,0,NA,1
NCT02810730,NA,2016,NA,NA,NA,0,0,1,0,PROCEDURE,0,academic,0,0,NA,0,pancreatic mri,procedure,0,0,NA,1
NCT02812992,1,2016,4,0,NA,0,0,1,0,DRUG,1,unknown,7,6,1,0,nab paclitaxel,drug,16,16,0.667,0
NCT02817308,NA,2016,NA,NA,NA,0,0,1,0,OTHER,0,unknown,2,0,NA,0,samples of blood saliva and urine,other,0,0,NA,1
NCT02818829,NA,2016,NA,NA,NA,0,0,1,0,OTHER,0,academic,1,0,NA,0,collection of biological samples,other,0,0,NA,1
NCT02818907,NA,2016,NA,NA,NA,0,0,1,0,OTHER,0,academic,0,0,NA,0,additional biological samples,other,0,0,NA,1
NCT02826486,1,2016,2,0,NA,0,0,4,1,DRUG,0,biotech,0,0,NA,0,bl 8040,drug,0,0,NA,1
NCT02827201,NA,2015,2,0,NA,0,0,1,0,DRUG,0,unknown,3,1,1,0,folfiri 3,drug,1,0,NA,0
NCT02839343,NA,2016,2,0,NA,0,0,2,1,RADIATION,1,academic,10,3,0.75,1,radiation therapy,radiation,2,1,NA,0
NCT02841436,NA,2016,NA,NA,NA,0,0,NA,0,DEVICE,0,academic,5,3,0,0,irreversible electroporation ire system,device,0,0,NA,1
NCT02843945,NA,2016,1,0,NA,0,0,1,0,DEVICE,0,unknown,0,0,NA,0,directional brachytherapy source implant,device,0,0,NA,1
NCT02847000,NA,2016,0.5,0,NA,0,0,1,0,DRUG,0,unknown,0,0,NA,0,tetrahydrouridine,drug,0,0,NA,1
NCT02850874,0,2016,2,0,NA,0,0,1,0,PROCEDURE,1,academic,7,4,0.5,0,hyperthermic intraperitoneal chemotherapy,procedure,0,0,NA,1
NCT02851381,0,2016,NA,NA,NA,0,0,NA,0,DRUG,0,academic,2,1,0,0,fg 3019,drug,2,1,NA,0
NCT02854072,NA,2015,3,0,NA,0,0,1,0,DRUG,0,biotech,0,0,NA,0,gv1001,drug,1,0,0,0
NCT02858141,NA,2016,NA,NA,NA,0,0,1,0,OTHER,0,unknown,4,3,NA,0,data collection,other,0,0,NA,1
NCT02862015,NA,2016,2,0,NA,0,1,1,0,OTHER,1,academic,6,5,1,0,oncothermia,other,1,1,NA,0
NCT02863367,NA,2016,2,0,NA,0,0,NA,0,DRUG,0,academic,1,1,0,0,apatinib,drug,0,0,NA,1
NCT02866383,1,2016,2,0,NA,0,0,1,0,DRUG,1,academic,0,0,NA,0,nivolumab,drug,0,0,NA,1
NCT02868632,0,2016,1,0,NA,0,0,1,0,DRUG,1,unknown,3,0,0,0,medi4736,drug,0,0,NA,1
NCT02869802,NA,2016,NA,NA,NA,0,0,1,0,PROCEDURE,1,unknown,0,0,NA,0,tumour biopsy,procedure,0,0,NA,1
NCT02873598,NA,2016,1,0,NA,0,0,1,0,DRUG,1,academic,2,2,1,0,folfirinox or gemcitabine abraxane,drug,0,0,NA,1
NCT02879318,1,2016,2,0,NA,0,0,1,0,DRUG,0,unknown,0,0,NA,0,gemcitabine,drug,53,23,0.429,0
NCT02886247,NA,2016,NA,NA,NA,0,0,1,0,NA,0,academic,1,1,0,0,genomics precision,NA,2,2,NA,0
NCT02887599,NA,2016,NA,NA,NA,0,0,1,0,PROCEDURE,0,academic,3,3,0,0,blood collection,procedure,0,0,NA,1
NCT02890355,NA,2016,2,0,NA,0,0,1,0,DRUG,1,academic,37,8,0.692,1,fluorouracil,drug,14,4,0.6,0
NCT02892305,NA,2016,NA,NA,NA,0,0,1,0,PROCEDURE,0,academic,3,1,0,0,hepatic resection or ablation with pancreaticoduodenectomy,procedure,0,0,NA,1
NCT02894944,1,2016,1,0,NA,0,0,1,0,BIOLOGICAL,0,academic,6,5,1,0,theragene ad5 ycd muttksr39rep adp,biological,0,0,NA,1
NCT02896803,NA,2016,2,0,NA,0,0,1,0,DRUG,0,unknown,1,1,NA,0,mflox,drug,0,0,NA,1
NCT02896907,NA,2016,0.5,0,NA,0,0,1,0,DRUG,1,academic,3,2,0.667,0,oxaliplatin,drug,8,4,0.667,0
NCT02896946,NA,2016,NA,NA,NA,0,0,NA,0,RADIATION,0,unknown,0,0,NA,0,diffusion weighted nuclear magnetic resonance imaging,radiation,0,0,NA,1
NCT02898649,NA,2016,NA,NA,NA,0,0,1,0,DEVICE,0,academic,3,3,0,0,irreversible electroporation,device,0,0,NA,1
NCT02900677,NA,2016,NA,NA,NA,0,0,1,0,BEHAVIORAL,0,academic,5,3,0,0,physical and nutrition program,behavioral,0,0,NA,1
NCT02902484,0,2016,1,0,NA,0,0,1,0,DRUG,0,academic,3,1,0,0,nintedanib,drug,0,0,NA,1
NCT02905578,1,2016,2,0,NA,0,0,1,0,DRUG,0,unknown,3,2,0,0,gemcitabine,drug,53,23,0.429,0
NCT02907099,NA,2016,2,0,NA,0,0,1,0,DRUG,1,academic,18,4,0.625,1,cxcr4 antagonist bl 8040,drug,0,0,NA,1
NCT02910882,0,2016,2,0,NA,0,0,1,0,DRUG,1,unknown,0,0,NA,0,pegylated recombinant human hyaluronidase pegph20,drug,0,0,NA,1
NCT02919787,NA,2016,2,0,NA,0,0,4,1,DRUG,1,academic,0,0,NA,0,5 fu,drug,0,0,NA,1
NCT02921022,NA,2016,NA,NA,NA,0,0,1,0,DRUG,0,academic,12,5,1,1,gemcitabine,drug,53,23,0.429,0
NCT02921737,0,2016,2,0,NA,0,0,1,0,DRUG,0,academic,4,4,0.5,0,tas 102,drug,0,0,NA,1
NCT02923921,1,2016,3,0,NA,0,0,13,1,BIOLOGICAL,1,big_pharma,13,7,0.5,1,pegilodecakin,biological,0,0,NA,1
NCT02926040,0,2016,NA,NA,NA,0,0,1,0,PROCEDURE,0,academic,0,0,NA,0,irreversible electroporation,procedure,0,0,NA,1
NCT02929797,NA,2016,0.5,0,NA,0,0,1,0,BIOLOGICAL,1,academic,0,0,NA,0,cd8 nkg2d akt cell,biological,0,0,NA,1
NCT02930902,NA,2016,1,0,NA,0,0,1,0,DRUG,1,academic,18,4,0.625,1,gemcitabine hydrochloride,drug,30,5,0.667,0
NCT02934984,NA,2016,NA,NA,NA,0,0,1,0,NA,0,academic,4,3,NA,0,biomarker,NA,17,9,0,0
NCT02945267,NA,2016,4,0,NA,0,0,1,0,DRUG,0,academic,2,2,NA,0,nimotuzumab plus s1,drug,0,0,NA,1
NCT02948309,1,2016,3,0,NA,0,0,1,0,DRUG,0,academic,1,1,NA,0,mistletoe extract iscador qu,drug,0,0,NA,1
NCT02952859,0,2016,NA,NA,NA,0,0,1,0,OTHER,0,academic,0,0,NA,0,irreversible electroporation,other,0,0,NA,1
NCT02959164,NA,2016,1,0,NA,0,0,1,0,DRUG,0,unknown,0,0,NA,0,decitabine,drug,0,0,NA,1
NCT02959879,1,2016,2,0,NA,0,0,1,0,DRUG,1,academic,1,1,NA,0,folfox neoadjuvant chemotherapy,drug,0,0,NA,1
NCT02967770,0,2016,2,0,NA,0,0,1,0,OTHER,1,academic,2,1,NA,0,molecularly tailored second line therapy,other,0,0,NA,1
NCT02973217,1,2016,NA,NA,NA,0,0,1,0,DEVICE,0,academic,0,0,NA,0,immunostimulating interstitial laser thermotherapy,device,0,0,NA,1
NCT02974764,1,2016,NA,NA,NA,0,0,1,0,OTHER,0,academic,1,1,0,0,no intervention exposures,other,0,0,NA,1
NCT02975141,NA,2016,1,0,NA,0,0,1,0,DRUG,0,unknown,0,0,NA,0,afatinib 30mg tab,drug,0,0,NA,1
NCT02977702,NA,2016,NA,NA,NA,0,0,NA,0,NA,0,unknown,0,0,NA,0,supportive outcomes,NA,7,3,NA,0
NCT02978547,NA,2016,2,0,NA,0,0,1,0,DRUG,0,unknown,0,0,NA,0,metformin hydrochloride 500mg tablet,drug,0,0,NA,1
NCT02979483,NA,2016,NA,NA,NA,0,0,1,0,OTHER,0,unknown,9,2,0.5,0,14 eiscp,other,0,0,NA,1
NCT02981342,1,2016,2,0,NA,0,0,8,1,DRUG,0,big_pharma,13,7,0.5,1,abemaciclib,drug,0,0,NA,1
NCT02981641,NA,2016,NA,NA,NA,0,0,1,0,RADIATION,1,academic,0,0,NA,0,intraoperative radiotherapy iort,radiation,0,0,NA,1
NCT02981719,NA,2016,NA,NA,NA,0,0,1,0,PROCEDURE,0,academic,4,4,0,0,simultaneous gemcitabine and irreversible electroporation,procedure,0,0,NA,1
NCT02984501,NA,2016,2,0,NA,0,0,NA,0,RADIATION,1,academic,0,0,NA,0,radiation,radiation,0,0,NA,1
NCT02985125,NA,2016,1,0,NA,0,0,1,0,DRUG,0,academic,2,1,NA,0,lee011,drug,0,0,NA,1
NCT02985801,0,2016,1,0,NA,0,0,1,0,DRUG,0,unknown,0,0,NA,0,pancrelipase,drug,0,0,NA,1
NCT02993731,NA,2016,3,0,NA,0,0,20,1,DRUG,0,biotech,1,1,NA,0,napabucasin,drug,0,0,NA,1
NCT03001505,0,2016,NA,NA,NA,0,0,1,0,NA,0,academic,3,1,0,0,registry real world,NA,1,1,1,0
NCT03001518,NA,2016,NA,NA,NA,0,0,1,0,NA,0,academic,3,1,0,0,surgical,NA,7,3,1,0
NCT03002831,0,2016,2,0,NA,0,0,1,0,BIOLOGICAL,1,academic,0,0,NA,0,cytokine induced killer cells,biological,0,0,NA,1
NCT03003078,1,2016,NA,NA,NA,0,0,3,1,DEVICE,0,unknown,0,0,NA,0,oncosil,device,0,0,NA,1
NCT03008304,NA,2016,1,0,NA,0,0,1,0,DRUG,0,academic,4,4,0,0,high activity natural killer,drug,0,0,NA,1
NCT03009253,NA,2016,NA,NA,NA,0,0,1,0,OTHER,0,academic,0,0,NA,0,order of treatment,other,0,0,NA,1
NCT03012282,0,2017,NA,NA,NA,0,0,1,0,DIAGNOSTIC_TEST,0,academic,1,0,NA,0,computed tomography perfusion imaging,diagnostic_test,0,0,NA,1
NCT03023722,NA,2017,2,0,NA,0,0,1,0,DRUG,0,academic,2,2,NA,0,anetumab ravtansine,drug,0,0,NA,1
NCT03032913,NA,2016,NA,NA,NA,0,0,1,0,PROCEDURE,0,academic,0,0,NA,0,blood samples,procedure,0,0,NA,1
NCT03033225,1,2017,2,0,NA,0,0,1,0,PROCEDURE,1,academic,8,1,0,0,endoscopic ultrasound,procedure,1,1,NA,0
NCT03033927,NA,2017,NA,NA,NA,0,0,1,0,DIAGNOSTIC_TEST,0,academic,13,5,1,1,ctc isolocation and analysis,diagnostic_test,0,0,NA,1
NCT03040986,1,2017,2,0,NA,0,0,1,0,OTHER,1,academic,38,7,0.692,1,laboratory biomarker analysis,other,3,1,0,0
NCT03042442,NA,2017,NA,NA,NA,0,0,1,0,DIAGNOSTIC_TEST,1,academic,0,0,NA,0,point of care biomarkers,diagnostic_test,0,0,NA,1
NCT03049189,NA,2024,3,0,NA,0,0,9,1,DRUG,0,unknown,2,1,NA,0,177lu edotreotide,drug,0,0,NA,1
NCT03058926,NA,2017,NA,NA,NA,0,0,1,0,OTHER,0,academic,21,7,0.625,1,data management and monitoring,other,0,0,NA,1
NCT03060720,NA,2017,NA,NA,NA,0,0,1,0,NA,0,academic,7,0,0,0,hereditary risk,NA,0,0,NA,1
NCT03063554,NA,2017,NA,NA,NA,0,0,1,0,PROCEDURE,0,academic,1,0,0,0,endoscopic ultrasound guided biliary drainage,procedure,0,0,NA,1
NCT03069599,0,2016,NA,NA,NA,0,0,1,0,PROCEDURE,0,academic,0,0,NA,0,irreversible electroporation ire,procedure,0,0,NA,1
NCT03069664,NA,2017,NA,NA,NA,0,0,1,0,PROCEDURE,1,academic,0,0,NA,0,ercp,procedure,0,0,NA,1
NCT03073785,NA,2017,2,0,NA,0,0,1,0,DRUG,1,academic,4,1,1,0,capecitabine,drug,24,4,0.625,0
NCT03076216,NA,2017,NA,NA,NA,0,0,1,0,DEVICE,0,unknown,1,1,1,0,oncosil,device,1,1,1,0
NCT03076502,NA,2017,NA,NA,NA,0,0,NA,0,NA,0,academic,0,0,NA,0,biomarker,NA,19,8,0,0
NCT03077334,NA,2017,NA,NA,NA,0,0,1,0,DEVICE,0,academic,5,5,0,0,pet ct,device,0,0,NA,1
NCT03077685,1,2017,2,0,NA,0,0,1,0,DRUG,0,biotech,0,0,NA,0,nanopac,drug,0,0,NA,1
NCT03080974,NA,2017,2,0,NA,0,0,1,0,DRUG,1,academic,1,1,NA,0,nivolumab,drug,2,2,1,0
NCT03086369,NA,2017,1,0,NA,0,0,3,1,DRUG,0,big_pharma,16,7,0.714,1,olaratumab,drug,0,0,NA,1
NCT03086642,1,2017,1,0,NA,0,0,1,0,DRUG,0,unknown,0,0,NA,0,talimogene laherparepvec,drug,1,0,NA,0
NCT03099265,0,2017,2,0,NA,0,0,1,0,DRUG,0,academic,2,2,NA,0,neoadjuvant mfolfirinox,drug,0,0,NA,1
NCT03104439,NA,2017,2,0,NA,0,0,1,0,DRUG,1,academic,10,3,0.25,0,nivolumab,drug,2,2,1,0
NCT03105921,1,2017,NA,NA,NA,0,0,1,0,DEVICE,0,academic,0,0,NA,0,nanoknife,device,0,0,NA,1
NCT03109041,NA,2017,1,0,NA,0,0,1,0,DEVICE,0,unknown,1,1,NA,0,civasheet,device,0,0,NA,1
NCT03114631,NA,2017,1,0,NA,0,0,1,0,BIOLOGICAL,0,academic,0,0,NA,0,dendritic cells pulsed with tumor lysate,biological,0,0,NA,1
NCT03117556,0,2017,NA,NA,NA,0,0,1,0,PROCEDURE,0,academic,1,1,NA,0,bilateral thoracoscopic splanchnicectomy,procedure,0,0,NA,1
NCT03117920,NA,2017,2,0,NA,0,0,1,0,DRUG,0,biotech,0,0,NA,0,minnelide,drug,0,0,NA,1
NCT03122106,0,2017,1,0,NA,0,0,1,0,BIOLOGICAL,1,academic,6,4,0.25,0,personalized neoantigen dna vaccine,biological,0,0,NA,1
NCT03126435,NA,2017,3,0,NA,0,0,7,1,DRUG,0,biotech,0,0,NA,0,endotag 1,drug,0,0,NA,1
NCT03127124,0,2017,1,0,NA,0,0,1,0,DRUG,0,biotech,0,0,NA,0,nant 008,drug,0,0,NA,1
NCT03136406,0,2017,1,0,NA,0,0,1,0,DRUG,1,biotech,1,1,NA,0,cyclophosphamide,drug,1,1,NA,0
NCT03138720,NA,2017,2,0,NA,0,0,1,0,DRUG,0,academic,1,1,NA,0,paclitaxel protein bound abraxane,drug,0,0,NA,1
NCT03140592,NA,2017,NA,NA,NA,0,0,1,0,PROCEDURE,0,academic,0,0,NA,0,biopsy,procedure,1,1,NA,0
NCT03140670,0,2017,2,0,NA,0,0,1,0,DRUG,0,academic,8,6,1,0,rucaparib,drug,1,1,NA,0
NCT03158779,NA,2017,2,0,NA,0,0,1,0,COMBINATION_PRODUCT,1,academic,0,0,NA,0,sbrt and chemotherapy,combination_product,0,0,NA,1
NCT03159819,NA,2017,NA,NA,NA,0,0,1,0,GENETIC,0,academic,5,5,1,0,car cld18 t cells,genetic,0,0,NA,1
NCT03161379,NA,2017,2,0,NA,0,0,1,0,DRUG,1,academic,21,5,0.545,1,cyclophosphamide,drug,1,1,NA,0
NCT03165591,NA,2017,1,0,NA,0,0,1,0,BIOLOGICAL,0,biotech,0,0,NA,0,v3 p,biological,0,0,NA,1
NCT03167112,NA,2017,2,0,NA,0,0,1,0,DRUG,0,unknown,0,0,NA,0,oxaliplatin,drug,9,4,0.667,0
NCT03168139,NA,2017,1,0,NA,0,0,1,0,DRUG,1,biotech,0,0,NA,0,olaptesed pegol monotherapy,drug,0,0,NA,1
NCT03180437,1,2017,1,0,NA,0,0,1,0,PROCEDURE,1,academic,7,7,0,0,ire surgery,procedure,0,0,NA,1
NCT03187028,NA,2017,NA,NA,NA,0,0,1,0,BEHAVIORAL,0,academic,3,1,0,0,diet only,behavioral,0,0,NA,1
NCT03187587,0,2017,NA,NA,NA,0,0,1,0,DEVICE,1,academic,1,1,1,0,imilt,device,0,0,NA,1
NCT03187951,NA,2017,NA,NA,NA,0,0,1,0,BEHAVIORAL,1,academic,21,7,0.625,1,questionnaires,behavioral,2,1,1,0
NCT03189914,NA,2017,1,0,NA,0,0,1,0,DRUG,0,biotech,0,0,NA,0,rx 3117,drug,0,0,NA,1
NCT03190265,NA,2017,2,0,NA,0,0,1,0,DRUG,0,academic,21,5,0.545,1,cyclophosphamide,drug,1,1,NA,0
NCT03192462,1,2017,1,0,NA,0,0,1,0,BIOLOGICAL,0,unknown,0,0,NA,0,multitaa specific t cells,biological,0,0,NA,1
NCT03193190,1,2017,1,0,NA,0,0,5,1,DRUG,0,big_pharma,8,3,0.667,0,nab paclitaxel,drug,18,17,0.727,0
NCT03199144,0,2017,2,0,NA,0,0,1,0,DRUG,1,academic,0,0,NA,0,chemotherapy,drug,11,2,NA,0
NCT03202199,NA,2017,NA,NA,NA,0,0,1,0,DEVICE,0,unknown,1,1,0,0,pet mri,device,1,1,NA,0
NCT03207724,1,2017,1,0,NA,0,0,1,0,DRUG,0,unknown,1,1,NA,0,xilonix plus onivyde and 5fu,drug,0,0,NA,1
NCT03213626,0,2017,2,0,NA,0,0,1,0,DRUG,0,unknown,0,0,NA,0,cabozantinib 40 mg,drug,0,0,NA,1
NCT03214250,1,2017,1,0,NA,0,0,1,0,DRUG,0,academic,0,0,NA,0,apx005m,drug,0,0,NA,1
NCT03214991,NA,2017,NA,NA,NA,0,0,1,0,NA,0,unknown,0,0,NA,0,biomarker,NA,19,8,0,0
NCT03215459,NA,2017,NA,NA,NA,0,0,NA,0,DEVICE,0,academic,1,1,NA,0,cardiopulmonary exercise test,device,0,0,NA,1
NCT03225781,0,2017,NA,NA,NA,0,0,1,0,DEVICE,0,unknown,1,1,1,0,electrochemotherapy with bleomycin,device,0,0,NA,1
NCT03236883,NA,2017,1,0,NA,0,0,1,0,DRUG,1,academic,2,2,0,0,gemcitabine,drug,57,22,0.478,0
NCT03239184,NA,2017,2,0,NA,0,0,1,0,DEVICE,1,academic,7,7,0,0,cancer ablation,device,0,0,NA,1
NCT03245346,NA,2017,NA,NA,NA,0,0,1,0,DRUG,0,academic,5,5,NA,0,gea,drug,0,0,NA,1
NCT03245541,NA,2017,1,0,NA,0,0,1,0,DRUG,1,academic,13,5,1,1,durvalumab,drug,1,1,NA,0
NCT03245658,0,2017,2,0,NA,0,0,1,0,DRUG,0,unknown,0,0,NA,0,thc and cbd mixture,drug,0,0,NA,1
NCT03250078,NA,2016,NA,NA,NA,0,0,1,0,DIAGNOSTIC_TEST,0,unknown,0,0,NA,0,mri mrcp,diagnostic_test,0,0,NA,1
NCT03250273,1,2017,2,0,NA,0,0,1,0,DRUG,0,academic,21,5,0.545,1,entinostat,drug,0,0,NA,1
NCT03251365,NA,2017,2,0,NA,0,0,1,0,DRUG,0,academic,0,0,NA,0,hipec gemcitabine,drug,0,0,NA,1
NCT03252808,NA,2017,1,0,NA,0,0,1,0,BIOLOGICAL,1,biotech,0,0,NA,0,tbi 1401 hf10,biological,0,0,NA,1
NCT03256201,NA,2017,NA,NA,NA,0,0,1,0,BEHAVIORAL,0,academic,4,1,0,0,nutritional counseling,behavioral,0,0,NA,1
NCT03264404,NA,2017,2,0,NA,0,0,1,0,DRUG,0,unknown,0,0,NA,0,pembrolizumab,drug,1,1,NA,0
NCT03266757,NA,2017,NA,NA,NA,0,0,NA,0,NA,0,unknown,0,0,NA,0,advanced disease,NA,159,67,0,0
NCT03267173,NA,2017,0.5,0,NA,0,0,1,0,DRUG,0,academic,0,0,NA,0,chimeric antigen receptor t cell,drug,0,0,NA,1
NCT03269526,NA,2017,1,0,NA,0,0,1,0,DRUG,0,academic,1,1,0,0,egfr bats after standard of care chemo,drug,0,0,NA,1
NCT03273374,1,2017,NA,NA,NA,0,0,1,0,DEVICE,0,academic,0,0,NA,0,intraoperative radiation therapy iort,device,0,0,NA,1
NCT03278015,NA,2017,2,0,NA,0,0,1,0,DRUG,0,academic,3,3,NA,0,nab paclitaxel plus gemcitabine,drug,0,0,NA,1
NCT03281382,NA,2017,1,0,NA,0,0,1,0,BIOLOGICAL,0,unknown,2,1,0,0,ad5 ycd muttksr39rep hil12,biological,0,0,NA,1
NCT03300921,0,2017,1,0,NA,0,0,1,0,DRUG,0,academic,8,6,1,0,paricalcitol,drug,1,1,NA,0
NCT03301805,NA,2017,2,0,NA,0,0,NA,0,DRUG,0,biotech,0,0,NA,0,blex 404,drug,0,0,NA,1
NCT03302637,NA,2017,NA,NA,NA,0,0,1,0,OTHER,0,unknown,4,1,0,0,16s rrna gene sequencing assay,other,0,0,NA,1
NCT03307148,1,2017,1,0,NA,0,0,1,0,DRUG,0,unknown,0,0,NA,0,atra,drug,0,0,NA,1
NCT03307564,NA,2017,NA,NA,NA,0,0,1,0,DEVICE,0,academic,21,5,0.545,1,traceit tissue marker injection,device,0,0,NA,1
NCT03310632,NA,2017,1,0,NA,0,0,3,1,DRUG,0,biotech,0,0,NA,0,antroquinonol,drug,0,0,NA,1
NCT03311776,NA,2017,NA,NA,NA,0,0,1,0,NA,0,unknown,0,0,NA,0,biomarker,NA,19,8,0,0
NCT03316326,NA,2017,2,0,NA,0,0,NA,0,DRUG,0,academic,7,5,0,0,tegafur gimeracil oteracil potassium,drug,0,0,NA,1
NCT03316599,NA,2017,1,0,NA,0,0,1,0,DRUG,0,academic,7,0,0,0,gemcitabine,drug,57,22,0.478,0
NCT03317886,NA,2017,3,0,NA,0,0,1,0,PROCEDURE,0,academic,3,2,1,0,pancreaticoduodenectomy,procedure,1,1,1,0
NCT03318497,NA,2017,2,0,NA,0,0,1,0,DRUG,1,academic,4,2,0,0,3 deoxy 3 f 18 fluorothymidine f 18 flt,drug,0,0,NA,1
NCT03322995,NA,2017,2,0,NA,0,0,1,0,DRUG,1,unknown,2,2,NA,0,first line chemotherapy,drug,0,0,NA,1
NCT03323944,0,2017,1,0,NA,0,0,1,0,BIOLOGICAL,0,academic,3,2,0,0,hucart meso cells,biological,0,0,NA,1
NCT03329248,0,2017,1,0,NA,0,0,1,0,BIOLOGICAL,1,biotech,1,1,NA,0,alt 803,biological,0,0,NA,1
NCT03331055,1,2017,NA,NA,NA,0,0,1,0,DEVICE,0,academic,7,7,0,0,pens,device,0,0,NA,1
NCT03331562,1,2017,2,0,NA,0,0,1,0,DRUG,0,academic,0,0,NA,0,pembrolizumab,drug,1,1,NA,0
NCT03331640,0,2017,2,0,NA,0,0,1,0,DRUG,0,unknown,8,7,1,0,off,drug,0,0,NA,1
NCT03334708,NA,2017,NA,NA,NA,0,0,2,1,DIAGNOSTIC_TEST,0,academic,13,5,1,1,blood draw,diagnostic_test,2,0,NA,0
NCT03336216,NA,2017,2,0,NA,0,0,11,1,BIOLOGICAL,1,big_pharma,1,0,NA,0,cabiralizumab,biological,0,0,NA,1
NCT03337997,0,2017,NA,NA,NA,0,0,1,0,PROCEDURE,0,academic,0,0,NA,0,irreversible electroporation,procedure,3,3,0,0
NCT03340974,1,2017,1,0,NA,0,0,1,0,DRUG,1,biotech,0,0,NA,0,gc4419,drug,0,0,NA,1
NCT03344172,0,2017,2,0,NA,0,0,1,0,DRUG,0,unknown,1,1,0,0,gemcitabine nab paclitaxel hydroxychloroquine and avelumab,drug,0,0,NA,1
NCT03362177,NA,2023,3,0,NA,0,0,8,1,DRUG,0,big_pharma,4,1,NA,0,nplate 500 micrograms powder and solvent for solution for injection,drug,0,0,NA,1
NCT03374293,NA,2017,2,0,NA,0,0,1,0,RADIATION,1,unknown,0,0,NA,0,radiation,radiation,1,1,NA,0
NCT03374852,0,2017,2,0,NA,0,0,NA,0,DRUG,0,academic,5,4,0.667,0,cpi 613,drug,1,1,0,0
NCT03376659,0,2017,1,0,NA,0,0,1,0,DRUG,1,academic,4,2,0,0,durvalumab,drug,1,1,NA,0
NCT03377491,1,2017,3,0,NA,0,0,20,1,DEVICE,1,biotech,1,1,NA,0,novottf 200t,device,0,0,NA,1
NCT03384238,NA,2017,1,0,NA,0,0,1,0,PROCEDURE,1,unknown,1,1,0,0,fluorescence imaging,procedure,0,0,NA,1
NCT03387098,0,2017,1,0,NA,0,0,1,0,DRUG,1,biotech,1,1,NA,0,aldoxorubicin hcl,drug,0,0,NA,1
NCT03392571,0,2017,2,0,NA,0,0,NA,0,DRUG,0,unknown,4,0,NA,0,ngc triple regimen,drug,0,0,NA,1
NCT03398291,NA,2018,3,0,NA,0,0,1,0,PROCEDURE,1,academic,7,6,NA,0,synchronous resection of primary pancreatic cancer and liver oligometastasis,procedure,0,0,NA,1
NCT03400072,NA,2018,NA,NA,NA,1,1,1,0,OTHER,0,academic,1,1,NA,0,unsupervised apa program,other,0,0,NA,1
NCT03401827,NA,2017,4,0,NA,0,0,1,0,DRUG,0,academic,8,5,1,0,chemotherapy gemcitabine nab paclitaxel,drug,0,0,NA,1
NCT03403049,NA,2016,1,0,NA,0,0,2,1,RADIATION,1,unknown,1,1,0,0,carbon ion,radiation,0,0,NA,1
NCT03403101,NA,2017,2,0,NA,0,0,1,0,DRUG,0,academic,5,5,NA,0,s1,drug,0,0,NA,1
NCT03404661,NA,2018,NA,NA,NA,0,0,1,0,DRUG,0,academic,9,2,0.333,0,synthetic human secretin,drug,1,0,0,0
NCT03404960,1,2017,1,0,NA,0,0,1,0,DRUG,0,academic,3,2,0,0,niraparib nivolumab,drug,0,0,NA,1
NCT03412799,NA,2018,1,0,NA,0,0,2,1,DRUG,0,biotech,1,1,NA,0,sbp 101,drug,1,1,NA,0
NCT03415802,NA,2018,2,0,NA,0,0,1,0,DRUG,0,unknown,0,0,NA,0,nab paclitaxel and s 1,drug,0,0,NA,1
NCT03415854,NA,2018,2,0,NA,0,0,1,0,DRUG,0,academic,2,2,NA,0,paricalcitol zemplar,drug,0,0,NA,1
NCT03417921,0,2018,1,0,NA,0,0,1,0,DRUG,0,biotech,0,0,NA,0,abtl0812,drug,0,0,NA,1
NCT03432624,NA,2018,NA,NA,NA,0,0,1,0,DIAGNOSTIC_TEST,0,academic,7,6,NA,0,serum microrna 25 detection,diagnostic_test,0,0,NA,1
NCT03432676,0,2018,2,0,NA,0,0,NA,0,DRUG,1,academic,23,8,0.625,1,epacadostat,drug,0,0,NA,1
NCT03435289,NA,2017,1,0,NA,0,0,1,0,DRUG,1,unknown,0,0,NA,0,cpi 613 in combination with gemcitabine and nab paclitaxel,drug,0,0,NA,1
NCT03435536,NA,2018,NA,NA,NA,0,0,1,0,OTHER,0,academic,3,2,NA,0,blood samples,other,1,1,NA,0
NCT03443492,1,2018,2,0,NA,0,0,1,0,DRUG,0,academic,6,1,1,0,s 1,drug,5,1,0,0
NCT03443921,NA,2017,NA,NA,NA,0,0,1,0,PROCEDURE,1,academic,0,0,NA,0,artery divestment technique,procedure,0,0,NA,1
NCT03444948,0,2017,NA,NA,NA,0,0,1,0,DEVICE,1,academic,2,1,0,0,eus rfa using habib tm as a probe,device,0,0,NA,1
NCT03447691,NA,2018,NA,NA,NA,0,0,1,0,DRUG,0,academic,6,6,0,0,des volatile anesthetic desflurane,drug,0,0,NA,1
NCT03460769,NA,2018,NA,NA,NA,0,0,1,0,OTHER,0,academic,23,8,0.625,1,data management and monitoring,other,1,1,NA,0
NCT03468335,1,2018,3,0,NA,0,0,1,0,DRUG,0,unknown,9,8,0.8,0,irinotecan liposomal injection onivyde,drug,0,0,NA,1
NCT03469258,0,2018,2,0,NA,0,0,1,0,DRUG,0,academic,9,2,0,0,pancrelipase,drug,1,1,0,0
NCT03469375,NA,2018,NA,NA,NA,0,0,1,0,DRUG,0,academic,1,1,NA,0,modified folfirinox,drug,1,0,1,0
NCT03469726,NA,2018,NA,NA,NA,0,0,4,1,DIAGNOSTIC_TEST,0,academic,0,0,NA,0,contrast enhanced diffusion weighted mri,diagnostic_test,0,0,NA,1
NCT03470948,0,2018,NA,NA,NA,0,0,1,0,OTHER,0,academic,1,0,NA,0,observe postoperative complications,other,0,0,NA,1
NCT03471468,0,2018,NA,NA,NA,0,0,1,0,PROCEDURE,0,academic,1,1,1,0,kinetics of microparticles under chemotherapy,procedure,0,0,NA,1
NCT03472716,NA,2018,NA,NA,NA,0,0,1,0,PROCEDURE,0,academic,0,0,NA,0,biological samples,procedure,0,0,NA,1
NCT03481920,0,2018,0.5,0,NA,0,0,1,0,DRUG,0,unknown,1,1,NA,0,pegylated recombinant human hyaluronidase pegph20,drug,1,1,0,0
NCT03483038,NA,2018,2,0,NA,0,0,1,0,DRUG,0,academic,5,2,0.333,0,liposomal irinotecan,drug,0,0,NA,1
NCT03484299,NA,2018,1,0,NA,0,0,1,0,PROCEDURE,1,academic,3,3,0,0,irreversible electroporation ire,procedure,1,1,0,0
NCT03487016,NA,2018,2,0,NA,0,0,1,0,DRUG,0,academic,1,0,NA,0,gemcitabine,drug,59,19,0.478,0
NCT03490604,NA,2018,NA,NA,NA,0,0,1,0,DEVICE,1,academic,0,0,NA,0,wrist worn accelerometer,device,0,0,NA,1
NCT03492164,0,2018,0.5,0,NA,0,0,1,0,DRUG,0,academic,10,7,0.333,0,18f fluorthanatrace 18f ftt,drug,0,0,NA,1
NCT03492671,NA,2018,2,0,NA,0,0,1,0,DRUG,1,academic,1,0,0,0,gemcitabine 1000 mg,drug,0,0,NA,1
NCT03496662,NA,2018,1,0,NA,0,0,1,0,DRUG,1,academic,7,5,0.2,0,bms 813160,drug,0,0,NA,1
NCT03497819,NA,2017,0.5,0,NA,0,0,1,0,BIOLOGICAL,0,academic,0,0,NA,0,cartmeso cart19,biological,0,0,NA,1
NCT03498326,NA,2018,2,0,NA,0,0,1,0,DRUG,0,academic,1,1,NA,0,gemcitabine,drug,59,19,0.478,0
NCT03500068,NA,2018,NA,NA,NA,0,0,1,0,DIAGNOSTIC_TEST,0,unknown,5,3,1,0,biopsies blood analyses,diagnostic_test,0,0,NA,1
NCT03502343,NA,2018,2,0,NA,0,0,1,0,DRUG,1,academic,6,6,0,0,modified gemcitabine plus nab paclitaxel combination chemotherapy,drug,0,0,NA,1
NCT03505229,NA,2018,NA,NA,NA,0,0,1,0,RADIATION,0,academic,0,0,NA,0,stereotactic body radiotherapy sbrt,radiation,1,1,NA,0
NCT03509298,0,2018,2,0,NA,0,0,1,0,BIOLOGICAL,1,academic,10,10,0.667,0,activated cik and cd3 muc1 bispecific antibody in treating pancreatic cancer,biological,0,0,NA,1
NCT03512756,0,2018,2,0,NA,1,1,1,0,DRUG,0,biotech,0,0,NA,0,sm 88 used with mps methoxsalen phenytoin sirolimus,drug,0,0,NA,1
NCT03513198,NA,2018,NA,NA,NA,0,0,NA,0,DIAGNOSTIC_TEST,1,academic,0,0,NA,0,endoscopic ultrasound including fine needle aspiration,diagnostic_test,0,0,NA,1
NCT03513705,1,2018,NA,NA,NA,0,0,1,0,OTHER,0,unknown,5,3,1,0,best practices in pancreatic cancer care,other,0,0,NA,1
NCT03517176,1,2018,1,0,NA,0,0,1,0,DRUG,0,biotech,0,0,NA,0,cend 1,drug,0,0,NA,1
NCT03519308,0,2018,0.5,0,NA,0,0,1,0,DRUG,0,academic,10,7,0.333,0,nivolumab,drug,4,4,1,0
NCT03520790,0,2018,1,0,NA,0,0,1,0,DRUG,1,academic,9,2,0,0,gemcitabine,drug,59,19,0.478,0
NCT03523312,NA,2018,2,0,NA,0,0,1,0,RADIATION,1,academic,16,8,1,1,hypofractionated ablative imrt hfa imrt,radiation,0,0,NA,1
NCT03524677,NA,2018,NA,NA,NA,0,0,2,1,DIAGNOSTIC_TEST,0,academic,2,2,0,0,liquid biopsy,diagnostic_test,1,1,NA,0
NCT03528785,NA,2017,2,0,NA,0,0,1,0,DRUG,0,academic,0,0,NA,0,irinotecan liposomal injection onivyde oxaliplatin 5 fu levofolinic acid,drug,0,0,NA,1
NCT03531125,0,2018,NA,NA,NA,0,0,1,0,PROCEDURE,0,academic,2,2,1,0,endoscopic ultrasound,procedure,2,2,1,0
NCT03535727,NA,2018,1,0,NA,0,0,1,0,DRUG,0,academic,25,9,0.583,1,nab paclitaxel,drug,19,17,0.75,0
NCT03536182,0,2018,3,0,NA,0,0,2,1,RADIATION,0,academic,5,3,0,0,carbon ion radiation therapy cirt,radiation,0,0,NA,1
NCT03536208,0,2018,0.5,0,NA,0,0,1,0,DRUG,0,academic,5,3,0,0,warfarin,drug,0,0,NA,1
NCT03536793,NA,2018,NA,NA,NA,0,0,1,0,NA,0,academic,1,0,1,0,biomarker,NA,24,12,0,0
NCT03541486,0,2018,2,0,NA,0,0,1,0,DRUG,1,unknown,0,0,NA,0,ascorbate,drug,1,1,NA,0
NCT03544255,NA,2018,NA,NA,NA,0,0,1,0,PROCEDURE,0,unknown,0,0,NA,0,biopsy,procedure,2,1,NA,0
NCT03553004,NA,2018,2,0,NA,0,0,1,0,DRUG,0,academic,0,0,NA,0,niraparib treatment,drug,0,0,NA,1
NCT03559348,NA,2018,2,0,NA,0,0,1,0,DRUG,0,academic,6,1,1,0,chemotherapy ts 1 leucovorin and gemcitabine,drug,0,0,NA,1
NCT03563144,0,2018,2,0,NA,0,0,1,0,DRUG,1,biotech,4,3,0,0,gemcitabine,drug,59,19,0.478,0
NCT03563248,NA,2018,2,0,NA,0,0,1,0,DRUG,1,academic,11,3,0.25,1,folfirinox,drug,10,7,0.2,0
NCT03572400,NA,2018,2,0,NA,0,0,1,0,DRUG,0,unknown,0,0,NA,0,gemcitabine,drug,59,19,0.478,0
NCT03578939,1,2018,NA,NA,NA,0,0,1,0,PROCEDURE,0,academic,1,1,NA,0,biopsy eus guided,procedure,0,0,NA,1
NCT03579836,NA,2018,1,0,NA,0,0,1,0,DRUG,1,biotech,0,0,NA,0,bey1107,drug,0,0,NA,1
NCT03585062,0,2018,2,0,NA,0,0,1,0,DRUG,0,academic,0,0,NA,0,s1,drug,1,1,NA,0
NCT03586869,0,2018,1,0,NA,0,0,1,0,DRUG,1,biotech,4,3,0,0,aldoxorubicin hcl,drug,1,1,0,0
NCT03590275,1,2018,NA,NA,NA,0,0,1,0,DRUG,0,unknown,3,3,NA,0,folfirinox,drug,10,7,0.2,0
NCT03592888,1,2018,1,0,NA,0,0,1,0,DRUG,0,academic,5,4,0.25,0,mdc3 8 kras vaccine,drug,0,0,NA,1
NCT03599154,NA,2018,NA,NA,NA,0,0,1,0,NA,0,academic,0,0,NA,0,chemotherapy,NA,13,3,0,0
NCT03599362,0,2018,2,0,NA,0,0,1,0,DRUG,1,unknown,5,2,0,0,nivolumab cabiralizumab,drug,0,0,NA,1
NCT03600623,0,2018,0.5,0,NA,0,0,1,0,DRUG,0,academic,4,2,0,0,folfirinox,drug,10,7,0.2,0
NCT03601923,NA,2018,2,0,NA,0,0,1,0,DRUG,0,academic,9,2,0,0,niraparib,drug,0,0,NA,1
NCT03610490,0,2018,2,0,NA,0,0,1,0,BIOLOGICAL,1,academic,23,8,0.625,1,autologous tumor infiltrating lymphocytes mda til,biological,0,0,NA,1
NCT03614910,NA,2018,NA,NA,NA,0,0,1,0,DEVICE,0,academic,0,0,NA,0,nanoknife irreversible electroporation,device,0,0,NA,1
NCT03616431,NA,2018,NA,NA,NA,0,0,1,0,DIAGNOSTIC_TEST,0,unknown,1,0,NA,0,pancreo kit breath test,diagnostic_test,0,0,NA,1
NCT03621644,NA,2018,NA,NA,NA,0,0,2,1,RADIATION,0,biotech,0,0,NA,0,stereotactic mri guided on table adaptive radiation therapy,radiation,0,0,NA,1
NCT03627390,NA,2018,2,0,NA,0,0,1,0,DRUG,0,unknown,0,0,NA,0,bp c1,drug,0,0,NA,1
NCT03632850,NA,2018,NA,NA,NA,0,0,1,0,OTHER,0,academic,0,0,NA,0,web based interactive tool,other,0,0,NA,1
NCT03633734,NA,2018,1,0,NA,0,0,1,0,DRUG,0,academic,1,1,NA,0,sequential treatment,drug,0,0,NA,1
NCT03634332,NA,2018,2,0,NA,0,0,1,0,DRUG,1,unknown,5,1,0,0,pegph20,drug,4,4,0.667,0
NCT03636308,NA,2018,2,0,NA,0,0,1,0,DRUG,0,academic,1,1,NA,0,nanoparticle albumin bound paclitaxel,drug,2,2,NA,0
NCT03638193,NA,2017,NA,NA,NA,0,0,1,0,BIOLOGICAL,0,biotech,0,0,NA,0,cart meso cells,biological,0,0,NA,1
NCT03645148,1,2018,1,0,NA,0,0,1,0,BIOLOGICAL,1,academic,0,0,NA,0,ineo vac p01,biological,0,0,NA,1
NCT03648632,1,2018,NA,NA,NA,0,0,1,0,RADIATION,0,unknown,2,0,0,0,stereotactic radiotherapy,radiation,1,1,1,0
NCT03649035,0,2018,3,0,NA,0,0,1,0,DEVICE,0,academic,1,1,NA,0,htp treatment,device,0,0,NA,1
NCT03649321,0,2018,1,0,NA,0,0,1,0,DRUG,0,academic,5,3,0,0,bemcentinib,drug,0,0,NA,1
NCT03652428,NA,2018,1,0,NA,0,0,1,0,DRUG,1,academic,3,2,NA,0,gemcitabine,drug,59,19,0.478,0
NCT03659292,NA,2018,NA,NA,NA,0,0,1,0,OTHER,0,academic,7,6,NA,0,gea,other,1,1,NA,0
NCT03659903,NA,2018,NA,NA,NA,0,0,NA,0,PROCEDURE,0,academic,0,0,NA,0,pancreaticoduodenectomy,procedure,2,2,1,0
NCT03662035,NA,2018,2,0,NA,0,0,NA,0,DRUG,0,academic,0,0,NA,0,apatinib,drug,2,2,NA,0
NCT03662412,NA,2018,1,0,NA,0,0,1,0,DRUG,0,academic,1,1,NA,0,sirolimus,drug,1,0,NA,0
NCT03665571,NA,2018,NA,NA,NA,0,0,1,0,DIAGNOSTIC_TEST,0,academic,4,1,1,0,receptor specific activation method,diagnostic_test,0,0,NA,1
NCT03666832,NA,2018,1,0,NA,0,1,1,0,DRUG,0,unknown,0,0,NA,0,tew 7197,drug,0,0,NA,1
NCT03673423,NA,2018,NA,NA,NA,0,0,1,0,NA,0,unknown,0,0,NA,0,observational non therapeutic,NA,3,1,NA,0
NCT03679910,NA,2018,NA,NA,NA,0,0,1,0,DIAGNOSTIC_TEST,0,academic,0,0,NA,0,cemip ca19 9 cea,diagnostic_test,0,0,NA,1
NCT03687853,NA,2018,NA,NA,NA,0,0,1,0,DEVICE,0,academic,0,0,NA,0,intrahepatic arterial infusion,device,0,0,NA,1
NCT03693378,1,2018,NA,NA,NA,0,0,5,1,NA,0,biotech,0,0,NA,0,biomarker,NA,24,12,0,0
NCT03693677,NA,2018,2,0,NA,0,0,2,1,DRUG,0,unknown,5,2,1,0,irinotecan liposomal injection,drug,0,0,NA,1
NCT03697239,0,2018,1,0,NA,0,0,1,0,DRUG,0,unknown,0,0,NA,0,ascorbic acid,drug,0,0,NA,1
NCT03697564,NA,2018,2,0,NA,0,0,1,0,DRUG,0,unknown,0,0,NA,0,gemcitabine,drug,59,19,0.478,0
NCT03699319,NA,2018,1,0,NA,0,0,1,0,DRUG,0,unknown,0,0,NA,0,cpi 613,drug,2,2,0,0
NCT03703063,NA,2018,1,0,NA,0,0,1,0,DRUG,0,academic,1,0,NA,0,gemcitabine,drug,59,19,0.478,0
NCT03704662,NA,2018,NA,NA,NA,0,0,1,0,RADIATION,0,unknown,3,3,NA,0,stereotactic body radiation therapy,radiation,1,1,NA,0
NCT03711890,0,2018,NA,NA,NA,0,0,1,0,PROCEDURE,1,academic,2,0,1,0,optical coherence tomography,procedure,0,0,NA,1
NCT03714542,NA,2016,NA,NA,NA,0,0,1,0,OTHER,0,academic,0,0,NA,0,pre and postoperative mri,other,0,0,NA,1
NCT03716531,NA,2018,NA,NA,NA,0,0,1,0,RADIATION,0,academic,11,3,0.25,1,iort,radiation,0,0,NA,1
NCT03716596,0,2018,1,0,NA,0,0,1,0,RADIATION,1,academic,1,1,NA,0,sbrt,radiation,1,1,1,0
NCT03717298,NA,2018,2,0,NA,0,0,1,0,DIETARY_SUPPLEMENT,0,unknown,0,0,NA,0,ocoxin viusid,dietary_supplement,0,0,NA,1
NCT03718650,0,2018,0.5,0,NA,0,0,1,0,DRUG,1,academic,7,2,0.333,0,pimonidazole,drug,0,0,NA,1
NCT03721744,NA,2018,2,0,NA,0,0,3,1,DRUG,1,academic,0,0,NA,0,gb201,drug,0,0,NA,1
NCT03723915,0,2018,2,0,NA,0,0,1,0,BIOLOGICAL,0,academic,3,0,0.5,0,pembrolizumab,biological,3,3,1,0
NCT03724435,0,2018,NA,NA,NA,0,0,4,1,NA,0,unknown,0,0,NA,0,imaging diagnostics,NA,28,16,0,0
NCT03726021,1,2018,2,0,NA,0,0,1,0,DRUG,0,academic,0,0,NA,0,irinotecan oxaliplatin and s1,drug,0,0,NA,1
NCT03727880,1,2018,2,0,NA,0,0,1,0,DRUG,0,unknown,0,0,NA,0,pembrolizumab,drug,3,3,1,0
NCT03745430,NA,2018,1,0,NA,0,0,1,0,DRUG,0,unknown,1,0,NA,0,ramucirumab,drug,0,0,NA,1
NCT03747588,NA,2018,NA,NA,NA,0,0,1,0,PROCEDURE,1,academic,2,2,NA,0,minimally invasive pancreaticoduodenectomy,procedure,0,0,NA,1
NCT03749005,NA,2018,NA,NA,NA,0,0,1,0,NA,0,academic,0,0,NA,0,imaging diagnostics,NA,28,16,0,0
NCT03750669,NA,2018,3,0,NA,0,0,1,0,DRUG,0,academic,1,1,NA,0,ag regimen,drug,0,0,NA,1
NCT03760614,0,2018,1,0,NA,0,0,NA,0,DRUG,0,academic,10,7,0.333,0,entinostat,drug,1,1,1,0
NCT03766295,NA,2018,3,0,NA,0,0,8,1,DRUG,0,unknown,3,1,1,0,masitinib,drug,1,0,1,0
NCT03767582,NA,2018,1,0,NA,0,0,1,0,RADIATION,1,academic,25,9,0.583,1,stereotactic body radiation sbrt,radiation,0,0,NA,1
NCT03768687,NA,2018,NA,NA,NA,0,0,1,0,NA,0,academic,1,1,NA,0,registry real world,NA,2,2,0.5,0
NCT03770247,NA,2018,NA,NA,NA,0,0,1,0,PROCEDURE,0,academic,0,0,NA,0,intraoperative celiac plexus neurolysis,procedure,0,0,NA,1
NCT03770559,NA,2018,NA,NA,NA,0,0,1,0,PROCEDURE,0,academic,2,2,NA,0,minimal invasive ramps,procedure,0,0,NA,1
NCT03772756,NA,2018,NA,NA,NA,0,0,1,0,PROCEDURE,1,academic,0,0,NA,0,endoscopic ultrasound guided radiofrequency ablation,procedure,0,0,NA,1
NCT03777462,NA,2018,2,0,NA,0,0,1,0,DRUG,0,academic,6,6,1,0,neoadjuvant gemcitabine plus nab paclitaxel,drug,0,0,NA,1
NCT03778879,0,2018,1,0,NA,0,0,1,0,DRUG,0,unknown,0,0,NA,0,ccx872 b,drug,1,1,NA,0
NCT03784417,0,2018,NA,NA,NA,0,0,1,0,DEVICE,0,academic,0,0,NA,0,eus guided laser ablation,device,0,0,NA,1
NCT03785210,NA,2018,2,0,NA,0,0,1,0,DRUG,0,academic,39,5,0.714,1,nivolumab,drug,4,4,1,0
NCT03788382,1,2018,NA,NA,NA,0,0,1,0,NA,0,unknown,2,2,0.5,0,resectable disease,NA,28,13,1,0
NCT03791073,NA,2018,NA,NA,NA,0,0,1,0,NA,0,academic,0,0,NA,0,biomarker,NA,24,12,0,0
NCT03792932,NA,2018,NA,NA,NA,0,0,1,0,PROCEDURE,0,academic,7,6,NA,0,laparoscopic distal pancreatectomy,procedure,0,0,NA,1
NCT03798769,1,2018,NA,NA,NA,0,0,1,0,OTHER,0,academic,11,3,0.25,1,supportive oncology care at home,other,0,0,NA,1
NCT03801915,1,2019,2,0,NA,0,0,1,0,DRUG,1,academic,40,5,0.714,1,mvt 5873,drug,1,1,0,0
NCT03806309,NA,2018,2,0,NA,0,0,1,0,DRUG,0,unknown,10,3,0.5,0,folfiri,drug,1,0,1,0
NCT03815461,NA,2019,2,0,NA,0,0,1,0,DRUG,0,unknown,0,0,NA,0,nab paclitaxel and s 1,drug,1,1,NA,0
NCT03816163,NA,2019,2,0,NA,0,0,13,1,DRUG,0,biotech,0,0,NA,0,zolbetuximab,drug,0,0,NA,1
NCT03816358,NA,2019,1,0,NA,0,0,2,1,BIOLOGICAL,1,academic,40,5,0.714,1,anetumab ravtansine,biological,1,1,NA,0
NCT03820544,0,2019,NA,NA,NA,0,0,1,0,PROCEDURE,1,academic,6,5,0.5,0,endoscopic retrograde cholangiopancreatography,procedure,0,0,NA,1
NCT03820661,NA,2019,NA,NA,NA,0,0,1,0,DEVICE,0,academic,10,4,0.5,0,ultrasound,device,0,0,NA,1
NCT03820921,NA,2018,NA,NA,NA,0,0,NA,0,DIAGNOSTIC_TEST,1,academic,0,0,NA,0,eus fnb,diagnostic_test,0,0,NA,1
NCT03821870,NA,2019,NA,NA,NA,0,0,1,0,DIAGNOSTIC_TEST,1,academic,1,1,NA,0,inditreat,diagnostic_test,0,0,NA,1
NCT03821909,NA,2019,NA,NA,NA,0,0,1,0,PROCEDURE,0,unknown,1,1,NA,0,endoscopic ultrasound guided protal venous blood sampling,procedure,0,0,NA,1
NCT03822936,0,2019,2,0,NA,0,0,1,0,DRUG,1,academic,0,0,NA,0,preoperative chemotherapy,drug,0,0,NA,1
NCT03825289,NA,2019,1,0,NA,0,0,1,0,DRUG,0,academic,3,1,0,0,hydroxychloroquine,drug,1,0,NA,0
NCT03825328,NA,2019,2,0,NA,0,0,NA,0,DRUG,0,unknown,0,0,NA,0,albumin bound paclitaxel,drug,0,0,NA,1
NCT03838029,NA,2019,2,0,NA,0,0,1,0,DRUG,1,academic,0,0,NA,0,propranolol and etodolac,drug,0,0,NA,1
NCT03840460,NA,2019,NA,NA,NA,0,0,1,0,NA,0,unknown,3,0,0,0,biomarker,NA,28,13,0.5,0
NCT03848182,0,2019,2,0,NA,0,0,1,0,DRUG,1,unknown,2,1,0,0,gemcitabine,drug,67,21,0.44,0
NCT03850769,NA,2019,2,0,NA,0,0,1,0,DRUG,0,academic,4,4,NA,0,nab paclitaxel and s 1,drug,1,1,NA,0
NCT03851237,NA,2019,1,0,NA,0,0,1,0,DRUG,1,academic,8,5,0.2,0,64cu dota eclii,drug,0,0,NA,1
NCT03856658,NA,2019,2,0,NA,0,0,1,0,DRUG,1,unknown,1,0,NA,0,floxuridine fudr,drug,0,0,NA,1
NCT03859869,0,2019,4,0,NA,0,0,1,0,DRUG,0,big_pharma,0,0,NA,0,pancrelipase,drug,2,2,0,0
NCT03865875,NA,2019,NA,NA,NA,0,0,1,0,BEHAVIORAL,0,academic,14,5,0.4,1,exercise program,behavioral,1,1,NA,0
NCT03882866,NA,2019,NA,NA,NA,0,0,1,0,PROCEDURE,0,academic,0,0,NA,0,3d printed non coplanar template,procedure,0,0,NA,1
NCT03883919,NA,2019,1,0,NA,0,0,1,0,DRUG,1,academic,8,5,0.2,0,5 fu,drug,1,1,NA,0
NCT03885284,NA,2019,1,0,NA,0,0,1,0,DRUG,1,academic,5,3,0,0,mfolfirinox,drug,4,3,0.75,0
NCT03886298,NA,2019,NA,NA,NA,0,0,1,0,PROCEDURE,0,academic,1,1,NA,0,radiofrequency splanchnic denervation,procedure,0,0,NA,1
NCT03886571,NA,2019,NA,NA,NA,0,0,1,0,NA,0,academic,0,0,NA,0,biomarker,NA,28,13,0.5,0
NCT03890198,0,2019,0.5,0,NA,0,0,1,0,BIOLOGICAL,0,academic,1,1,NA,0,lcar c182a cells,biological,0,0,NA,1
NCT03891472,NA,2019,2,0,NA,0,0,1,0,DRUG,0,academic,0,0,NA,0,patients will receive initial chemotherapy followed by evaluation of the response to the treatment followed by sbrt followed by chemotherapy,drug,0,0,NA,1
NCT03891979,0,2019,4,0,NA,0,0,1,0,DRUG,0,unknown,6,3,0,0,pembrolizumab,drug,5,5,0.667,0
NCT03895177,NA,2019,NA,NA,NA,0,0,1,0,DIAGNOSTIC_TEST,0,academic,9,5,1,0,contrast enhanced computed tomography,diagnostic_test,0,0,NA,1
NCT03899636,NA,2019,3,0,NA,0,0,1,0,DRUG,1,biotech,1,0,NA,0,modified folfirinox regimen,drug,1,1,NA,0
NCT03899649,NA,2019,NA,NA,NA,0,0,1,0,DRUG,1,biotech,1,0,NA,0,soc,drug,0,0,NA,1
NCT03902600,NA,2019,NA,NA,NA,0,0,1,0,RADIATION,0,academic,10,2,0.333,0,moderately hypofractionated rt,radiation,0,0,NA,1
NCT03906331,NA,2024,4,0,NA,0,1,4,1,DRUG,0,big_pharma,0,0,NA,0,selpercatinib,drug,0,0,NA,1
NCT03906357,NA,2019,NA,NA,NA,0,0,NA,0,DRUG,0,biotech,6,5,0.333,0,pemigatinib,drug,0,0,NA,1
NCT03908333,0,2019,1,0,NA,0,0,1,0,DRUG,0,unknown,4,3,NA,0,ascorbic acid,drug,1,1,0,0
NCT03910387,NA,2019,2,0,NA,0,0,1,0,DRUG,0,academic,1,0,1,0,gemcitabine,drug,67,21,0.44,0
NCT03914950,NA,2019,NA,NA,NA,0,0,NA,0,DIAGNOSTIC_TEST,0,academic,0,0,NA,0,pet ct results with tof without tof,diagnostic_test,0,0,NA,1
NCT03915444,NA,2019,2,0,NA,0,0,1,0,DRUG,0,academic,3,3,NA,0,nab paclitaxel cisplatin gemcitabine,drug,0,0,NA,1
NCT03929094,NA,2019,2,0,NA,0,0,1,0,DRUG,0,academic,11,10,NA,0,paclitaxel for injection albumin bound,drug,0,0,NA,1
NCT03937453,NA,2019,NA,NA,NA,0,0,1,0,DIAGNOSTIC_TEST,0,unknown,1,1,NA,0,mri mrcp,diagnostic_test,1,1,NA,0
NCT03940027,NA,2019,NA,NA,NA,0,0,1,0,PROCEDURE,0,academic,7,7,1,0,eus guided celiac plexus neurolysis,procedure,0,0,NA,1
NCT03941093,NA,2019,3,0,NA,0,0,12,1,DRUG,0,unknown,2,1,NA,0,pamrevlumab gemcitabine nab paclitaxel or pamrevlumab folfirinox,drug,0,0,NA,1
NCT03941457,NA,2019,1,0,NA,0,0,1,0,BIOLOGICAL,0,biotech,0,0,NA,0,bicar nk cells robo1 car nk cells,biological,0,0,NA,1
NCT03943667,1,2019,3,0,NA,0,0,1,0,DRUG,0,unknown,5,2,1,0,gemcitabine,drug,67,21,0.44,0
NCT03949933,NA,2019,NA,NA,NA,0,0,1,0,RADIATION,0,academic,0,0,NA,0,proton and carbon ion radiotherapy,radiation,0,0,NA,1
NCT03956056,0,2019,1,0,NA,0,0,1,0,BIOLOGICAL,1,academic,8,5,0.2,0,neoantigen peptide vaccine,biological,0,0,NA,1
NCT03957135,NA,2019,NA,NA,NA,1,1,1,0,PROCEDURE,0,academic,9,5,1,0,laparoscopic distal pancreatectomy,procedure,1,1,NA,0
NCT03959150,NA,2019,2,0,NA,0,0,1,0,DRUG,0,academic,0,0,NA,0,capecitabine,drug,25,3,0.625,0
NCT03964064,NA,2019,NA,NA,NA,0,0,1,0,RADIATION,0,academic,1,1,NA,0,stereotactic radiotherapy,radiation,2,2,1,0
NCT03970252,NA,2019,0.5,0,NA,0,0,1,0,DRUG,1,academic,4,3,0,0,fluorouracil,drug,15,4,0.6,0
NCT03973736,NA,2019,NA,NA,NA,0,0,1,0,OTHER,0,unknown,0,0,NA,0,application of a diagnostic and therapeutic protocol multidisciplinary discussion and radiological ct review,other,0,0,NA,1
NCT03974854,0,2019,2,0,NA,0,0,1,0,DRUG,0,academic,2,2,NA,0,xeloxiri 3,drug,0,0,NA,1
NCT03977233,NA,2019,2,0,NA,0,0,1,0,DRUG,0,academic,2,0,0,0,oxaliplatin,drug,10,3,0.667,0
NCT03977272,1,2019,2,0,NA,0,0,1,0,DRUG,1,academic,2,2,NA,0,combination drug,drug,0,0,NA,1
NCT03979066,0,2019,2,0,NA,0,0,1,0,DRUG,0,unknown,0,0,NA,0,atezolizumab,drug,0,0,NA,1
NCT03982446,1,2019,NA,NA,NA,0,0,1,0,GENETIC,0,unknown,2,1,NA,0,mutations,genetic,0,0,NA,1
NCT03984214,NA,2019,3,0,NA,0,0,2,1,DRUG,0,unknown,0,0,NA,0,dronabinol in oral dosage form,drug,0,0,NA,1
NCT03986294,NA,2019,2,0,NA,0,0,1,0,DRUG,0,unknown,7,3,1,0,s1 nal iri,drug,0,0,NA,1
NCT03989310,NA,2019,1,0,NA,0,0,1,0,DRUG,0,academic,4,4,NA,0,manganese chloride,drug,0,0,NA,1
NCT03990675,NA,2019,NA,NA,NA,0,0,1,0,PROCEDURE,0,academic,2,0,0,0,fna fnb,procedure,0,0,NA,1
NCT03991962,NA,2019,2,0,NA,0,0,1,0,DRUG,1,academic,4,3,0,0,mfolfirinox,drug,4,3,0.75,0
NCT03998566,NA,2019,NA,NA,NA,0,0,1,0,DEVICE,0,biotech,1,0,0,0,traceit tissue spacer implantation,device,0,0,NA,1
NCT04002479,NA,2019,NA,NA,NA,0,0,1,0,DEVICE,0,biotech,0,0,NA,0,radiation diffusing alpha radiation emitters therapy dart,device,0,0,NA,1
NCT04005690,NA,2019,0.5,0,NA,0,0,1,0,DRUG,1,academic,3,2,0,0,cobimetinib,drug,0,0,NA,1
NCT04024345,NA,2019,NA,NA,NA,0,0,1,0,DIAGNOSTIC_TEST,0,unknown,1,1,NA,0,barratt simplified measure of social status bsmss,diagnostic_test,0,0,NA,1
NCT04024358,NA,2019,NA,NA,NA,0,0,1,0,NA,0,unknown,0,0,NA,0,observational non therapeutic,NA,4,1,NA,0
NCT04025840,NA,2019,4,0,NA,0,0,1,0,OTHER,1,academic,0,0,NA,0,epidural block,other,0,0,NA,1
NCT04037241,0,2019,2,0,NA,0,0,NA,0,BIOLOGICAL,1,biotech,0,0,NA,0,anti cea car t cells,biological,0,0,NA,1
NCT04045730,0,2019,2,0,NA,0,0,NA,0,DRUG,0,academic,4,3,0,0,gemcitabine,drug,67,21,0.44,0
NCT04046887,0,2019,1,0,NA,0,0,1,0,DRUG,0,unknown,1,1,0,0,lonsurf,drug,0,0,NA,1
NCT04048278,NA,2019,0.5,0,NA,0,0,1,0,DRUG,0,academic,1,1,0,0,lidocaine hydrochloride,drug,0,0,NA,1
NCT04049461,NA,2019,NA,NA,NA,0,0,1,0,DIAGNOSTIC_TEST,1,academic,0,0,NA,0,bone alkaline phosphatase,diagnostic_test,0,0,NA,1
NCT04050085,NA,2019,1,0,NA,0,0,1,0,BIOLOGICAL,1,academic,1,0,1,0,nivolumab,biological,6,6,0.5,0
NCT04054362,NA,2019,2,0,NA,0,0,1,0,DRUG,0,unknown,1,1,1,0,paclitaxel protein bound,drug,0,0,NA,1
NCT04058964,0,2019,2,0,NA,0,0,1,0,BIOLOGICAL,0,academic,26,11,0.5,1,pegylated recombinant human hyaluronidase ph20,biological,0,0,NA,1
NCT04064034,NA,2019,NA,NA,NA,0,0,1,0,OTHER,0,academic,10,2,0.333,0,lateral flow assay lfa,other,0,0,NA,1
NCT04070313,0,2019,2,0,NA,0,0,1,0,DRUG,0,unknown,0,0,NA,0,s 1,drug,6,2,0.333,0
NCT04080024,NA,2019,1,0,NA,0,0,1,0,DRUG,0,unknown,0,0,NA,0,sn132d,drug,0,0,NA,1
NCT04082455,NA,2019,NA,NA,NA,0,0,1,0,RADIATION,0,academic,0,0,NA,0,carbon ion radiotherapy,radiation,1,0,0,0
NCT04083235,1,2019,3,0,NA,0,0,18,1,DRUG,0,unknown,1,1,1,0,irinotecan liposomal injection,drug,1,1,NA,0
NCT04083599,NA,2024,1,0,NA,0,0,5,1,DRUG,0,unknown,0,0,NA,0,abraxane 5 mg ml powder for dispersion for infusion,drug,0,0,NA,1
NCT04083651,0,2019,2,0,NA,0,0,1,0,DRUG,0,biotech,0,0,NA,0,methylnaltrexone bromide,drug,0,0,NA,1
NCT04084496,NA,2019,2,0,NA,0,0,1,0,DRUG,0,academic,0,0,NA,0,folfirinox,drug,13,8,0.286,0
NCT04087889,NA,2019,NA,NA,NA,0,0,1,0,BIOLOGICAL,0,biotech,0,0,NA,0,hb admscs,biological,0,0,NA,1
NCT04089150,NA,2019,2,0,NA,0,0,1,0,RADIATION,1,unknown,0,0,NA,0,stereotactic radiotherapy sbrt,radiation,0,0,NA,1
NCT04090463,0,2019,2,0,NA,0,0,1,0,RADIATION,0,unknown,3,3,0.667,0,intraoperative radiotherapy,radiation,0,0,NA,1
NCT04091295,NA,2019,NA,NA,NA,0,0,1,0,DRUG,0,unknown,0,0,NA,0,dng64,drug,0,0,NA,1
NCT04093141,NA,2019,NA,NA,NA,0,0,1,0,PROCEDURE,0,unknown,0,0,NA,0,ire,procedure,0,0,NA,1
NCT04095195,NA,2019,NA,NA,NA,0,0,1,0,RADIATION,1,unknown,0,0,NA,0,mrcp,radiation,0,0,NA,1
NCT04098081,NA,2019,2,0,NA,0,0,1,0,DRUG,0,academic,4,2,NA,0,galeterone,drug,0,0,NA,1
NCT04098237,NA,2019,2,0,NA,0,0,1,0,DRUG,0,unknown,2,2,1,0,pancrelipase,drug,2,2,0,0
NCT04098432,1,2019,1,0,NA,0,0,1,0,DRUG,1,academic,0,0,NA,0,nivolumab,drug,6,6,0.5,0
NCT04101929,NA,2019,2,0,NA,0,0,1,0,DRUG,0,academic,11,10,NA,0,apatinib,drug,3,3,NA,0
NCT04106856,NA,2019,1,0,NA,0,0,1,0,RADIATION,1,academic,3,1,0,0,hypofractionated radiation therapy,radiation,0,0,NA,1
NCT04109495,1,2019,NA,NA,NA,0,0,1,0,OTHER,0,academic,8,7,0,0,smart phone application noom,other,0,0,NA,1
NCT04110769,NA,2019,NA,NA,NA,0,0,1,0,DIAGNOSTIC_TEST,0,academic,5,2,1,0,next generation sequencing,diagnostic_test,0,0,NA,1
NCT04112836,NA,2019,NA,NA,NA,0,0,6,1,NA,0,academic,0,0,NA,0,advanced disease,NA,190,74,0,0
NCT04115163,NA,2019,2,0,NA,0,0,1,0,DRUG,0,unknown,0,0,NA,0,gemcitabine,drug,67,21,0.44,0
NCT04117087,NA,2019,1,0,NA,0,0,1,0,DRUG,0,academic,27,9,0.583,1,kras peptide vaccine,drug,0,0,NA,1
NCT04119362,NA,2019,NA,NA,NA,0,0,1,0,OTHER,0,unknown,0,0,NA,0,quality of live questionnaires,other,0,0,NA,1
NCT04123574,0,2019,0.5,0,NA,0,0,1,0,DRUG,0,biotech,0,0,NA,0,talabostat mesylate,drug,0,0,NA,1
NCT04128332,NA,2019,NA,NA,NA,0,0,1,0,RADIATION,0,unknown,0,0,NA,0,pre operative stereotactic ablative body radiotherapy,radiation,0,0,NA,1
NCT04130399,0,2019,2,0,NA,0,0,1,0,RADIATION,1,academic,3,1,0,0,stereotactic body radiation therapy sbrt,radiation,2,0,0,0
NCT04131192,0,2019,1,0,NA,0,0,1,0,DRUG,0,biotech,0,0,NA,0,z650,drug,0,0,NA,1
NCT04132505,NA,2019,1,0,NA,0,0,1,0,DRUG,0,academic,26,11,0.5,1,binimetinib,drug,0,0,NA,1
NCT04133155,1,2019,NA,NA,NA,0,0,1,0,DRUG,0,academic,5,2,1,0,nab paclitaxel plus gemcitabine,drug,1,1,NA,0
NCT04134468,0,2019,2,0,NA,0,0,1,0,DRUG,0,academic,13,9,0.167,1,pegvorhyaluronidase alfa,drug,0,0,NA,1
NCT04136522,NA,2019,NA,NA,NA,0,0,1,0,PROCEDURE,0,academic,5,2,1,0,conventional pancreaticoduodenectomy,procedure,0,0,NA,1
NCT04136769,0,2019,NA,NA,NA,0,0,1,0,PROCEDURE,0,unknown,0,0,NA,0,visceral debranching,procedure,0,0,NA,1
NCT04137536,NA,2019,1,0,NA,0,0,1,0,DRUG,0,academic,17,8,1,1,anti egfr bispecific antibody armed activated t cells,drug,0,0,NA,1
NCT04137822,NA,2019,NA,NA,NA,0,0,2,1,BIOLOGICAL,0,unknown,0,0,NA,0,imm 101,biological,1,0,NA,0
NCT04141995,0,2019,2,0,NA,0,0,1,0,DRUG,0,academic,5,1,1,0,digoxin,drug,0,0,NA,1
NCT04143152,NA,2019,NA,NA,NA,0,0,1,0,NA,0,academic,0,0,NA,0,biomarker,NA,28,13,0.5,0
NCT04146298,NA,2019,1,0,NA,0,0,1,0,DRUG,1,academic,7,7,1,0,cyclophosphamide,drug,4,4,0,0
NCT04146441,NA,2019,2,0,NA,0,0,1,0,COMBINATION_PRODUCT,1,academic,0,0,NA,0,sonovue,combination_product,1,0,NA,0
NCT04151277,NA,2019,2,0,NA,0,0,1,0,DRUG,0,unknown,0,0,NA,0,folfox a,drug,0,0,NA,1
NCT04151719,0,2019,3,0,NA,0,0,NA,0,DRUG,0,biotech,0,0,NA,0,methylnaltrexone bromide mntx,drug,0,0,NA,1
NCT04156087,NA,2019,2,0,NA,0,0,1,0,DRUG,1,unknown,0,0,NA,0,durvalumab 50 mg ml,drug,0,0,NA,1
NCT04157127,NA,2019,1,0,NA,0,0,1,0,BIOLOGICAL,0,biotech,0,0,NA,0,autologous dc therapy,biological,0,0,NA,1
NCT04158635,NA,2019,1,0,NA,0,0,1,0,DRUG,1,academic,7,2,0,0,bosentan,drug,0,0,NA,1
NCT04161417,NA,2019,NA,NA,NA,0,0,1,0,OTHER,0,unknown,0,0,NA,0,patients with suspected or confirmed pancreatic cancer will be be asked to provide biopsy material for molecular profiling,other,0,0,NA,1
NCT04161755,NA,2019,1,0,NA,0,0,1,0,DRUG,1,academic,17,8,1,1,atezolizumab,drug,0,0,NA,1
NCT04164602,NA,2019,NA,NA,NA,0,0,1,0,NA,0,academic,0,0,NA,0,biomarker,NA,28,13,0.5,0
NCT04164992,NA,2019,NA,NA,NA,0,0,NA,0,DEVICE,0,academic,1,1,NA,0,eusra electrode needle connected to a radiofrequency generator viva rf generator starmed seoul s korea,device,0,0,NA,1
NCT04167007,NA,2019,3,0,NA,0,0,1,0,DRUG,0,unknown,2,2,0,0,gemcitabine,drug,67,21,0.44,0
NCT04172532,NA,2019,1,0,NA,0,0,1,0,PROCEDURE,1,academic,40,5,0.714,1,biopsy procedure,procedure,0,0,NA,1
NCT04176952,0,2019,2,0,NA,0,0,1,0,DRUG,0,unknown,0,0,NA,0,folfox a,drug,0,0,NA,1
NCT04177810,NA,2019,2,0,NA,0,0,1,0,DRUG,0,academic,27,9,0.583,1,cemiplimab,drug,0,0,NA,1
NCT04181645,NA,2019,NA,NA,NA,0,0,1,0,DRUG,0,academic,1,1,NA,0,biological shr 1210 drug gemcitabine drug paclitaxel albumin,drug,0,0,NA,1
NCT04183478,NA,2019,2,0,NA,0,0,1,0,DRUG,1,academic,1,1,NA,0,k 001,drug,1,1,1,0
NCT04191421,NA,2019,1,0,NA,0,0,1,0,BIOLOGICAL,0,academic,1,0,1,0,siltuximab,biological,0,0,NA,1
NCT04193904,0,2019,1,0,NA,0,0,1,0,DRUG,1,biotech,0,0,NA,0,mrx0518,drug,0,0,NA,1
NCT04194268,NA,2019,NA,NA,NA,0,0,1,0,RADIATION,0,academic,3,1,0,0,carbon ion,radiation,1,1,NA,0
NCT04196816,NA,2019,NA,NA,NA,0,0,1,0,NA,0,academic,1,1,NA,0,supportive outcomes,NA,8,2,NA,0
NCT04203641,0,2019,1,0,NA,0,0,1,0,BIOLOGICAL,1,biotech,0,0,NA,0,l dos47,biological,0,0,NA,1
NCT04207944,NA,2019,2,0,NA,0,0,1,0,DRUG,1,academic,6,4,0,0,sulindac 400 mg,drug,0,0,NA,1
NCT04211948,NA,2019,NA,NA,NA,0,0,1,0,PROCEDURE,0,academic,0,0,NA,0,robotic surgery,procedure,0,0,NA,1
NCT04212026,0,2019,2,0,NA,0,0,1,0,DRUG,0,academic,0,0,NA,0,nivolumab,drug,6,6,0.5,0
NCT04216758,NA,2019,2,0,NA,0,0,1,0,DRUG,0,academic,11,10,NA,0,nab paclitaxel,drug,20,14,0.75,0
NCT04217096,NA,2019,4,0,NA,0,0,1,0,DRUG,0,academic,11,10,NA,0,paclitaxel liposome,drug,0,0,NA,1
NCT04224402,NA,2019,2,0,NA,0,0,1,0,DRUG,0,unknown,1,1,1,0,mfolforinox,drug,0,0,NA,1
NCT04228601,1,2020,1,0,NA,0,0,1,0,DRUG,0,biotech,0,0,NA,0,fluzoparib,drug,0,0,NA,1
NCT04229004,1,2019,3,0,NA,0,1,1,0,DRUG,0,unknown,0,0,NA,0,gemcitabine combined with nab paclitaxel,drug,0,0,NA,1
NCT04233866,NA,2020,2,0,NA,0,0,1,0,DRUG,1,unknown,0,0,NA,0,fluorouracil,drug,16,5,0.6,0
NCT04239001,NA,2020,NA,NA,NA,0,0,1,0,DRUG,0,biotech,0,0,NA,0,peg rhg csf,drug,0,0,NA,1
NCT04241276,NA,2020,2,0,NA,1,0,1,0,DRUG,0,academic,0,0,NA,0,atra,drug,1,1,1,0
NCT04241367,NA,2020,NA,NA,NA,0,1,1,0,NA,0,academic,1,0,1,0,biomarker,NA,35,19,0.5,0
NCT04243499,NA,2024,1,0,NA,0,0,2,1,OTHER,1,biotech,0,0,NA,0,ict01,other,0,0,NA,1
NCT04245644,NA,2020,NA,NA,NA,0,0,1,0,BEHAVIORAL,0,unknown,1,1,NA,0,use of targeted drugs such as aspirin b blockers metformin ace inhibitors statins,behavioral,0,0,NA,1
NCT04246203,NA,2020,NA,NA,NA,0,0,1,0,OTHER,0,academic,2,1,NA,0,liquid biopsy,other,3,3,NA,0
NCT04246710,NA,2020,NA,NA,NA,0,0,1,0,NA,0,academic,1,1,0,0,imaging diagnostics,NA,35,19,0,0
NCT04247165,NA,2020,1,0,NA,0,0,1,0,DRUG,1,academic,2,2,1,0,gemcitabine,drug,73,24,0.429,0
NCT04247503,NA,2020,NA,NA,NA,0,0,1,0,NA,0,academic,12,4,0.333,1,observational non therapeutic,NA,5,2,NA,0
NCT04257448,NA,2020,1,0,NA,0,0,1,0,DRUG,0,unknown,1,1,NA,0,romidepsin,drug,0,0,NA,1
NCT04257955,1,2020,NA,NA,NA,0,0,1,0,BEHAVIORAL,0,unknown,8,0,0.667,0,interview and evaluation of engagement,behavioral,0,0,NA,1
NCT04258072,NA,2020,1,0,NA,0,0,1,0,DRUG,0,academic,5,2,NA,0,vactosertib,drug,0,0,NA,1
NCT04258150,0,2020,2,0,NA,0,0,1,0,DRUG,1,academic,2,2,1,0,nivolumab,drug,9,9,0.5,0
NCT04262388,0,2020,2,0,NA,0,0,1,0,BIOLOGICAL,0,academic,11,4,0.5,0,durvalumab,biological,3,2,0,0
NCT04263948,1,2020,NA,NA,NA,0,0,1,0,DEVICE,0,unknown,0,0,NA,0,picado system internet platform and connected objects,device,0,0,NA,1
NCT04274972,NA,2020,NA,NA,NA,0,0,1,0,DIAGNOSTIC_TEST,0,unknown,2,2,NA,0,microbiome evaluation,diagnostic_test,0,0,NA,1
NCT04276857,NA,2019,NA,NA,NA,0,0,1,0,DEVICE,0,academic,1,1,0,0,irreversible electroporation nanoknife,device,0,0,NA,1
NCT04276909,0,2019,NA,NA,NA,0,0,1,0,COMBINATION_PRODUCT,1,biotech,0,0,NA,0,lum imaging system,combination_product,0,0,NA,1
NCT04281290,0,2020,1,0,NA,0,0,1,0,PROCEDURE,0,academic,0,0,NA,0,electrochemotherapy electroporation with cliniporator vitae and chemotherapy drug bleomycin phc 15 e united states pharmacopeia usp,procedure,0,0,NA,1
NCT04281511,NA,2020,NA,NA,NA,0,0,1,0,NA,0,academic,1,0,1,0,biomarker,NA,35,19,0.5,0
NCT04289792,NA,2020,2,0,NA,0,0,1,0,DRUG,1,academic,0,0,NA,0,nab paclitaxel gemcitabine,drug,2,1,NA,0
NCT04289961,NA,2018,NA,NA,NA,0,0,1,0,DIAGNOSTIC_TEST,0,unknown,1,0,NA,0,portal vein sampling,diagnostic_test,0,0,NA,1
NCT04290364,NA,2020,NA,NA,NA,0,0,1,0,OTHER,0,unknown,0,0,NA,0,palliative care,other,0,0,NA,1
NCT04292743,NA,2020,1,0,NA,0,0,1,0,BIOLOGICAL,1,academic,6,4,0,0,eryaspase,biological,0,0,NA,1
NCT04293497,NA,2020,NA,NA,NA,0,0,1,0,DIAGNOSTIC_TEST,0,academic,1,1,1,0,cytology staining,diagnostic_test,0,0,NA,1
NCT04298242,NA,2020,NA,NA,NA,0,0,1,0,DEVICE,0,academic,5,1,0.5,0,exablate 2100,device,0,0,NA,1
NCT04300114,0,2020,3,0,NA,0,0,1,0,DRUG,0,biotech,0,0,NA,0,fluzoparib,drug,0,0,NA,1
NCT04303403,NA,2018,1,0,NA,0,0,1,0,DRUG,0,academic,1,1,NA,0,trametinib,drug,0,0,NA,1
NCT04305067,1,2020,NA,NA,NA,0,0,1,0,OTHER,0,academic,0,0,NA,0,exercise,other,0,0,NA,1
NCT04306861,0,2019,NA,NA,NA,0,0,NA,0,DIAGNOSTIC_TEST,0,academic,2,0,NA,0,mri,diagnostic_test,0,0,NA,1
NCT04310111,NA,2020,NA,NA,NA,0,0,1,0,PROCEDURE,0,academic,1,1,NA,0,eus rfa,procedure,0,0,NA,1
NCT04310553,NA,2020,NA,NA,NA,0,1,1,0,PROCEDURE,0,academic,3,3,NA,0,irreversible electroporation,procedure,4,4,0,0
NCT04315311,0,2020,4,0,NA,0,0,NA,0,DRUG,0,big_pharma,1,1,0,0,creon,drug,0,0,NA,1
NCT04316507,NA,2020,NA,NA,NA,0,0,1,0,PROCEDURE,0,academic,0,0,NA,0,genetic counselling and testing,procedure,0,0,NA,1
NCT04323917,NA,2019,NA,NA,NA,0,0,1,0,DIAGNOSTIC_TEST,0,academic,3,3,0.5,0,liquid biopsy,diagnostic_test,2,2,NA,0
NCT04324307,NA,2020,1,0,NA,0,0,1,0,DRUG,1,academic,10,10,1,0,pd l1 ctla4 bsab,drug,0,0,NA,1
NCT04325425,NA,2024,2,0,NA,0,0,1,0,DRUG,0,academic,0,0,NA,0,oxaliplatine hospira 5 mg ml solution diluer pour perfusion,drug,0,0,NA,1
NCT04329949,0,2020,3,0,NA,0,0,1,0,DRUG,0,biotech,0,0,NA,0,relacorilant 100 mg and 25 mg,drug,0,0,NA,1
NCT04331041,NA,2020,2,0,NA,0,0,1,0,DEVICE,1,academic,11,7,0.167,0,adaptive stereotactic body radiation therapy,device,0,0,NA,1
NCT04338763,NA,2020,1,0,NA,0,0,1,0,DRUG,0,biotech,0,0,NA,0,rp72,drug,0,0,NA,1
NCT04340141,NA,2020,3,0,NA,0,0,2,1,DRUG,1,academic,11,1,0.75,0,oxaliplatin,drug,11,3,0.667,0
NCT04348045,NA,2020,2,0,NA,0,0,1,0,DRUG,0,unknown,11,2,0.5,0,arm a olaparib,drug,0,0,NA,1
NCT04361162,NA,2020,2,0,NA,0,0,1,0,DRUG,1,academic,15,5,0.4,1,nivolumab,drug,9,9,0.5,0
NCT04365049,NA,2020,NA,NA,NA,0,0,1,0,RADIATION,1,academic,1,1,NA,0,radiotherapy,radiation,3,1,NA,0
NCT04370574,NA,2020,NA,NA,NA,0,0,1,0,DIAGNOSTIC_TEST,0,academic,2,2,NA,0,soluble biomarkers dosage,diagnostic_test,0,0,NA,1
NCT04371224,NA,2020,2,0,NA,0,0,1,0,DRUG,0,academic,11,5,1,0,irinotecan liposomal injection onivyde,drug,1,1,1,0
NCT04373928,NA,2019,NA,NA,NA,0,0,1,0,PROCEDURE,0,academic,7,7,1,0,drug guided by mini pdx pdx,procedure,0,0,NA,1
NCT04374175,NA,2020,NA,NA,NA,0,0,1,0,BIOLOGICAL,0,academic,0,0,NA,0,blood sample,biological,0,0,NA,1
NCT04377048,NA,2020,2,0,NA,0,0,NA,0,DRUG,0,academic,8,4,0,0,nivolumab,drug,9,9,0.5,0
NCT04379960,NA,2020,NA,NA,NA,0,0,1,0,OTHER,0,academic,0,0,NA,0,peptides,other,0,0,NA,1
NCT04381130,NA,2020,1,0,NA,0,0,NA,0,DRUG,0,biotech,0,0,NA,0,ef 009,drug,0,0,NA,1
NCT04386057,NA,2020,2,0,NA,0,0,1,0,DRUG,0,unknown,0,0,NA,0,hydroxychloroquine sulfate,drug,0,0,NA,1
NCT04387071,0,2020,1,0,NA,0,0,1,0,BIOLOGICAL,1,academic,2,0,0,0,agonistic anti ox40 monoclonal antibody incagn01949,biological,0,0,NA,1
NCT04389632,NA,2024,1,0,NA,0,0,2,1,NA,0,biotech,2,2,NA,0,advanced disease,NA,257,67,0,0
NCT04390243,0,2020,2,0,NA,0,0,1,0,DRUG,0,unknown,0,0,NA,0,binimetinib,drug,1,1,NA,0
NCT04390399,NA,2020,2,0,NA,0,0,1,0,BIOLOGICAL,1,biotech,6,5,0,0,n 803,biological,0,0,NA,1
NCT04390763,0,2020,2,0,NA,0,0,14,1,BIOLOGICAL,1,big_pharma,1,0,NA,0,nis793,biological,0,0,NA,1
NCT04396093,NA,2020,NA,NA,NA,0,0,1,0,BEHAVIORAL,0,unknown,0,0,NA,0,psychological support,behavioral,0,0,NA,1
NCT04400903,0,2020,NA,NA,NA,0,0,1,0,DEVICE,1,academic,4,2,0,0,activity monitor,device,0,0,NA,1
NCT04404595,NA,2020,1,0,NA,0,0,2,1,BIOLOGICAL,0,biotech,0,0,NA,0,ct041,biological,0,0,NA,1
NCT04406571,1,2020,NA,NA,NA,0,0,1,0,OTHER,0,unknown,0,0,NA,0,data record,other,0,0,NA,1
NCT04406831,NA,2020,NA,NA,NA,0,0,1,0,PROCEDURE,0,unknown,2,2,NA,0,blood draw,procedure,3,1,NA,0
NCT04409002,NA,2020,2,0,NA,0,0,1,0,DRUG,1,academic,15,5,0.4,1,niraparib,drug,1,1,NA,0
NCT04420130,0,2020,NA,NA,NA,0,0,NA,0,DRUG,1,unknown,1,1,NA,0,camrelizumab,drug,0,0,NA,1
NCT04421820,NA,2024,1,0,NA,0,0,3,1,DRUG,0,biotech,0,0,NA,0,folinic acid,drug,0,0,NA,1
NCT04423731,NA,2020,NA,NA,NA,0,0,1,0,DRUG,0,academic,1,1,NA,0,folfirinox,drug,14,7,0.286,0
NCT04425876,NA,2020,1,0,NA,0,0,1,0,DRUG,0,biotech,0,0,NA,0,fluzoparib,drug,0,0,NA,1
NCT04427761,NA,2020,NA,NA,NA,0,0,1,0,BEHAVIORAL,0,academic,19,9,1,1,measurement of transitions in cancer scale mot ca survey,behavioral,0,0,NA,1
NCT04429490,1,2020,NA,NA,NA,0,0,1,0,OTHER,0,unknown,0,0,NA,0,adipose tissue sampling during surgery and urine sampling,other,0,0,NA,1
NCT04431258,NA,2024,1,0,NA,1,0,2,1,DRUG,0,biotech,0,0,NA,0,fluorouracil,drug,17,2,0.6,0
NCT04435067,NA,2020,NA,NA,NA,0,0,1,0,GENETIC,1,unknown,8,0,0.667,0,analysis of genetic mutations and the gene expression profile of lung metastasis and primary neoplasia,genetic,0,0,NA,1
NCT04436679,NA,2020,NA,NA,NA,0,0,1,0,NA,0,academic,0,0,NA,0,supportive outcomes,NA,9,2,NA,0
NCT04447092,NA,2020,2,0,NA,0,0,1,0,DRUG,0,academic,11,5,1,0,gemcitabine,drug,73,24,0.429,0
NCT04449406,NA,2020,NA,NA,NA,0,0,1,0,NA,0,academic,0,0,NA,0,biomarker,NA,35,19,0.5,0
NCT04452357,NA,2020,NA,NA,NA,0,0,1,0,RADIATION,0,academic,5,1,0,0,pldr,radiation,0,0,NA,1
NCT04452461,NA,2020,2,0,NA,0,0,1,0,DRUG,0,biotech,0,0,NA,0,mfolfirinox,drug,6,4,0.75,0
NCT04466189,NA,2020,NA,NA,NA,0,0,1,0,NA,0,academic,1,0,1,0,observational non therapeutic,NA,5,2,NA,0
NCT04469556,NA,2020,2,0,NA,0,0,2,1,DRUG,0,academic,11,4,0.5,0,folfirinox,drug,14,7,0.286,0
NCT04472910,NA,2020,NA,NA,NA,0,0,1,0,DRUG,0,academic,11,4,0.5,0,modified folforinox mffx,drug,0,0,NA,1
NCT04476537,0,2020,NA,NA,NA,0,0,1,0,DEVICE,0,academic,10,1,0,0,oncotreat,device,0,0,NA,1
NCT04477343,NA,2020,1,0,NA,0,0,1,0,DRUG,0,big_pharma,1,0,NA,0,sx 682,drug,0,0,NA,1
NCT04481204,NA,2020,2,0,NA,0,0,1,0,DRUG,1,academic,28,12,0.455,1,cisplatin,drug,7,0,1,0
NCT04482257,NA,2020,1,0,NA,0,0,1,0,DRUG,0,biotech,0,0,NA,0,irinotecan liposome injection combined with 5 fu lv,drug,0,0,NA,1
NCT04484909,NA,2020,1,0,NA,0,0,1,0,OTHER,1,academic,28,12,0.455,1,hafnium oxide containing nanoparticles nbtxr3,other,0,0,NA,1
NCT04492800,NA,2020,NA,NA,NA,0,0,1,0,DEVICE,0,academic,4,4,NA,0,paxman scalp cooling device,device,0,0,NA,1
NCT04493060,NA,2020,2,0,NA,0,0,1,0,BIOLOGICAL,1,academic,12,4,0.333,1,dostarlimab,biological,0,0,NA,1
NCT04498689,NA,2020,2,0,NA,0,0,1,0,DRUG,0,academic,15,13,NA,1,camrelizumab,drug,0,0,NA,1
NCT04518800,NA,2020,NA,NA,NA,0,0,1,0,DRUG,0,academic,5,3,NA,0,jin youli peg rhg csf,drug,0,0,NA,1
NCT04523987,NA,2020,1,0,NA,0,0,1,0,DRUG,0,academic,0,0,NA,0,ciprofloxacin,drug,0,0,NA,1
NCT04524702,1,2020,2,0,NA,0,0,1,0,DRUG,0,academic,3,2,1,0,gemcitabine,drug,73,24,0.429,0
NCT04525209,NA,2020,NA,NA,NA,0,0,1,0,OTHER,0,academic,3,3,NA,0,no intervention,other,0,0,NA,1
NCT04536077,0,2020,2,0,NA,0,0,1,0,DRUG,1,academic,11,7,0.167,0,cdx 301,drug,0,0,NA,1
NCT04536220,NA,2020,NA,NA,NA,0,0,1,0,DIAGNOSTIC_TEST,0,academic,10,10,1,0,endoscopic ultrasound eus fine needle aspiration,diagnostic_test,0,0,NA,1
NCT04539808,NA,2020,2,0,NA,0,0,1,0,DRUG,1,academic,4,2,0,0,capecitabine,drug,26,4,0.625,0
NCT04542291,1,2020,1,0,NA,0,0,1,0,DRUG,1,academic,11,7,0.167,0,dapagliflozin,drug,0,0,NA,1
NCT04543071,NA,2020,2,0,NA,0,0,1,0,DRUG,0,unknown,1,1,0,0,motixafortide,drug,0,0,NA,1
NCT04548752,NA,2020,2,0,NA,0,0,1,0,PROCEDURE,1,academic,43,6,0.733,1,biopsy procedure,procedure,1,1,NA,0
NCT04549064,NA,2020,NA,NA,NA,0,0,1,0,DIAGNOSTIC_TEST,0,academic,2,2,0,0,diagnosis of pancreatic cancer,diagnostic_test,0,0,NA,1
NCT04560270,1,2020,NA,NA,NA,0,0,NA,0,DIAGNOSTIC_TEST,0,academic,2,2,0.5,0,blood samples,diagnostic_test,2,2,NA,0
NCT04565327,0,2020,2,0,NA,0,0,1,0,DRUG,1,unknown,0,0,NA,0,hyperpolarized carbon c 13 pyruvate,drug,0,0,NA,1
NCT04570943,NA,2020,2,0,NA,0,0,1,0,COMBINATION_PRODUCT,1,unknown,3,0,1,0,gabrinox,combination_product,0,0,NA,1
NCT04571489,NA,2020,2,0,NA,0,0,1,0,DRUG,0,biotech,0,0,NA,0,gimatecan,drug,0,0,NA,1
NCT04572165,NA,2020,NA,NA,NA,0,0,1,0,DRUG,0,unknown,0,0,NA,0,ozempic,drug,0,0,NA,1
NCT04575363,NA,2020,NA,NA,NA,0,0,1,0,OTHER,0,unknown,0,0,NA,0,blood sample,other,0,0,NA,1
NCT04581343,NA,2020,1,0,NA,0,0,1,0,DRUG,0,unknown,1,1,1,0,canakinumab injection spartalizumab nab paclitaxel gemcitabine,drug,0,0,NA,1
NCT04588025,NA,2020,NA,NA,NA,0,0,1,0,DEVICE,0,academic,5,2,0,0,point of care portable perfusion phantom p4,device,0,0,NA,1
NCT04589234,NA,2020,2,0,NA,0,0,1,0,DRUG,0,biotech,0,0,NA,0,salmonella il2,drug,0,0,NA,1
NCT04592861,0,2020,3,0,NA,0,0,1,0,RADIATION,1,unknown,3,2,0,0,carbon ion rt,radiation,0,0,NA,1
NCT04594772,NA,2020,2,0,NA,0,0,1,0,DRUG,1,academic,1,0,0,0,folfirinox,drug,14,7,0.286,0
NCT04600063,NA,2020,NA,NA,NA,0,0,1,0,PROCEDURE,0,academic,4,2,1,0,isolation procedure ramps procedure,procedure,0,0,NA,1
NCT04600154,NA,2020,NA,NA,NA,0,0,1,0,DRUG,1,academic,8,4,0,0,ms 20,drug,0,0,NA,1
NCT04603586,1,2020,NA,NA,NA,0,0,1,0,RADIATION,1,academic,10,10,1,0,sbrt,radiation,2,2,0.5,0
NCT04605237,NA,2020,NA,NA,NA,0,0,1,0,NA,0,unknown,2,0,NA,0,supportive outcomes,NA,9,2,NA,0
NCT04612530,NA,2020,1,0,NA,0,0,1,0,DEVICE,1,unknown,2,1,NA,0,irreversible electroporation ire,device,2,2,0,0
NCT04616131,NA,2020,NA,NA,NA,0,0,1,0,NA,0,academic,0,0,NA,0,biomarker,NA,35,19,0.5,0
NCT04617067,1,2020,2,0,NA,0,0,1,0,DRUG,0,unknown,2,0,NA,0,paricalcitol,drug,2,1,0,0
NCT04617821,NA,2020,3,0,NA,0,0,1,0,DRUG,0,academic,15,13,NA,1,nab paclitaxel plus gemcitabine,drug,2,2,1,0
NCT04624217,NA,2020,1,0,NA,0,0,1,0,DRUG,0,biotech,0,0,NA,0,shr 1701,drug,0,0,NA,1
NCT04627246,NA,2020,1,0,NA,0,0,1,0,BIOLOGICAL,0,academic,0,0,NA,0,autologous dendritic cell vaccine loaded with personalized peptides pep dc vaccine,biological,0,0,NA,1
NCT04631445,1,2020,NA,NA,NA,0,0,1,0,OTHER,0,unknown,1,0,NA,0,ketogenic diet,other,1,0,0,0
NCT04632303,NA,2020,NA,NA,NA,0,0,1,0,OTHER,0,unknown,1,1,NA,0,early palliative care,other,0,0,NA,1
NCT04634539,NA,2020,1,0,NA,0,0,1,0,DRUG,0,unknown,0,0,NA,0,gemcitabine,drug,73,24,0.429,0
NCT04636788,NA,2020,NA,NA,NA,0,0,1,0,PROCEDURE,0,academic,0,0,NA,0,venous sampling,procedure,0,0,NA,1
NCT04637698,0,2020,1,0,NA,0,0,1,0,BIOLOGICAL,0,biotech,0,0,NA,0,oh2 injection,biological,0,0,NA,1
NCT04638868,NA,2020,NA,NA,NA,0,0,NA,0,DEVICE,0,academic,0,0,NA,0,microsieve device,device,0,0,NA,1
NCT04643405,0,2020,1,0,NA,0,0,1,0,DRUG,0,biotech,0,0,NA,0,apg 1387 for injection,drug,0,0,NA,1
NCT04652206,NA,2020,1,0,NA,0,0,2,1,DRUG,0,unknown,0,0,NA,0,sco 101,drug,0,0,NA,1
NCT04662112,NA,2020,1,0,NA,0,0,1,0,DRUG,0,academic,8,5,1,0,nasox,drug,0,0,NA,1
NCT04662879,NA,2020,NA,NA,NA,0,0,1,0,OTHER,0,unknown,1,1,1,0,enriching new onset diabetes for pancreatic cancer endpac score,other,0,0,NA,1
NCT04665947,NA,2020,0.5,0,NA,0,0,1,0,DRUG,0,academic,2,1,1,0,68ga ga dota 5g and 177lu lu dota abm 5g,drug,0,0,NA,1
NCT04666740,NA,2020,2,0,NA,0,0,1,0,DRUG,0,academic,19,9,1,1,pembrolizumab,drug,6,5,0.5,0
NCT04667403,NA,2020,NA,NA,NA,0,0,1,0,OTHER,0,unknown,1,0,NA,0,telemedicine,other,0,0,NA,1
NCT04672005,NA,2020,2,0,NA,0,0,1,0,DRUG,0,unknown,0,0,NA,0,folfirinox alternating with gemcitabine nab paclitaxel,drug,0,0,NA,1
NCT04674956,NA,2020,3,0,NA,1,1,1,0,DRUG,0,academic,3,3,NA,0,camrelizumab,drug,0,0,NA,1
NCT04677192,NA,2020,2,0,NA,0,0,1,0,COMBINATION_PRODUCT,1,academic,15,13,NA,1,microwave ablation combination with chemotherapy,combination_product,0,0,NA,1
NCT04683497,NA,2020,NA,NA,NA,0,0,NA,0,OTHER,0,academic,0,0,NA,0,contrast enhanced intraoperative ultrasound,other,0,0,NA,1
NCT04692740,NA,2020,2,0,NA,0,0,1,0,DRUG,0,unknown,0,0,NA,0,chlorambucil oral 2 mg,drug,0,0,NA,1
NCT04698915,0,2021,2,0,NA,0,0,4,1,DRUG,0,biotech,1,1,1,0,drug gc4711,drug,0,0,NA,1
NCT04699539,NA,2020,NA,NA,NA,0,0,1,0,RADIATION,1,academic,10,10,1,0,sbrt,radiation,2,2,0.5,0
NCT04700488,0,2021,NA,NA,NA,0,0,1,0,DIAGNOSTIC_TEST,0,academic,1,0,NA,0,6d mri,diagnostic_test,0,0,NA,1
NCT04718701,NA,2021,2,0,NA,0,0,1,0,DRUG,0,academic,1,1,NA,0,anlotinib toripalimab nab paclitaxel,drug,0,0,NA,1
NCT04721301,NA,2020,1,0,NA,0,0,1,0,COMBINATION_PRODUCT,1,academic,4,2,0,0,nivolumab plus ipilimumab plus maraviroc,combination_product,0,0,NA,1
NCT04723030,NA,2021,2,0,NA,0,0,1,0,DRUG,0,academic,2,1,NA,0,carleilizumab apathy mesylate radiotherapy paclitaxel albumin bound,drug,0,0,NA,1
NCT04726956,NA,2021,NA,NA,NA,0,0,1,0,NA,0,academic,2,2,1,0,biomarker,NA,41,24,0.5,0
NCT04736043,NA,2021,NA,NA,NA,0,0,1,0,OTHER,0,academic,6,2,NA,0,organoid,other,0,0,NA,1
NCT04737551,NA,2021,NA,NA,NA,0,0,1,0,OTHER,1,academic,1,0,NA,0,follow up only,other,0,0,NA,1
NCT04743479,NA,2021,NA,NA,NA,0,0,1,0,DIAGNOSTIC_TEST,0,academic,14,13,1,1,high resolution mri ct examinations,diagnostic_test,0,0,NA,1
NCT04752696,NA,2021,2,0,NA,0,0,1,0,DRUG,0,unknown,0,0,NA,0,onvansertib,drug,0,0,NA,1
NCT04755036,1,2021,NA,NA,NA,0,0,1,0,OTHER,0,academic,0,0,NA,0,survey and case vignette,other,0,0,NA,1
NCT04765410,NA,2021,NA,NA,NA,0,0,1,0,DIAGNOSTIC_TEST,0,academic,0,0,NA,0,eus fna endoscopic ultrasound fine needle aspiration,diagnostic_test,0,0,NA,1
NCT04777604,NA,2021,NA,NA,NA,0,0,1,0,OTHER,0,academic,6,2,NA,0,organoid,other,0,0,NA,1
NCT04787991,NA,2021,1,0,NA,0,0,1,0,DRUG,0,biotech,0,0,NA,0,nivolumab cohort a,drug,0,0,NA,1
NCT04789486,NA,2021,1,0,NA,0,0,1,0,DRUG,1,academic,12,5,0,0,aguix,drug,0,0,NA,1
NCT04789980,NA,2021,NA,NA,NA,0,0,1,0,NA,0,biotech,0,0,NA,0,supportive outcomes,NA,12,5,NA,0
NCT04790695,NA,2021,2,0,NA,0,0,1,0,DRUG,0,academic,1,0,0,0,seribantumab,drug,0,0,NA,1
NCT04793633,NA,2021,NA,NA,NA,0,0,1,0,COMBINATION_PRODUCT,1,biotech,0,0,NA,0,linfu technique,combination_product,0,0,NA,1
NCT04794140,NA,2021,NA,NA,NA,0,0,1,0,PROCEDURE,0,academic,0,0,NA,0,different number of passes,procedure,0,0,NA,1
NCT04796948,1,2021,1,0,NA,0,0,1,0,DRUG,0,biotech,4,4,0.5,0,irinotecan liposome oxaliplatin 5 fu fluorouracil injection lv calcium folinate injection,drug,0,0,NA,1
NCT04797676,NA,2021,NA,NA,NA,0,0,1,0,PROCEDURE,0,academic,0,0,NA,0,different methods of specimen acquisition,procedure,0,0,NA,1
NCT04802993,NA,2021,NA,NA,NA,0,0,NA,0,OTHER,0,academic,0,0,NA,0,resection rates,other,0,0,NA,1
NCT04803851,NA,2021,1,0,NA,0,0,1,0,DRUG,0,academic,5,5,NA,0,anlotinib plus ak105,drug,0,0,NA,1
NCT04807972,0,2021,1,0,NA,0,0,6,1,DRUG,0,big_pharma,2,2,0,0,abbv 927,drug,0,0,NA,1
NCT04808687,NA,2021,2,0,NA,0,0,1,0,DRUG,0,academic,3,2,0,0,nab paclitaxel and s 1,drug,3,3,NA,0
NCT04809766,0,2021,1,0,NA,0,0,1,0,BIOLOGICAL,1,academic,0,0,NA,0,autologous mesothelin specific tcr t cells,biological,0,0,NA,1
NCT04810910,NA,2021,1,0,NA,0,0,1,0,BIOLOGICAL,1,academic,2,2,0.5,0,ineo vac p01,biological,1,1,1,0
NCT04812808,NA,2021,NA,NA,NA,0,0,1,0,DRUG,0,unknown,0,0,NA,0,bazedoxifene 20 mg,drug,0,0,NA,1
NCT04814251,NA,2021,NA,NA,NA,0,0,NA,0,OTHER,0,academic,3,3,0.667,0,observationnal cohort,other,0,0,NA,1
NCT04820179,NA,2021,2,0,NA,0,0,1,0,DRUG,0,academic,0,0,NA,0,cabozantinib atezolizumab,drug,0,0,NA,1
NCT04821219,0,2021,NA,NA,NA,0,0,NA,0,OTHER,0,academic,14,6,0.333,1,treatment prediction pdt platform,other,0,0,NA,1
NCT04821284,NA,2021,1,0,NA,0,0,2,1,DRUG,1,unknown,0,0,NA,0,gemcitabine hydrochloride,drug,31,1,0.667,0
NCT04825288,NA,2021,1,0,NA,0,0,1,0,BIOLOGICAL,0,biotech,0,0,NA,0,xb2001 or placebo,biological,0,0,NA,1
NCT04827953,NA,2021,1,0,NA,0,0,1,0,DRUG,0,biotech,0,0,NA,0,gemcitabine,drug,77,24,0.448,0
NCT04834505,NA,2021,NA,NA,NA,0,0,1,0,OTHER,0,academic,5,5,NA,0,diagnostic imaging modalities for validation sample,other,0,0,NA,1
NCT04835064,NA,2021,3,0,NA,0,0,NA,0,DRUG,0,academic,18,13,NA,1,nab paclitaxel,drug,21,5,0.75,0
NCT04837118,NA,2021,NA,NA,NA,0,0,1,0,OTHER,0,academic,30,12,0.455,1,educational intervention,other,0,0,NA,1
NCT04837833,NA,2021,NA,NA,NA,0,0,1,0,DIAGNOSTIC_TEST,0,academic,21,9,1,1,ultrasound,diagnostic_test,1,1,NA,0
NCT04844970,0,2021,2,0,NA,0,0,1,0,DRUG,0,academic,0,0,NA,0,anamorelin hydrochloride,drug,0,0,NA,1
NCT04851106,NA,2021,NA,NA,NA,0,0,1,0,DIAGNOSTIC_TEST,0,unknown,0,0,NA,0,endoscopic ultrasound,diagnostic_test,3,2,0.5,0
NCT04858009,NA,2021,2,0,NA,0,0,1,0,DRUG,1,academic,14,6,0.333,1,cisplatin,drug,8,1,1,0
NCT04858334,NA,2021,2,0,NA,1,0,3,1,PROCEDURE,1,academic,44,7,0.733,1,biospecimen collection,procedure,0,0,NA,1
NCT04862260,NA,2021,0.5,0,NA,0,0,1,0,DRUG,0,unknown,0,0,NA,0,cholesterol metabolism disruption,drug,0,0,NA,1
NCT04870034,0,2021,0.5,0,NA,0,0,1,0,DRUG,1,academic,4,0,0,0,binimetinib,drug,2,2,0,0
NCT04875325,NA,2021,NA,NA,NA,0,0,2,1,OTHER,0,unknown,3,1,NA,0,standardized surveillance,other,0,0,NA,1
NCT04881487,NA,2021,NA,NA,NA,0,0,1,0,RADIATION,0,unknown,3,1,NA,0,additional stereotactic body radiation therapy,radiation,0,0,NA,1
NCT04883450,NA,2021,NA,NA,NA,0,0,1,0,DIAGNOSTIC_TEST,0,unknown,0,0,NA,0,magnetic resonance imaging mri,diagnostic_test,0,0,NA,1
NCT04883775,NA,2021,1,0,NA,0,0,1,0,DRUG,0,academic,21,9,1,1,mvt 2163,drug,0,0,NA,1
NCT04887805,NA,2021,2,0,NA,0,0,1,0,DRUG,1,academic,8,1,0,0,lenvatinib mesylate,drug,0,0,NA,1
NCT04888312,NA,2021,1,0,NA,0,0,3,1,BIOLOGICAL,1,unknown,0,0,NA,0,cd40 agonist mitazalimab in combination with chemotherapy,biological,0,0,NA,1
NCT04894643,NA,2021,NA,NA,NA,0,0,1,0,RADIATION,1,unknown,0,0,NA,0,proton ions,radiation,0,0,NA,1
NCT04897854,NA,2021,3,0,NA,0,0,1,0,DRUG,0,unknown,8,3,1,0,folfirinox,drug,17,8,0.286,0
NCT04899739,NA,2021,NA,NA,NA,0,0,1,0,DIAGNOSTIC_TEST,0,unknown,0,0,NA,0,echoendoscopy,diagnostic_test,0,0,NA,1
NCT04901741,NA,2021,2,0,NA,0,0,NA,0,DRUG,0,biotech,1,1,NA,0,olaptesed pegol,drug,0,0,NA,1
NCT04902261,NA,2021,2,0,NA,0,0,1,0,DRUG,0,academic,14,13,1,1,tislelizumab,drug,0,0,NA,1
NCT04902352,NA,2021,NA,NA,NA,0,0,1,0,PROCEDURE,0,academic,0,0,NA,0,no periadventitial dissection of the sma,procedure,0,0,NA,1
NCT04911647,NA,2021,NA,NA,NA,1,1,1,0,DEVICE,0,academic,9,6,0.333,0,ercp using plastic stent,device,0,0,NA,1
NCT04911816,NA,2021,1,0,NA,0,0,1,0,DRUG,0,academic,0,0,NA,0,hydroxychloroquine sulfate,drug,1,1,NA,0
NCT04915417,NA,2021,NA,NA,NA,0,0,NA,0,RADIATION,0,academic,0,0,NA,0,stereotactic ablative body radiotherapy sabr,radiation,0,0,NA,1
NCT04919226,NA,2024,3,0,NA,0,0,5,1,DRUG,0,unknown,2,1,NA,0,fluorouracil,drug,17,2,0.6,0
NCT04922515,NA,2021,NA,NA,NA,0,0,1,0,OTHER,0,academic,0,0,NA,0,oral and rectal swabs for microbiome sequencing,other,0,0,NA,1
NCT04923529,NA,2021,2,0,NA,0,0,1,0,DRUG,0,academic,1,0,NA,0,tas 102,drug,1,1,0,0
NCT04926467,NA,2021,2,0,NA,0,0,1,0,DRUG,0,academic,2,0,0,0,anakinra,drug,0,0,NA,1
NCT04927780,NA,2021,3,0,NA,0,0,3,1,DRUG,1,academic,1,1,NA,0,leucovorin calcium,drug,0,0,NA,1
NCT04928625,NA,2021,1,0,NA,0,0,1,0,DRUG,0,biotech,0,0,NA,0,shr a1904,drug,0,0,NA,1
NCT04930991,NA,2021,0.5,0,NA,0,0,1,0,DRUG,0,academic,5,1,0,0,omeprazole,drug,0,0,NA,1
NCT04931381,NA,2021,3,0,NA,0,0,1,0,OTHER,0,academic,14,13,1,1,chemotherapy guided by organoid drug sensitivity test,other,0,0,NA,1
NCT04935359,NA,2021,3,0,NA,0,0,27,1,DRUG,0,big_pharma,2,1,0,0,nis793,drug,1,1,0,0
NCT04939610,NA,2025,2,0,NA,1,1,4,1,DRUG,0,big_pharma,5,4,NA,0,abraxane,drug,2,0,1,0
NCT04940286,NA,2021,2,0,NA,0,0,1,0,BIOLOGICAL,1,academic,30,12,0.455,1,durvalumab,biological,4,3,0,0
NCT04953962,1,2021,2,0,NA,0,0,1,0,DRUG,0,biotech,0,0,NA,0,cbp501 16,drug,0,0,NA,1
NCT04954378,NA,2021,NA,NA,NA,0,0,NA,0,DIAGNOSTIC_TEST,0,academic,2,2,NA,0,radiomics,diagnostic_test,0,0,NA,1
NCT04966143,NA,2021,0.5,0,NA,0,0,1,0,BIOLOGICAL,0,biotech,0,0,NA,0,ly011,biological,0,0,NA,1
NCT04969731,NA,2021,3,0,NA,0,0,1,0,DRUG,0,biotech,1,0,1,0,immuncell lc,drug,0,0,NA,1
NCT04970056,NA,2021,NA,NA,NA,0,0,11,1,NA,0,unknown,0,0,NA,0,biomarker,NA,41,24,0.5,0
NCT04975217,NA,2021,0.5,0,NA,0,0,1,0,PROCEDURE,1,academic,30,12,0.455,1,fecal microbiota transplantation,procedure,0,0,NA,1
NCT04975516,NA,2021,2,0,NA,0,0,1,0,DRUG,1,academic,14,6,0.333,1,chemotherapy,drug,17,7,0,0
NCT04977596,NA,2021,NA,NA,NA,0,0,1,0,OTHER,0,academic,7,6,0,0,no intervention,other,1,1,NA,0
NCT04983407,0,2021,1,0,NA,0,0,1,0,DRUG,0,biotech,0,0,NA,0,batiraxcept,drug,0,0,NA,1
NCT04984174,NA,2021,NA,NA,NA,0,0,1,0,NA,0,academic,4,3,1,0,supportive outcomes,NA,12,5,NA,0
NCT04986930,NA,2021,2,0,NA,0,0,1,0,RADIATION,1,academic,9,6,1,0,sbrt mfolfirinox,radiation,0,0,NA,1
NCT04990037,NA,2021,1,0,NA,0,0,2,1,DRUG,0,unknown,0,0,NA,0,can04,drug,0,0,NA,1
NCT04993846,NA,2021,NA,NA,NA,0,0,1,0,DIAGNOSTIC_TEST,0,unknown,3,3,NA,0,dental plaque sampling,diagnostic_test,0,0,NA,1
NCT04998552,NA,2021,NA,NA,NA,0,0,1,0,RADIATION,0,biotech,0,0,NA,0,cyberknife,radiation,1,1,1,0
NCT05006131,NA,2021,NA,NA,NA,0,0,1,0,OTHER,0,academic,3,1,0,0,screening for pancreatic cancer,other,0,0,NA,1
NCT05012540,NA,2021,NA,NA,NA,0,0,NA,0,NA,0,academic,0,0,NA,0,supportive outcomes,NA,12,5,NA,0
NCT05013216,NA,2021,1,0,NA,0,0,1,0,DRUG,0,academic,29,9,0.583,1,cohort a patients at high risk of developing pancreatic cancer,drug,0,0,NA,1
NCT05014776,NA,2021,2,0,NA,0,0,1,0,DRUG,0,academic,29,9,0.583,1,tadalafil,drug,1,0,1,0
NCT05023291,0,2020,NA,NA,NA,0,0,1,0,DIAGNOSTIC_TEST,0,academic,1,0,NA,0,positron emissie tomografie computer tomografie,diagnostic_test,0,0,NA,1
NCT05025371,1,2021,NA,NA,NA,0,0,1,0,OTHER,0,academic,1,1,NA,0,systemic immune inflammatory markers,other,0,0,NA,1
NCT05026905,NA,2021,2,0,NA,1,0,1,0,DRUG,0,academic,8,2,1,0,gemcitabine 1000 mg,drug,1,1,NA,0
NCT05034627,NA,2021,1,0,NA,0,0,1,0,PROCEDURE,1,academic,6,3,0,0,biopsy,procedure,3,2,NA,0
NCT05035147,NA,2021,4,0,NA,0,0,1,0,DRUG,0,academic,3,2,0,0,albumin bound paclitaxel,drug,1,1,NA,0
NCT05042128,NA,2021,2,0,NA,0,0,2,1,DRUG,0,unknown,1,1,NA,0,lsta1,drug,0,0,NA,1
NCT05043532,NA,2021,NA,NA,NA,1,0,1,0,PROCEDURE,0,biotech,1,0,0,0,2 passes during eus guided fine needle biopsy,procedure,0,0,NA,1
NCT05047991,NA,2021,2,0,NA,0,0,NA,0,DRUG,0,biotech,1,1,NA,0,irinotecan liposome injection,drug,0,0,NA,1
NCT05048524,NA,2021,2,0,NA,0,0,1,0,DRUG,0,academic,8,2,1,0,s 1 leucovorin oxaliplatin and gemcitabine,drug,0,0,NA,1
NCT05048810,NA,2020,NA,NA,NA,0,0,1,0,RADIATION,0,academic,0,0,NA,0,68ga dota nt 20 3,radiation,0,0,NA,1
NCT05052567,NA,2021,1,0,NA,0,0,1,0,DRUG,0,biotech,0,0,NA,0,cend 1,drug,1,1,1,0
NCT05052671,NA,2021,NA,NA,NA,0,0,1,0,NA,0,academic,5,1,0,0,biomarker,NA,41,24,0.5,0
NCT05055323,NA,2021,1,0,NA,0,0,1,0,DRUG,0,academic,0,0,NA,0,pyrvinium pamoate,drug,0,0,NA,1
NCT05058846,NA,2021,NA,NA,NA,0,0,1,0,PROCEDURE,1,academic,5,0,0.333,0,biospecimen collection,procedure,0,0,NA,1
NCT05065801,NA,2021,2,0,NA,0,0,1,0,COMBINATION_PRODUCT,1,unknown,4,1,1,0,gembrax folfirinox arm a,combination_product,0,0,NA,1
NCT05066802,NA,2021,2,0,NA,0,0,1,0,DRUG,0,academic,9,6,0.333,0,neoadjuvant modified folfirinox,drug,0,0,NA,1
NCT05068752,NA,2021,2,0,NA,0,0,1,0,DRUG,0,academic,5,5,NA,0,vemurafenib,drug,0,0,NA,1
NCT05074589,1,2021,3,0,NA,0,0,1,0,DRUG,0,biotech,4,4,0.5,0,irinotecan liposome 5 fluorouracil leucovorin,drug,0,0,NA,1
NCT05077800,NA,2021,2,0,NA,0,0,1,0,DRUG,0,unknown,0,0,NA,0,folfirninox,drug,0,0,NA,1
NCT05078775,NA,2021,NA,NA,NA,0,0,1,0,OTHER,0,biotech,0,0,NA,0,neaar medical food,other,0,0,NA,1
NCT05083247,NA,2021,2,0,NA,0,0,1,0,DRUG,1,academic,0,0,NA,0,mfolfirinox or gemcitabine nab paclitaxel,drug,0,0,NA,1
NCT05083780,NA,2021,1,0,NA,0,0,1,0,DRUG,0,unknown,0,0,NA,0,chlorphenesin carbamate hydroxychloroquine,drug,0,0,NA,1
NCT05086250,NA,2021,0.5,0,NA,0,0,1,0,DRUG,0,academic,1,0,NA,0,ketamine,drug,0,0,NA,1
NCT05088161,NA,2021,NA,NA,NA,0,0,1,0,NA,0,academic,0,0,NA,0,biomarker,NA,41,24,0.5,0
NCT05088889,NA,2021,1,0,NA,0,0,1,0,DRUG,1,academic,1,0,NA,0,nivolumab,drug,12,12,0.4,0
NCT05093231,NA,2021,2,0,NA,0,0,1,0,DRUG,0,academic,6,1,NA,0,pembrolizumab,drug,7,6,0.5,0
NCT05098197,NA,2021,0.5,0,NA,0,0,1,0,BIOLOGICAL,0,biotech,0,0,NA,0,tumor infiltrating lymphocyte,biological,0,0,NA,1
NCT05100329,NA,2021,2,0,NA,0,0,NA,0,DRUG,0,biotech,0,0,NA,0,mitoxantrone hydrochloride liposome injection,drug,0,0,NA,1
NCT05102721,NA,2021,1,0,NA,0,0,1,0,DRUG,0,biotech,0,0,NA,0,avelumab and pepinemab,drug,0,0,NA,1
NCT05111353,NA,2021,1,0,NA,0,0,1,0,BIOLOGICAL,0,academic,14,8,0.25,0,optimized neoantigen synthetic long peptide vaccine,biological,0,0,NA,1
NCT05114213,0,2021,2,0,NA,0,0,2,1,RADIATION,1,academic,3,2,NA,0,sbrt,radiation,4,3,0.667,0
NCT05116917,0,2021,2,0,NA,0,0,1,0,DRUG,1,academic,4,4,0.667,0,nivolumab,drug,12,12,0.4,0
NCT05117723,NA,2021,NA,NA,NA,0,0,1,0,NA,0,academic,0,0,NA,0,imaging diagnostics,NA,37,16,0,0
NCT05132244,NA,2021,NA,NA,NA,0,0,1,0,PROCEDURE,1,unknown,2,2,NA,0,endocrinologist directed target blood glucose level 4 10 mmol l using data from a continuous glucose monitor cgm,procedure,0,0,NA,1
NCT05132504,NA,2021,2,0,NA,0,0,1,0,DRUG,0,unknown,1,1,1,0,pembrolizumab,drug,7,6,0.5,0
NCT05138159,NA,2021,2,0,NA,0,0,1,0,DRUG,0,academic,18,13,NA,1,donafenib,drug,0,0,NA,1
NCT05138302,NA,2021,NA,NA,NA,0,0,1,0,OTHER,0,academic,5,5,NA,0,observation,other,1,0,NA,0
NCT05139199,1,2021,NA,NA,NA,0,0,1,0,BEHAVIORAL,0,academic,1,0,NA,0,auricular point acupressure group,behavioral,0,0,NA,1
NCT05141149,NA,2021,1,0,NA,0,0,4,1,DRUG,0,biotech,0,0,NA,0,pbp1510 400mg 16ml,drug,0,0,NA,1
NCT05141513,NA,2021,1,0,NA,0,0,1,0,RADIATION,0,academic,29,9,0.583,1,high dose rate brachytherapy hdr intraoperative radiation therapy iort,radiation,0,0,NA,1
NCT05141643,NA,2021,0.5,0,NA,0,0,1,0,DIAGNOSTIC_TEST,0,academic,21,9,1,1,pet scan,diagnostic_test,0,0,NA,1
NCT05143151,NA,2021,1,0,NA,0,0,1,0,BIOLOGICAL,0,academic,0,0,NA,0,cd276 car t cells,biological,0,0,NA,1
NCT05143970,NA,2023,1,0,NA,0,0,2,1,NA,0,unknown,6,1,NA,0,advanced disease,NA,241,67,0,0
NCT05147168,NA,2021,NA,NA,NA,0,0,1,0,OTHER,0,academic,1,0,NA,0,questionnaire,other,1,0,NA,0
NCT05149326,NA,2021,3,0,NA,0,0,1,0,DRUG,0,biotech,0,0,NA,0,kn046,drug,0,0,NA,1
NCT05162118,NA,2021,1,0,NA,0,0,1,0,DRUG,1,academic,3,1,1,0,recombinant human il12 15 pdl1b oncolytic hsv 1 injection vero cell in combination with nivolumab,drug,0,0,NA,1
NCT05168254,NA,2021,NA,NA,NA,0,0,1,0,NA,0,academic,4,4,NA,0,advanced disease,NA,214,65,0,0
NCT05168527,NA,2021,2,0,NA,0,0,1,0,DRUG,0,academic,18,13,NA,1,fruquintinib albumin paclitaxel gemcitabine,drug,0,0,NA,1
NCT05170802,NA,2019,NA,NA,NA,0,0,1,0,OTHER,0,unknown,0,0,NA,0,nanoknife procedure,other,0,0,NA,1
NCT05178628,NA,2021,3,0,NA,0,0,1,0,DRUG,0,unknown,0,0,NA,0,innohep,drug,0,0,NA,1
NCT05181605,NA,2021,2,0,NA,0,0,1,0,DRUG,0,unknown,0,0,NA,0,folfirinox and stereotactic body radiotherapy,drug,0,0,NA,1
NCT05182112,NA,2021,1,0,NA,0,0,1,0,RADIATION,1,academic,21,9,1,1,whole liver irradiation wli,radiation,0,0,NA,1
NCT05185869,NA,2021,2,0,NA,0,0,1,0,DRUG,0,academic,4,4,NA,0,shr6390,drug,0,0,NA,1
NCT05187416,NA,2021,NA,NA,NA,0,0,1,0,DIAGNOSTIC_TEST,0,academic,0,0,NA,0,two dimensional shear wave elastography,diagnostic_test,0,0,NA,1
NCT05188573,NA,2021,NA,NA,NA,0,0,1,0,DEVICE,0,unknown,0,0,NA,0,early detection pancreatic cancer test,device,0,0,NA,1
NCT05188586,0,2021,NA,NA,NA,0,0,1,0,OTHER,0,unknown,0,0,NA,0,mri imaging,other,0,0,NA,1
NCT05191498,NA,2022,NA,NA,NA,0,0,1,0,DEVICE,0,academic,1,1,NA,0,quiremspheres,device,0,0,NA,1
NCT05195281,NA,2021,NA,NA,NA,0,0,1,0,PROCEDURE,0,unknown,10,2,0.75,0,fine needle biopsy or aspiration,procedure,0,0,NA,1
NCT05201729,NA,2022,NA,NA,NA,0,0,1,0,NA,0,academic,6,6,NA,0,advanced disease,NA,228,69,0,0
NCT05209074,NA,2022,1,0,NA,0,0,1,0,DRUG,0,academic,10,0,0.2,0,ivosidenib,drug,0,0,NA,1
NCT05218629,NA,2022,2,0,NA,0,0,1,0,DRUG,0,academic,1,1,1,0,anlotinib pd 1 inhibitor,drug,0,0,NA,1
NCT05218889,NA,2022,1,0,NA,0,0,1,0,DRUG,0,academic,6,3,NA,0,surufatinib camrelizumab nab paclitaxel s 1,drug,0,0,NA,1
NCT05222204,NA,2021,2,0,NA,0,0,1,0,DRUG,0,academic,18,13,NA,1,intraperitoneal ip cisplatin combined with intravenous gemcitabine nab paclitaxel,drug,0,0,NA,1
NCT05228808,NA,2022,NA,NA,NA,0,0,1,0,NA,0,academic,0,0,NA,0,immunotherapy,NA,3,1,NA,0
NCT05239182,0,2022,2,0,NA,0,0,1,0,DRUG,0,unknown,0,0,NA,0,9 ing 41,drug,0,0,NA,1
NCT05241249,NA,2022,2,0,NA,0,0,1,0,DRUG,0,unknown,1,1,NA,0,bethanechol,drug,0,0,NA,1
NCT05244174,NA,2022,NA,NA,NA,0,0,1,0,DEVICE,0,academic,0,0,NA,0,pancreatic stent,device,0,0,NA,1
NCT05247164,NA,2022,NA,NA,NA,0,0,1,0,PROCEDURE,0,unknown,11,3,0.75,0,eus guided portal vein sampling,procedure,0,0,NA,1
NCT05248750,NA,2022,NA,NA,NA,0,0,1,0,NA,0,academic,2,2,0,0,imaging diagnostics,NA,39,15,0,0
NCT05249101,NA,2022,1,0,NA,0,0,1,0,DRUG,0,biotech,0,0,NA,0,ivaltinostat,drug,0,0,NA,1
NCT05253313,NA,2022,NA,NA,NA,1,0,NA,0,OTHER,0,academic,0,0,NA,0,mri scan,other,0,0,NA,1
NCT05254171,NA,2022,2,0,NA,0,0,10,1,DRUG,1,biotech,2,1,NA,0,sbp 101,drug,2,1,NA,0
NCT05257122,NA,2022,2,0,NA,0,0,1,0,DRUG,0,academic,22,17,NA,1,fruquintinib,drug,0,0,NA,1
NCT05257434,NA,2022,NA,NA,NA,0,0,1,0,BEHAVIORAL,0,academic,0,0,NA,0,inbody,behavioral,0,0,NA,1
NCT05257993,NA,2022,1,0,NA,0,0,1,0,DRUG,0,biotech,0,0,NA,0,jpi 547,drug,0,0,NA,1
NCT05262452,NA,2021,NA,NA,NA,0,0,1,0,DEVICE,1,academic,13,7,1,0,alpius 900 an ultrasound guided high intensity focused ultrasound system,device,0,0,NA,1
NCT05265663,NA,2022,NA,NA,NA,0,0,1,0,RADIATION,0,unknown,3,2,NA,0,stereotactic ablative radiotherapy,radiation,0,0,NA,1
NCT05268692,NA,2022,2,0,NA,0,0,1,0,DRUG,0,academic,0,0,NA,0,gs,drug,0,0,NA,1
NCT05271110,NA,2022,NA,NA,NA,0,0,1,0,PROCEDURE,0,academic,1,1,NA,0,liver resection ablation,procedure,0,0,NA,1
NCT05273554,NA,2022,1,0,NA,0,0,1,0,DRUG,0,academic,33,12,0.455,1,pembrolizumab,drug,9,8,0.5,0
NCT05275062,NA,2022,0.5,0,NA,0,0,1,0,DRUG,0,biotech,0,0,NA,0,im92 car t cells,drug,0,0,NA,1
NCT05275478,NA,2024,1,0,NA,0,0,1,0,DRUG,0,biotech,0,0,NA,0,tng908,drug,0,0,NA,1
NCT05277766,NA,2023,1,0,NA,0,0,1,0,NA,0,unknown,0,0,NA,0,advanced disease,NA,241,67,0,0
NCT05277987,NA,2022,0.5,0,NA,0,0,1,0,DRUG,0,academic,0,0,NA,0,hec 016 0 5 10 6 car t cells,drug,0,0,NA,1
NCT05289830,0,2022,2,0,NA,0,0,1,0,DRUG,1,academic,10,0,0.2,0,escitalopram,drug,0,0,NA,1
NCT05289895,NA,2022,NA,NA,NA,0,0,NA,0,OTHER,0,academic,2,2,NA,0,no intervention,other,2,2,NA,0
NCT05296421,NA,2022,NA,NA,NA,0,0,1,0,PROCEDURE,1,academic,2,0,0,0,biopsy,procedure,4,3,NA,0
NCT05298020,NA,2022,2,0,NA,0,0,1,0,DRUG,0,academic,0,0,NA,0,envafolimab,drug,0,0,NA,1
NCT05298722,NA,2021,NA,NA,NA,0,0,2,1,DIAGNOSTIC_TEST,0,academic,2,1,0,0,imaging analysis of ct scan and mri with radiomics and genetic analysis of peripheral blood samples and questionnaires,diagnostic_test,0,0,NA,1
NCT05303090,NA,2022,1,0,NA,0,0,1,0,DRUG,0,academic,22,17,NA,1,h101,drug,0,0,NA,1
NCT05304936,NA,2022,1,0,NA,0,0,1,0,DRUG,0,biotech,7,6,0,0,hcw9218,drug,0,0,NA,1
NCT05305001,NA,2021,NA,NA,NA,0,0,1,0,GENETIC,0,unknown,0,0,NA,0,invitae multi cancer panel,genetic,0,0,NA,1
NCT05306028,NA,2022,2,0,NA,0,0,1,0,DRUG,0,academic,22,17,NA,1,metformin or insulin treatment,drug,0,0,NA,1
NCT05313854,NA,2022,NA,NA,NA,0,0,1,0,NA,0,academic,6,6,NA,0,biomarker,NA,46,27,0.5,0
NCT05314998,NA,2022,3,0,NA,1,0,2,1,DRUG,0,unknown,0,0,NA,0,oxaliplatin,drug,12,3,0.667,0
NCT05325281,0,2022,1,0,NA,0,0,1,0,DRUG,1,unknown,5,3,0,0,cpi 613 dose level 1 0 250 mg m 2,drug,0,0,NA,1
NCT05327400,NA,2022,NA,NA,NA,0,0,1,0,OTHER,0,academic,0,0,NA,0,pathological,other,0,0,NA,1
NCT05327582,NA,2022,1,0,NA,0,0,1,0,DRUG,0,academic,6,3,NA,0,durvalumab,drug,5,4,0,0
NCT05329597,NA,2021,NA,NA,NA,0,0,1,0,GENETIC,0,academic,0,0,NA,0,genotyping,genetic,0,0,NA,1
NCT05336266,NA,2022,0.5,0,NA,0,0,1,0,DRUG,0,unknown,3,2,1,0,ketorolac tromethamine,drug,0,0,NA,1
NCT05340569,NA,2022,NA,NA,NA,0,0,1,0,DIAGNOSTIC_TEST,0,academic,0,0,NA,0,whole body diffusion weighted magnetic resonance imaging,diagnostic_test,0,0,NA,1
NCT05346146,NA,2022,2,0,1,0,0,1,0,DRUG,0,academic,6,6,NA,0,sintilimab gemcitabine albumin paclitaxel,drug,0,0,NA,1
NCT05350384,1,2022,NA,NA,NA,0,0,1,0,DRUG,0,academic,0,0,NA,0,methylprednisolone,drug,0,0,NA,1
NCT05351983,NA,2022,NA,NA,NA,0,0,1,0,PROCEDURE,0,unknown,0,0,NA,0,surgical biopsy of tumoral tissue for organoid generation,procedure,0,0,NA,1
NCT05355298,NA,2022,1,0,NA,0,0,2,1,DRUG,0,biotech,0,0,NA,0,amp945 ascending doses,drug,0,0,NA,1
NCT05356039,NA,2022,NA,NA,NA,0,0,1,0,NA,0,academic,0,0,NA,0,imaging diagnostics,NA,39,15,0,0
NCT05356117,NA,2022,NA,NA,NA,0,0,1,0,BEHAVIORAL,0,academic,13,6,0,0,resistance training rt and protein supplementation ps,behavioral,0,0,NA,1
NCT05360264,0,2022,2,0,NA,0,0,1,0,DRUG,0,unknown,0,0,NA,0,decitabine 50 mg dacogen,drug,0,0,NA,1
NCT05360732,NA,2022,2,0,NA,0,0,1,0,DRUG,0,academic,7,2,0,0,folfirinox,drug,18,8,0.286,0
NCT05360745,0,2022,NA,NA,NA,0,0,NA,0,DIETARY_SUPPLEMENT,0,unknown,0,0,NA,0,aracomplex,dietary_supplement,0,0,NA,1
NCT05363007,NA,2022,2,0,NA,0,0,1,0,DRUG,1,academic,10,3,0,0,nanoliposomal irinotecan,drug,1,1,NA,0
NCT05365581,NA,2022,1,0,NA,0,0,8,1,DRUG,0,biotech,1,1,NA,0,asp2138,drug,0,0,NA,1
NCT05365893,NA,2021,0.5,0,NA,0,0,1,0,COMBINATION_PRODUCT,1,academic,6,1,0,0,paricalcitol hydroxychloroquine losartan,combination_product,0,0,NA,1
NCT05371223,NA,2022,2,0,NA,0,0,1,0,DRUG,0,academic,0,0,NA,0,combined nabpaclitaxel pressurized intraperitoneal aerosol chemotherapy with systemic nabpaclitaxel gemcitabine,drug,0,0,NA,1
NCT05379907,0,2022,NA,NA,NA,0,0,1,0,OTHER,0,unknown,0,0,NA,0,signatera ctdna testing,other,0,0,NA,1
NCT05380414,NA,2022,NA,NA,NA,0,0,1,0,BIOLOGICAL,0,academic,1,1,NA,0,tumor samples archival ffpe and blood samples,biological,0,0,NA,1
NCT05380557,0,2022,NA,NA,NA,0,0,1,0,DIAGNOSTIC_TEST,0,biotech,0,0,NA,0,germline genetic testing,diagnostic_test,0,0,NA,1
NCT05383352,NA,2024,1,0,NA,0,0,4,1,NA,0,biotech,1,0,NA,0,advanced disease,NA,257,67,0,0
NCT05394259,NA,2022,1,0,NA,0,0,1,0,DRUG,0,academic,33,12,0.455,1,piflufolastat f18,drug,0,0,NA,1
NCT05399394,NA,2022,2,0,NA,0,0,NA,0,DRUG,1,academic,2,1,NA,0,chemotherapy,drug,20,9,0,0
NCT05400408,NA,2022,NA,NA,NA,0,0,1,0,DIAGNOSTIC_TEST,0,biotech,0,0,NA,0,vox,diagnostic_test,0,0,NA,1
NCT05400681,NA,2022,NA,NA,NA,0,0,1,0,NA,0,unknown,0,0,NA,0,biomarker,NA,46,27,0.5,0
NCT05411094,NA,2022,1,0,NA,0,0,2,1,PROCEDURE,1,academic,45,7,0.733,1,biopsy procedure,procedure,2,2,NA,0
NCT05415917,NA,2022,2,0,NA,0,0,1,0,DRUG,0,academic,2,0,0,0,gemcitabine and capecitabine,drug,0,0,NA,1
NCT05417386,0,2022,1,0,NA,0,0,1,0,DRUG,1,unknown,1,1,NA,0,folfirinox,drug,18,8,0.286,0
NCT05417594,NA,2024,1,0,NA,0,0,2,1,DRUG,1,big_pharma,8,3,NA,0,azd9574,drug,0,0,NA,1
NCT05424159,NA,2022,NA,NA,NA,0,0,1,0,RADIATION,0,academic,3,3,NA,0,carbon ion radiotherapy,radiation,3,2,0,0
NCT05428358,NA,2022,NA,NA,NA,0,0,1,0,DIAGNOSTIC_TEST,0,academic,0,0,NA,0,preoperative mri,diagnostic_test,0,0,NA,1
NCT05435053,0,2022,2,0,NA,0,0,1,0,DRUG,1,unknown,0,0,NA,0,nivolumab,drug,14,12,0.333,0
NCT05438797,NA,2022,0.5,0,NA,0,0,1,0,DRUG,0,unknown,0,0,NA,0,adoptive til tcm transfer therapy,drug,0,0,NA,1
NCT05438927,NA,2022,NA,NA,NA,0,0,1,0,BEHAVIORAL,0,academic,8,1,0.25,0,fitbit data collection,behavioral,0,0,NA,1
NCT05440942,NA,2022,1,0,NA,0,0,1,0,DRUG,0,unknown,0,0,NA,0,trametinib,drug,1,1,NA,0
NCT05441189,NA,2022,NA,NA,NA,0,0,1,0,PROCEDURE,0,academic,0,0,NA,0,resection,procedure,0,0,NA,1
NCT05442749,0,2022,2,0,NA,0,0,1,0,DRUG,0,academic,1,1,NA,0,niraparib,drug,2,2,NA,0
NCT05462496,NA,2022,2,0,NA,0,0,1,0,PROCEDURE,1,unknown,0,0,NA,0,biopsy,procedure,4,3,NA,0
NCT05462717,NA,2024,1,0,NA,0,1,5,1,NA,0,biotech,0,0,NA,0,genomics precision,NA,9,6,NA,0
NCT05466799,NA,2022,2,0,NA,0,0,5,1,DRUG,1,unknown,2,1,1,0,folfirinox chemotherapy,drug,0,0,NA,1
NCT05470166,NA,2022,NA,NA,NA,0,0,1,0,DRUG,1,academic,0,0,NA,0,lidocaine iv,drug,0,0,NA,1
NCT05472259,NA,2021,2,0,NA,0,0,1,0,DRUG,0,unknown,0,0,NA,0,nanoliposomal irinotecan,drug,0,0,NA,1
NCT05475366,NA,2022,NA,NA,NA,0,0,1,0,OTHER,0,unknown,0,0,NA,0,clinical value of 5 transcriptomic signatures to personalize the therapeutic decision for l1 in pdac,other,0,0,NA,1
NCT05479708,NA,2022,NA,NA,NA,0,0,1,0,DEVICE,0,unknown,0,0,NA,0,ctdna based mrd detection,device,0,0,NA,1
NCT05481463,1,2022,2,0,NA,0,0,1,0,DRUG,0,academic,2,2,NA,0,surufatinib,drug,0,0,NA,1
NCT05482451,NA,2022,0.5,0,NA,0,0,1,0,DRUG,0,academic,0,0,NA,0,nivolumab,drug,14,12,0.333,0
NCT05483075,NA,2022,NA,NA,NA,0,0,1,0,BEHAVIORAL,0,unknown,7,3,0,0,hcp guided exercise training program,behavioral,0,0,NA,1
NCT05483257,1,2022,NA,NA,NA,0,0,1,0,DEVICE,0,unknown,0,0,NA,0,multigene panel for next generation sequencing,device,0,0,NA,1
NCT05484011,0,2022,1,0,NA,0,0,1,0,BIOLOGICAL,0,biotech,0,0,NA,0,odetiglucan,biological,0,0,NA,1
NCT05489458,NA,2022,NA,NA,NA,0,0,NA,0,PROCEDURE,0,unknown,0,0,NA,0,resection,procedure,0,0,NA,1
NCT05493995,1,2022,2,0,NA,0,0,1,0,DRUG,0,academic,2,1,NA,0,penpulimab,drug,0,0,NA,1
NCT05494697,NA,2024,2,0,NA,0,0,1,0,DRUG,0,biotech,0,0,NA,0,ampligen,drug,0,0,NA,1
NCT05494866,0,2022,1,0,NA,0,0,1,0,DRUG,0,academic,3,0,0.667,0,cobicistat oral tablet,drug,0,0,NA,1
NCT05495685,NA,2022,NA,NA,NA,0,0,1,0,NA,0,academic,17,12,1,1,biomarker,NA,46,27,0.5,0
NCT05497531,NA,2022,NA,NA,NA,0,0,1,0,DIAGNOSTIC_TEST,0,academic,0,0,NA,0,ctdna blood collection,diagnostic_test,0,0,NA,1
NCT05497778,NA,2022,1,0,NA,0,0,1,0,DRUG,0,academic,33,12,0.455,1,gemcitabine,drug,78,21,0.448,0
NCT05500027,NA,2022,NA,NA,NA,0,0,1,0,DIAGNOSTIC_TEST,0,academic,7,5,NA,0,serum test,diagnostic_test,0,0,NA,1
NCT05511116,NA,2022,NA,NA,NA,0,0,1,0,NA,0,unknown,0,0,NA,0,imaging diagnostics,NA,39,15,0,0
NCT05514171,NA,2022,NA,NA,NA,0,0,1,0,PROCEDURE,0,academic,0,0,NA,0,neoadyuvant therapy,procedure,0,0,NA,1
NCT05518110,NA,2022,2,0,NA,0,0,1,0,DRUG,0,unknown,3,1,1,0,trametinib,drug,1,1,NA,0
NCT05518903,NA,2022,2,0,NA,0,0,1,0,PROCEDURE,1,academic,17,9,0.25,1,computed tomography,procedure,1,0,1,0
NCT05519930,NA,2022,NA,NA,NA,0,0,1,0,OTHER,0,academic,1,1,NA,0,hereditary high risk pancreatic cancer,other,0,0,NA,1
NCT05524090,NA,2022,NA,NA,NA,0,0,1,0,OTHER,0,unknown,9,4,1,0,implementation international best practice care,other,0,0,NA,1
NCT05525286,0,2021,1,0,NA,0,0,5,1,DRUG,1,biotech,0,0,NA,0,sot102,drug,0,0,NA,1
NCT05526443,NA,2022,NA,NA,NA,0,0,1,0,DRUG,0,academic,1,1,NA,0,all approved chemotherapeutic agents from second line,drug,0,0,NA,1
NCT05529940,NA,2022,3,0,NA,0,0,1,0,DRUG,0,academic,14,6,1,0,folfirinox,drug,18,8,0.286,0
NCT05535894,NA,2022,NA,NA,NA,0,0,1,0,PROCEDURE,0,academic,1,1,NA,0,ablation of celiac ganglion,procedure,0,0,NA,1
NCT05539430,NA,2022,1,0,NA,0,0,1,0,BIOLOGICAL,0,biotech,0,0,NA,0,lb1908,biological,0,0,NA,1
NCT05546411,0,2022,2,0,NA,0,0,1,0,DRUG,1,unknown,1,1,NA,0,mfolfirinox,drug,7,3,0.75,0
NCT05546853,NA,2022,1,0,NA,0,0,1,0,DRUG,0,academic,0,0,NA,0,np137,drug,0,0,NA,1
NCT05547074,NA,2022,NA,NA,NA,0,0,1,0,PROCEDURE,0,academic,4,2,1,0,pancreatic cancer surgery,procedure,0,0,NA,1
NCT05558982,NA,2022,2,0,NA,0,0,1,0,DRUG,0,academic,7,3,0,0,bxcl701,drug,0,0,NA,1
NCT05562297,NA,2022,2,0,NA,0,0,1,0,DRUG,0,academic,2,1,NA,0,sintilimab,drug,0,0,NA,1
NCT05571839,NA,2023,1,0,NA,0,0,3,1,NA,0,biotech,1,1,NA,0,imaging diagnostics,NA,46,18,0,0
NCT05573776,NA,2022,NA,NA,NA,0,0,1,0,OTHER,0,academic,11,6,0.333,0,exercise therapy high protein supplement,other,0,0,NA,1
NCT05580445,NA,2022,1,0,NA,0,0,1,0,DRUG,0,biotech,0,0,NA,0,ct 707,drug,0,0,NA,1
NCT05580887,NA,2022,NA,NA,NA,0,0,1,0,DRUG,0,academic,1,1,NA,0,mfolfirinox,drug,7,3,0.75,0
NCT05583890,NA,2022,NA,NA,NA,0,0,1,0,DEVICE,1,academic,0,0,NA,0,continuous glucose monitors,device,0,0,NA,1
NCT05584852,NA,2022,NA,NA,NA,0,0,1,0,OTHER,0,academic,2,2,NA,0,microbiome metabolic,other,0,0,NA,1
NCT05585554,NA,2022,NA,NA,NA,0,0,NA,0,RADIATION,0,biotech,1,1,NA,0,mridian,radiation,0,0,NA,1
NCT05586516,NA,2022,1,0,NA,0,0,2,1,DRUG,0,unknown,0,0,NA,0,ioa 289,drug,0,0,NA,1
NCT05587387,NA,2022,NA,NA,NA,0,0,1,0,NA,0,academic,11,6,0.333,0,supportive outcomes,NA,17,9,NA,0
NCT05589480,NA,2022,NA,NA,NA,0,0,1,0,OTHER,0,unknown,0,0,NA,0,preoperative demographics blood markers surgical pathology information and enhanced ct features,other,0,0,NA,1
NCT05591287,NA,2022,NA,NA,NA,0,0,1,0,PROCEDURE,0,academic,4,4,0.5,0,contrast enhanced harmonic endoscopic ultrasound,procedure,0,0,NA,1
NCT05596435,NA,2022,NA,NA,NA,0,0,1,0,OTHER,0,academic,5,3,0,0,no intervention,other,2,2,NA,0
NCT05601323,NA,2022,NA,NA,NA,0,0,1,0,DEVICE,1,biotech,0,0,NA,0,suizenji,device,0,0,NA,1
NCT05604573,NA,2022,NA,NA,NA,0,0,1,0,DIAGNOSTIC_TEST,0,academic,14,6,1,0,cell free dna in blood genetic mutation in tissue,diagnostic_test,0,0,NA,1
NCT05606523,NA,2022,NA,NA,NA,0,0,1,0,NA,0,unknown,0,0,NA,0,supportive outcomes,NA,17,9,NA,0
NCT05607953,NA,2022,1,0,NA,0,0,1,0,DRUG,1,biotech,0,0,NA,0,sd 101,drug,0,0,NA,1
NCT05611359,NA,2022,NA,NA,NA,0,0,NA,0,PROCEDURE,1,academic,8,7,0,0,thermal ablation,procedure,0,0,NA,1
NCT05616494,NA,2022,2,0,NA,0,0,1,0,DRUG,0,biotech,1,1,NA,0,docetaxel for injection albumin bound,drug,0,0,NA,1
NCT05621824,NA,2022,NA,NA,NA,0,0,NA,0,DEVICE,1,academic,7,5,NA,0,endoscopic ultrasound,device,4,3,0.5,0
NCT05624918,NA,2022,2,0,NA,0,0,1,0,DRUG,1,unknown,0,0,NA,0,nab paclitaxel,drug,22,4,0.75,0
NCT05625529,NA,2022,NA,NA,NA,0,0,1,0,NA,0,unknown,0,0,NA,0,biomarker,NA,46,27,0.5,0
NCT05630183,NA,2022,2,0,NA,0,0,1,0,DRUG,0,biotech,0,0,NA,0,botensilimab,drug,0,0,NA,1
NCT05630989,NA,2022,NA,NA,NA,0,0,1,0,OTHER,1,unknown,0,0,NA,0,combination therapy with no meki,other,0,0,NA,1
NCT05631574,0,2022,1,0,NA,0,0,2,1,DRUG,0,biotech,0,0,NA,0,bmf 219,drug,0,0,NA,1
NCT05632328,NA,2022,2,0,NA,0,0,1,0,DRUG,0,unknown,0,0,NA,0,agen1423,drug,0,0,NA,1
NCT05634525,0,2022,1,0,NA,0,0,1,0,DRUG,0,academic,33,12,0.455,1,mrtx849,drug,0,0,NA,1
NCT05634564,NA,2022,2,0,NA,0,0,1,0,DRUG,1,academic,2,1,NA,0,tislelizumab,drug,1,1,NA,0
NCT05638698,NA,2022,2,0,NA,0,0,1,0,BIOLOGICAL,1,academic,1,1,NA,0,tg01 vaccine,biological,0,0,NA,1
NCT05639751,NA,2023,1,0,NA,0,0,4,1,NA,0,biotech,0,0,NA,0,biomarker,NA,52,28,0.5,0
NCT05642962,NA,2022,1,0,NA,0,0,1,0,DRUG,0,academic,25,12,1,1,pertzye,drug,0,0,NA,1
NCT05653453,NA,2022,3,0,NA,0,0,1,0,DEVICE,1,biotech,0,0,NA,0,tumor treating fields combined with gemcitabine hydrochloride and albumin binding paclitaxel,device,0,0,NA,1
NCT05657418,0,2022,1,0,NA,0,0,1,0,DRUG,1,biotech,0,0,NA,0,js107,drug,0,0,NA,1
NCT05657743,NA,2022,NA,NA,NA,0,0,1,0,DEVICE,0,biotech,1,1,NA,0,radiation diffusing alpha radiation emitters therapy dart,device,1,1,NA,0
NCT05658679,NA,2022,NA,NA,NA,0,0,NA,0,NA,0,academic,6,6,NA,0,imaging diagnostics,NA,39,15,0,0
NCT05659914,NA,2022,2,0,NA,0,0,1,0,DRUG,0,unknown,2,0,1,0,olaparib durvalumab,drug,0,0,NA,1
NCT05663515,NA,2022,NA,NA,NA,0,0,7,1,DRUG,0,big_pharma,5,0,1,0,exenatide,drug,0,0,NA,1
NCT05669287,NA,2022,NA,NA,NA,0,0,1,0,DIAGNOSTIC_TEST,0,academic,1,1,NA,0,ct perfusion,diagnostic_test,0,0,NA,1
NCT05669482,NA,2022,1,0,NA,0,0,1,0,DRUG,1,biotech,0,0,NA,0,avutometinib vs 6766 and defactinib in combination with gemcitabine and nab paclitaxel,drug,0,0,NA,1
NCT05673811,NA,2022,2,0,NA,0,0,2,1,DRUG,1,unknown,1,0,1,0,nab paclitaxel,drug,22,4,0.75,0
NCT05675059,NA,2022,NA,NA,NA,0,0,1,0,BEHAVIORAL,0,academic,8,1,0.25,0,consultations with moffitt dietician,behavioral,0,0,NA,1
NCT05679050,NA,2022,2,0,NA,0,0,1,0,DRUG,0,academic,5,3,0,0,ag followed by folfirinox,drug,0,0,NA,1
NCT05679583,NA,2022,2,0,NA,0,0,1,0,RADIATION,0,academic,11,6,0.333,0,preoperative stereotactic body radiation therapy sbrt pancreatic resection adjuvant chemotherapy,radiation,0,0,NA,1
NCT05681390,NA,2022,2,0,NA,0,0,1,0,DRUG,0,academic,3,2,0,0,tislelizumab,drug,1,1,NA,0
NCT05685602,NA,2023,1,0,NA,0,0,1,0,PROCEDURE,1,academic,46,7,0.733,1,biopsy procedure,procedure,3,3,NA,0
NCT05688215,NA,2023,1,0,NA,0,0,1,0,PROCEDURE,1,academic,5,1,0,0,biospecimen collection,procedure,2,2,NA,0
NCT05689138,NA,2023,NA,NA,NA,0,0,1,0,OTHER,0,academic,10,8,NA,0,oral and fecal sample collection,other,0,0,NA,1
NCT05692323,NA,2023,NA,NA,NA,0,0,1,0,OTHER,0,academic,3,2,0,0,prehab,other,0,0,NA,1
NCT05700110,NA,2023,NA,NA,NA,0,0,1,0,OTHER,0,unknown,4,1,0,0,non interventional,other,0,0,NA,1
NCT05702385,0,2023,NA,NA,NA,0,0,1,0,OTHER,0,biotech,0,0,NA,0,educational materials for a new diagnostic test,other,0,0,NA,1
NCT05703139,NA,2023,NA,NA,NA,0,0,1,0,PROCEDURE,0,academic,1,1,NA,0,triangle procedure,procedure,0,0,NA,1
NCT05706129,NA,2024,1,0,NA,0,0,2,1,DRUG,0,unknown,0,0,NA,0,68ga ga dpi 4452,drug,0,0,NA,1
NCT05721846,NA,2023,1,0,NA,0,0,1,0,DRUG,1,unknown,2,1,NA,0,nivolumab,drug,16,12,0.286,0
NCT05722223,NA,2022,NA,NA,NA,0,0,1,0,COMBINATION_PRODUCT,1,academic,0,0,NA,0,trimodal prehabilitation,combination_product,0,0,NA,1
NCT05723107,NA,2023,1,0,NA,0,0,1,0,DRUG,1,unknown,8,3,0,0,chemotherapy,drug,21,8,0,0
NCT05724992,NA,2022,NA,NA,NA,0,0,1,0,GENETIC,0,unknown,1,1,NA,0,saliva swab testing,genetic,0,0,NA,1
NCT05727020,NA,2023,NA,NA,NA,0,0,1,0,DIAGNOSTIC_TEST,0,unknown,0,0,NA,0,breath test,diagnostic_test,0,0,NA,1
NCT05727319,NA,2023,NA,NA,NA,0,0,1,0,NA,0,unknown,3,1,NA,0,imaging diagnostics,NA,46,18,0,0
NCT05729737,NA,2022,NA,NA,NA,0,0,1,0,DIAGNOSTIC_TEST,0,academic,7,5,NA,0,contrast enhanced ultrasound ceus,diagnostic_test,0,0,NA,1
NCT05740111,NA,2022,NA,NA,NA,0,0,1,0,OTHER,0,academic,2,1,NA,0,annual surveillance,other,0,0,NA,1
NCT05743049,NA,2023,NA,NA,NA,0,0,1,0,OTHER,0,academic,14,4,0.143,0,obtaining blood for analysis of various circulating biomarkers,other,0,0,NA,1
NCT05745415,NA,2023,NA,NA,NA,0,0,1,0,NA,0,academic,14,8,0.333,0,early detection,NA,1,0,NA,0
NCT05751850,NA,2023,3,0,NA,0,0,1,0,DRUG,0,biotech,6,6,0.75,0,hr070803 oxaliplatin 5fluorouracil calcium folinate,drug,0,0,NA,1
NCT05752812,NA,2023,NA,NA,NA,0,0,1,0,NA,0,academic,0,0,NA,0,imaging diagnostics,NA,46,18,0,0
NCT05759923,NA,2024,1,0,NA,0,0,1,0,NA,0,unknown,0,0,NA,0,advanced disease,NA,257,67,0,0
NCT05764720,NA,2023,NA,NA,NA,0,0,1,0,RADIATION,0,biotech,0,0,NA,0,daily adaptive external beam radiation therapy,radiation,0,0,NA,1
NCT05766748,NA,2023,1,0,NA,0,0,1,0,DRUG,0,biotech,0,0,NA,0,azeliragon,drug,0,0,NA,1
NCT05776524,NA,2023,2,0,NA,0,0,1,0,DRUG,1,biotech,0,0,NA,0,nab paclitaxel,drug,24,5,0.75,0
NCT05783076,NA,2023,2,0,NA,0,0,1,0,DRUG,0,academic,18,12,1,1,stereotactic body radiation therapy,drug,2,1,NA,0
NCT05784597,NA,2022,1,0,NA,0,0,1,0,NA,0,unknown,1,0,0,0,mixed solid tumor,NA,0,0,NA,1
NCT05788744,NA,2022,NA,NA,NA,0,0,1,0,DIAGNOSTIC_TEST,0,academic,0,0,NA,0,ctdna,diagnostic_test,0,0,NA,1
NCT05795920,NA,2023,2,0,NA,0,0,1,0,DRUG,1,academic,3,1,1,0,utidelone injection in combination with gemcitabine,drug,0,0,NA,1
NCT05800964,NA,2023,1,0,NA,0,0,3,1,NA,0,big_pharma,4,1,NA,0,advanced disease,NA,241,67,0,0
NCT05802394,NA,2023,NA,NA,NA,0,0,1,0,DRUG,0,academic,10,8,NA,0,later line therapy,drug,0,0,NA,1
NCT05802407,NA,2023,NA,NA,NA,0,0,1,0,DRUG,0,academic,10,8,NA,0,later line therapy,drug,0,0,NA,1
NCT05802420,NA,2023,NA,NA,NA,0,0,1,0,DRUG,0,academic,10,8,NA,0,later line therapy,drug,0,0,NA,1
NCT05802485,NA,2022,NA,NA,NA,0,0,NA,0,OTHER,0,unknown,5,0,NA,0,collection of blood and tumor samples,other,0,0,NA,1
NCT05810792,NA,2023,2,0,NA,0,0,NA,0,DRUG,0,academic,0,0,NA,0,histamine dihydrochloride hdc,drug,0,0,NA,1
NCT05821556,NA,2023,2,0,NA,0,0,2,1,DRUG,0,academic,0,0,NA,0,valproic acid,drug,1,0,NA,0
NCT05825066,NA,2023,2,0,NA,0,0,1,0,DRUG,1,academic,8,0,0.333,0,nab paclitaxel,drug,24,5,0.75,0
NCT05827055,NA,2023,2,0,NA,0,0,1,0,DRUG,0,academic,8,3,0,0,gemcitabine,drug,79,20,0.448,0
NCT05827796,NA,2023,1,0,NA,0,0,1,0,DRUG,0,biotech,0,0,NA,0,in10018,drug,0,0,NA,1
NCT05830019,NA,2021,NA,NA,NA,0,0,1,0,RADIATION,0,academic,2,2,NA,0,carbon ion radiotherapy,radiation,2,1,0,0
NCT05832892,NA,2023,1,0,NA,0,0,1,0,DRUG,0,academic,3,2,NA,0,surufatinib,drug,1,1,1,0
NCT05836870,NA,2023,3,0,NA,0,1,1,0,OTHER,1,academic,37,14,0.417,1,enhanced usual care,other,0,0,NA,1
NCT05840341,NA,2023,3,0,NA,0,0,1,0,DRUG,0,academic,25,18,NA,1,qingyihuaji optimized formula,drug,0,0,NA,1
NCT05841420,NA,2023,2,0,NA,0,0,1,0,DRUG,0,unknown,0,0,NA,0,gemcitabine,drug,79,20,0.448,0
NCT05841706,0,2023,0.5,0,NA,0,0,1,0,BIOLOGICAL,1,academic,5,1,0,0,arm i packed red blood cell transfusion hgb 7 g dl,biological,0,0,NA,1
NCT05845801,NA,2023,NA,NA,NA,0,0,1,0,OTHER,0,unknown,4,3,NA,0,register,other,0,0,NA,1
NCT05846516,NA,2023,1,0,NA,0,0,5,1,DRUG,0,unknown,2,0,0,0,vsv gp154,drug,0,0,NA,1
NCT05848154,NA,2023,NA,NA,NA,0,0,1,0,DIAGNOSTIC_TEST,0,academic,3,2,NA,0,ctdna detection,diagnostic_test,0,0,NA,1
NCT05851924,NA,2023,2,0,NA,0,0,1,0,DRUG,1,academic,26,10,1,1,nalirifox,drug,0,0,NA,1
NCT05853198,NA,2023,NA,NA,NA,0,0,1,0,OTHER,0,unknown,4,3,NA,0,ctdna analysis,other,0,0,NA,1
NCT05859750,NA,2023,2,0,NA,0,0,1,0,DRUG,0,unknown,0,0,NA,0,ak104,drug,0,0,NA,1
NCT05861336,0,2023,2,0,NA,0,0,1,0,DRUG,1,unknown,2,0,1,0,losartan,drug,0,0,NA,1
NCT05875753,NA,2023,0.5,0,NA,0,0,1,0,DIAGNOSTIC_TEST,0,academic,10,8,NA,0,68ga fapi fs pet ct,diagnostic_test,0,0,NA,1
NCT05880472,NA,2023,NA,NA,NA,0,0,1,0,DEVICE,0,academic,3,3,NA,0,intratumoral,device,0,0,NA,1
NCT05884463,1,2023,NA,NA,NA,0,0,1,0,DRUG,0,academic,5,3,1,0,18f fapi,drug,0,0,NA,1
NCT05888129,NA,2023,NA,NA,NA,0,0,1,0,PROCEDURE,0,academic,10,6,1,0,surgery after neoadjuvant chemotherapy,procedure,0,0,NA,1
NCT05895214,NA,2023,NA,NA,NA,0,0,1,0,PROCEDURE,0,academic,0,0,NA,0,oncological relevance of the mesopancreas,procedure,0,0,NA,1
NCT05906615,NA,2022,2,0,NA,0,0,1,0,DRUG,0,unknown,9,4,1,0,lidocaine iv,drug,0,0,NA,1
NCT05908747,NA,2023,2,0,NA,0,0,1,0,DRUG,0,academic,7,4,0,0,surufatinib gemcitabine nab paclitaxel,drug,0,0,NA,1
NCT05911217,NA,2023,1,0,NA,0,0,1,0,DRUG,0,biotech,1,1,NA,0,ct041 autologous car t cell injection,drug,0,0,NA,1
NCT05911243,NA,2023,NA,NA,NA,0,0,1,0,PROCEDURE,1,academic,2,0,0,0,acupressure therapy,procedure,0,0,NA,1
NCT05914987,NA,2023,NA,NA,NA,0,0,1,0,OTHER,0,unknown,6,3,0,0,targeted therapy,other,2,0,NA,0
NCT05915351,NA,2023,2,0,NA,0,0,1,0,DRUG,0,academic,2,2,NA,0,enfortumab vedotin,drug,0,0,NA,1
NCT05916261,NA,2023,0.5,0,NA,0,0,1,0,BIOLOGICAL,0,academic,8,8,NA,0,personalized neoantigen tumor vaccine,biological,0,0,NA,1
NCT05919238,NA,2023,1,0,NA,0,0,1,0,COMBINATION_PRODUCT,1,biotech,0,0,NA,0,padeliporfin vascular targeted photodynamic vtp therapy,combination_product,0,0,NA,1
NCT05922930,NA,2023,1,0,NA,0,0,1,0,DRUG,0,academic,37,14,0.417,1,trop2 car nk,drug,0,0,NA,1
NCT05923567,NA,2023,NA,NA,NA,0,0,1,0,NA,0,academic,2,1,1,0,biomarker,NA,52,28,0.5,0
NCT05924789,NA,2023,NA,NA,NA,0,0,2,1,OTHER,0,unknown,0,0,NA,0,observational study,other,0,0,NA,1
NCT05927142,NA,2023,1,0,NA,0,0,1,0,BIOLOGICAL,1,unknown,0,0,NA,0,durvalumab,biological,6,3,0,0
NCT05927298,NA,2023,NA,NA,NA,0,0,1,0,OTHER,0,academic,14,4,0.4,0,non interventional,other,0,0,NA,1
NCT05929885,NA,2023,2,0,NA,0,0,1,0,DRUG,0,academic,2,1,NA,0,low dose oxiri ld oxiri,drug,0,0,NA,1
NCT05939063,NA,2023,NA,NA,NA,0,0,1,0,PROCEDURE,0,academic,25,18,NA,1,lramps,procedure,0,0,NA,1
NCT05947825,NA,2023,2,0,NA,0,0,NA,0,DRUG,1,academic,7,4,0,0,combination of sitagliptin gemcitabine nab paclitaxel,drug,0,0,NA,1
NCT05955092,NA,2023,NA,NA,NA,0,0,1,0,NA,0,academic,10,8,NA,0,translational research,NA,0,0,NA,1
NCT05955157,NA,2022,2,0,NA,0,0,1,0,BIOLOGICAL,1,academic,0,0,NA,0,dendritic cell cytokine induced killer cell dc cik immunotherapy,biological,0,0,NA,1
NCT05957250,NA,2024,2,0,NA,0,0,1,0,DRUG,0,unknown,0,0,NA,0,gallium 68ga chloride,drug,0,0,NA,1
NCT05958849,NA,2023,2,0,NA,0,0,NA,0,DRUG,0,academic,0,0,NA,0,sovalteinib solutumab tegeo,drug,0,0,NA,1
NCT05964361,NA,2024,1,0,NA,0,0,1,0,DRUG,0,academic,0,0,NA,0,wt1 il15 il15ra mrna dc,drug,0,0,NA,1
NCT05968326,NA,2023,2,0,NA,0,0,10,1,DRUG,0,biotech,2,0,1,0,autogene cevumeran,drug,0,0,NA,1
NCT05969171,NA,2023,2,0,NA,0,0,1,0,DRUG,0,academic,25,18,NA,1,surufatinib gemcitabine nab paclitaxel,drug,0,0,NA,1
NCT05973331,NA,2023,NA,NA,NA,0,0,1,0,OTHER,0,academic,4,2,0,0,pancreatic cancer risk model prism,other,0,0,NA,1
NCT05984602,NA,2023,1,0,NA,0,0,1,0,DRUG,0,unknown,8,3,0,0,canakinumab,drug,0,0,NA,1
NCT05984810,NA,2023,2,0,NA,0,0,1,0,PROCEDURE,1,academic,2,2,NA,0,fluorescence guided surgery using cea targeted fluorophore sgm 101,procedure,0,0,NA,1
NCT05988372,NA,2023,2,0,NA,0,0,1,0,DRUG,0,academic,3,3,1,0,surufatinib serplulimab albumin paclitaxel gemcitabine,drug,0,0,NA,1
NCT05988814,NA,2023,2,0,NA,0,0,1,0,DRUG,0,academic,1,1,NA,0,folfirinox treatment,drug,0,0,NA,1
NCT05997147,NA,2023,NA,NA,NA,0,0,1,0,NA,0,academic,7,4,0,0,imaging diagnostics,NA,46,18,0,0
NCT06000553,NA,2023,NA,NA,NA,0,0,NA,0,OTHER,0,unknown,6,1,NA,0,blood sampling at inclusion 6 months 1 year and 2 years tumor and intracystic fluid samples are taken only if a biopsy is planned following mri results,other,0,0,NA,1
NCT06006728,NA,2023,NA,NA,NA,0,0,1,0,NA,0,academic,1,0,NA,0,advanced disease,NA,241,67,0,0
NCT06009029,NA,2023,2,0,NA,0,0,NA,0,RADIATION,1,academic,3,3,NA,0,stereotactic body radiation sbrt,radiation,1,1,NA,0
NCT06015659,NA,2023,2,0,NA,0,0,1,0,DRUG,0,unknown,0,0,NA,0,zentalis,drug,0,0,NA,1
NCT06015724,NA,2023,2,0,NA,0,0,1,0,DRUG,1,academic,8,3,0,0,daratumumab,drug,0,0,NA,1
NCT06017284,NA,2023,3,0,NA,0,0,1,0,DRUG,0,academic,25,18,NA,1,thalidomide,drug,0,0,NA,1
NCT06017323,0,2023,1,0,NA,0,0,1,0,DRUG,0,academic,8,3,0,0,gemcitabine,drug,79,20,0.448,0
NCT06018883,NA,2023,3,0,NA,0,0,1,0,DRUG,0,academic,25,18,NA,1,ascorbate,drug,2,1,0,0
NCT06018896,NA,2023,2,0,NA,0,0,1,0,DRUG,0,academic,25,18,NA,1,ascorbate,drug,2,1,0,0
NCT06026410,NA,2025,1,0,NA,0,0,4,1,NA,0,biotech,0,0,NA,0,advanced disease,NA,267,60,0,0
NCT06026943,NA,2023,NA,NA,NA,0,0,1,0,DEVICE,0,biotech,2,2,NA,0,dart seeds insertion,device,0,0,NA,1
NCT06030622,NA,2023,1,0,NA,0,0,1,0,DRUG,0,academic,0,0,NA,0,gemcitabine and c3 metformin simvastatin and digoxin,drug,0,0,NA,1
NCT06040801,NA,2023,NA,NA,NA,0,0,1,0,BEHAVIORAL,0,academic,0,0,NA,0,frailty intervention measures,behavioral,0,0,NA,1
NCT06041009,NA,2023,NA,NA,NA,0,0,1,0,DIAGNOSTIC_TEST,0,academic,0,0,NA,0,pancreatic elastase 1 in blood serum,diagnostic_test,0,0,NA,1
NCT06043921,NA,2023,NA,NA,NA,0,1,1,0,OTHER,0,biotech,1,1,0,0,no intervention,other,4,4,NA,0
NCT06044064,NA,2023,NA,NA,NA,0,0,NA,0,PROCEDURE,0,academic,0,0,NA,0,a blood sample for ca 19 9 cancer detection test,procedure,0,0,NA,1
NCT06046794,NA,2023,NA,NA,NA,0,0,1,0,OTHER,0,unknown,6,1,NA,0,analyze of gemcore status,other,0,0,NA,1
NCT06048484,NA,2023,2,0,NA,0,0,1,0,RADIATION,1,unknown,2,2,0,0,stereotactic body radiotherapy sbrt,radiation,2,1,NA,0
NCT06050317,NA,2023,2,0,NA,0,0,1,0,DRUG,0,academic,0,0,NA,0,sintilimab plus mffn or nalirifox and radiation,drug,0,0,NA,1
NCT06051851,NA,2023,2,0,NA,0,0,1,0,DRUG,0,academic,4,3,1,0,penpulimab,drug,1,1,1,0
NCT06054308,0,2023,NA,NA,NA,0,0,1,0,OTHER,0,academic,1,0,0,0,msln cart,other,0,0,NA,1
NCT06054984,NA,2023,0.5,0,NA,0,0,1,0,DRUG,0,academic,8,8,NA,0,tcr t cells injection gb3010 cells injection,drug,0,0,NA,1
NCT06055010,NA,2023,NA,NA,NA,0,0,1,0,OTHER,0,unknown,5,3,NA,0,no interventions,other,0,0,NA,1
NCT06059001,NA,2023,1,0,NA,0,0,1,0,DRUG,0,unknown,0,0,NA,0,omo 103,drug,0,0,NA,1
NCT06060405,NA,2023,2,0,NA,0,0,1,0,DRUG,0,academic,14,4,0.4,0,durvalumab,drug,6,3,0,0
NCT06065891,NA,2023,NA,NA,NA,0,0,2,1,PROCEDURE,0,unknown,0,0,NA,0,paln resection,procedure,0,0,NA,1
NCT06069778,0,2023,1,0,NA,0,0,5,1,DRUG,0,unknown,0,0,NA,0,bnt321 0 5 mg kg,drug,0,0,NA,1
NCT06078787,NA,2023,2,0,NA,0,0,1,0,DRUG,0,unknown,2,1,NA,0,olaparib 150 mg,drug,0,0,NA,1
NCT06079229,NA,2023,NA,NA,NA,0,0,1,0,OTHER,0,unknown,1,0,NA,0,phone call,other,0,0,NA,1
NCT06079346,NA,2023,2,0,NA,0,0,1,0,DRUG,0,biotech,0,0,NA,0,ot 101,drug,0,0,NA,1
NCT06080854,NA,2023,2,0,NA,0,0,1,0,DRUG,1,academic,4,3,1,0,toripalimab,drug,0,0,NA,1
NCT06090825,NA,2023,NA,NA,NA,0,0,1,0,OTHER,0,academic,10,8,NA,0,observational study,other,0,0,NA,1
NCT06090916,NA,2023,NA,NA,NA,0,0,1,0,OTHER,0,academic,5,1,0,0,best practice,other,0,0,NA,1
NCT06093009,NA,2023,NA,NA,NA,0,0,1,0,PROCEDURE,0,academic,0,0,NA,0,pancreatectomy,procedure,1,0,NA,0
NCT06094140,NA,2023,2,0,NA,0,0,1,0,DRUG,0,unknown,2,2,NA,0,durvalumab,drug,6,3,0,0
NCT06095141,NA,2023,2,0,NA,0,0,1,0,DRUG,0,academic,25,18,NA,1,cisplatin,drug,9,2,1,0
NCT06099119,NA,2023,4,0,NA,0,0,3,1,DRUG,1,academic,1,1,NA,0,creon 35 000 ph u r,drug,0,0,NA,1
NCT06108531,NA,2023,NA,NA,NA,0,0,1,0,OTHER,0,academic,0,0,NA,0,biomarker,other,52,28,0.5,0
NCT06110598,0,2023,2,0,NA,0,0,1,0,DRUG,0,academic,12,2,0.167,0,capecitabine,drug,27,2,0.625,0
NCT06111274,NA,2023,2,0,NA,0,0,1,0,DRUG,0,biotech,0,0,NA,0,pimicotinib absk021,drug,0,0,NA,1
NCT06115499,NA,2023,2,0,NA,0,0,1,0,DRUG,1,academic,12,1,0.75,0,nab paclitaxel,drug,24,5,0.75,0
NCT06119217,NA,2023,2,0,NA,0,0,8,1,COMBINATION_PRODUCT,1,biotech,0,0,NA,0,ttx 030 nab paclitaxel and gemcitabine,combination_product,0,0,NA,1
NCT06122480,0,2023,NA,NA,NA,0,0,1,0,PROCEDURE,0,academic,32,7,0.583,1,surgery,procedure,0,0,NA,1
NCT06122896,NA,2023,0.5,0,NA,0,0,1,0,OTHER,1,academic,14,5,0,0,screening blood tests,other,0,0,NA,1
NCT06129422,NA,2023,1,0,NA,0,0,1,0,DRUG,0,biotech,0,0,NA,0,nmk89,drug,0,0,NA,1
NCT06129812,NA,2023,NA,NA,NA,0,0,NA,0,DRUG,0,academic,16,7,1,1,neoadjuvant treatment,drug,0,0,NA,1
NCT06131840,NA,2024,1,0,NA,0,0,4,1,NA,0,biotech,2,2,NA,0,advanced disease,NA,257,67,0,0
NCT06132087,NA,2023,NA,NA,NA,0,0,1,0,PROCEDURE,1,academic,3,1,0,0,biospecimen collection,procedure,2,2,NA,0
NCT06134765,NA,2023,2,0,NA,0,0,1,0,DRUG,0,academic,9,8,0,0,bemalenograstim alfa,drug,0,0,NA,1
NCT06139042,NA,2023,NA,NA,NA,0,0,1,0,DIAGNOSTIC_TEST,0,academic,9,8,0,0,blood drawing,diagnostic_test,0,0,NA,1
NCT06141031,NA,2023,1,0,NA,0,0,1,0,DRUG,0,academic,3,0,1,0,tti 101,drug,0,0,NA,1
NCT06144762,NA,2023,NA,NA,NA,0,0,1,0,BIOLOGICAL,0,unknown,5,2,1,0,biological vaccine blood sample and tissue sample,biological,0,0,NA,1
NCT06145074,NA,2023,2,0,NA,0,0,1,0,DRUG,0,academic,1,1,NA,0,propranolol,drug,0,0,NA,1
NCT06149546,NA,2023,NA,NA,NA,0,0,1,0,DIETARY_SUPPLEMENT,0,unknown,5,3,1,0,control,dietary_supplement,0,0,NA,1
NCT06149689,NA,2023,2,0,NA,0,0,1,0,COMBINATION_PRODUCT,1,academic,25,18,NA,1,mfolfirinox plus radiotherapy,combination_product,0,0,NA,1
NCT06151223,NA,2023,NA,NA,NA,0,0,1,0,OTHER,1,academic,18,9,0.25,1,bio specimen collection blood,other,0,0,NA,1
NCT06151262,NA,2023,2,0,NA,0,0,1,0,DRUG,0,academic,4,3,1,0,trilaciclib mfolfirinox,drug,0,0,NA,1
NCT06151691,NA,2023,NA,NA,NA,0,0,1,0,OTHER,0,academic,25,18,NA,1,blood collection and pancreatic ductal adenocarcinoma minimal residual disease detection test,other,0,0,NA,1
NCT06155136,NA,2023,NA,NA,NA,0,0,1,0,NA,0,unknown,0,0,NA,0,supportive outcomes,NA,19,11,NA,0
NCT06157671,NA,2023,NA,NA,NA,0,0,1,0,NA,0,biotech,1,1,NA,0,biomarker,NA,52,28,0.5,0
NCT06158139,NA,2023,1,0,NA,0,0,1,0,BIOLOGICAL,0,academic,3,1,0,0,ic9 car b7 h3 t cell infusion,biological,0,0,NA,1
NCT06159478,NA,2023,2,0,NA,0,0,1,0,DRUG,0,academic,0,0,NA,0,binimetinib 15 mg,drug,0,0,NA,1
NCT06160323,NA,2023,NA,NA,NA,0,0,1,0,PROCEDURE,0,academic,1,0,0,0,eus guided coeliac ganglion neurolysis celiac plexus neurolysis,procedure,0,0,NA,1
NCT06164691,0,2023,NA,NA,NA,0,0,1,0,DEVICE,1,unknown,0,0,NA,0,blue light,device,0,0,NA,1
NCT06166147,NA,2023,NA,NA,NA,0,0,1,0,NA,0,academic,25,18,NA,1,biomarker,NA,52,28,0.5,0
NCT06166589,NA,2023,2,0,NA,0,0,1,0,DRUG,0,academic,3,2,NA,0,zimberelimab,drug,0,0,NA,1
NCT06168552,NA,2023,1,0,NA,0,0,NA,0,DIAGNOSTIC_TEST,0,academic,5,3,1,0,injection of fluorescent developer anti egfr ir800cw,diagnostic_test,0,0,NA,1
NCT06168812,NA,2023,2,0,NA,0,0,1,0,DRUG,0,academic,26,10,1,1,glipizide,drug,0,0,NA,1
NCT06172036,NA,2023,2,0,NA,0,0,NA,0,DRUG,0,academic,5,3,1,0,irinotecan liposome oxaliplatin 5 fu lv,drug,0,0,NA,1
NCT06172634,NA,2023,1,0,NA,0,0,NA,0,DRUG,0,academic,1,0,NA,0,dentritic cell infusion and immunecheckpoint inhibitor,drug,0,0,NA,1
NCT06173310,NA,2023,NA,NA,NA,0,0,1,0,DEVICE,0,academic,6,2,0,0,point of care portable perfusion phantom p4,device,1,1,NA,0
NCT06177522,NA,2023,2,0,NA,0,0,1,0,DRUG,0,academic,0,0,NA,0,adebrelimab,drug,0,0,NA,1
NCT06182072,NA,2023,1,0,NA,0,0,1,0,DRUG,0,biotech,0,0,NA,0,proagio dose levels dl 1 2 3 4,drug,0,0,NA,1
NCT06195254,NA,2023,NA,NA,NA,0,0,1,0,RADIATION,1,academic,3,3,NA,0,stereotactic body radiotherapy sbrt,radiation,2,1,NA,0
NCT06196671,NA,2023,2,0,NA,0,0,1,0,DRUG,0,academic,25,18,NA,1,h101,drug,1,1,NA,0
NCT06199466,0,2023,1,0,NA,0,0,1,0,DRUG,0,academic,37,14,0.417,1,gemcitabine,drug,79,20,0.448,0
NCT06199752,1,2023,4,0,NA,0,0,1,0,DIETARY_SUPPLEMENT,0,academic,0,0,NA,0,probiotic agent 25 billion cfu nowfoods usa inulin capsules 1000mg herbamama usa,dietary_supplement,0,0,NA,1
NCT06199895,NA,2023,2,0,NA,0,0,1,0,DRUG,0,unknown,0,0,NA,0,paclitaxel polymeric micelles for injection,drug,0,0,NA,1
NCT06203613,NA,2024,NA,NA,NA,0,0,1,0,RADIATION,0,unknown,0,0,NA,0,18f f h3resca 3a12 68ga ga nota 3a12,radiation,0,0,NA,1
NCT06203821,NA,2024,1,0,NA,0,0,1,0,DRUG,0,unknown,0,0,NA,0,np137,drug,1,1,NA,0
NCT06206382,NA,2024,NA,NA,NA,0,0,NA,0,PROCEDURE,0,academic,2,1,NA,0,whipple operation,procedure,0,0,NA,1
NCT06206876,0,2023,1,0,NA,0,0,1,0,PROCEDURE,1,academic,5,1,0,0,biopsy,procedure,6,4,NA,0
NCT06208436,NA,2023,NA,NA,NA,0,0,1,0,OTHER,0,academic,7,4,0,0,adjuvant chemotherapy,other,0,0,NA,1
NCT06210360,NA,2024,2,0,NA,0,0,NA,0,DRUG,0,academic,19,12,1,1,irinotecan liposome injection,drug,1,1,NA,0
NCT06217042,NA,2024,3,0,NA,0,0,1,0,DRUG,0,academic,36,25,NA,1,hr070803 oxaliplatin 5fluorouracil calcium folinate,drug,1,1,NA,0
NCT06217666,NA,2024,1,0,NA,0,0,1,0,DRUG,0,unknown,0,0,NA,0,pcx 12,drug,0,0,NA,1
NCT06219941,NA,2024,1,0,NA,0,0,2,1,DRUG,0,big_pharma,8,3,NA,0,onivyde pegylated liposomal 4 3 mg ml concentrate for dispersion for infusion,drug,0,0,NA,1
NCT06228599,NA,2024,NA,NA,NA,0,0,1,0,OTHER,0,unknown,7,3,0,0,treatment plan,other,0,0,NA,1
NCT06229496,NA,2024,1,0,NA,0,0,1,0,COMBINATION_PRODUCT,1,academic,1,1,NA,0,gemcitabine 800mg m2 nab paclitaxel 100mg m2 s 1 dose according to bsa,combination_product,0,0,NA,1
NCT06231160,NA,2023,NA,NA,NA,0,0,NA,0,PROCEDURE,0,academic,8,4,NA,0,systematic therapy combined with microwave ablation,procedure,0,0,NA,1
NCT06233864,NA,2024,2,0,NA,0,0,NA,0,DRUG,0,academic,4,4,1,0,disitamab vedotin,drug,0,0,NA,1
NCT06233877,NA,2024,2,0,NA,0,0,1,0,DRUG,0,unknown,0,0,NA,0,g glip plus mitomycin c,drug,0,0,NA,1
NCT06234072,NA,2024,2,0,NA,0,0,1,0,DRUG,0,academic,1,1,NA,0,astragalus gemcitabine,drug,0,0,NA,1
NCT06241352,NA,2024,2,0,NA,0,0,1,0,DRUG,0,academic,19,12,1,1,statin addition to chemotherapy,drug,0,0,NA,1
NCT06249321,NA,2024,2,0,NA,0,0,1,0,DRUG,0,academic,36,25,NA,1,mfolfirinox plus imrt,drug,0,0,NA,1
NCT06250972,NA,2024,3,0,NA,0,0,1,0,DRUG,1,academic,36,25,NA,1,gemcitabine nab paclitaxel irinotecan,drug,0,0,NA,1
NCT06252545,NA,2024,NA,NA,NA,0,0,1,0,BEHAVIORAL,0,academic,4,2,0,0,semistructured interviews,behavioral,0,0,NA,1
NCT06255912,NA,2023,2,0,NA,0,0,NA,0,DRUG,0,academic,3,0,NA,0,ltc004 mil 97,drug,0,0,NA,1
NCT06259058,NA,2024,1,0,NA,0,0,NA,0,DRUG,1,academic,11,8,0,0,irinotecan liposome injection,drug,1,1,NA,0
NCT06261359,NA,2024,2,0,NA,0,0,1,0,DRUG,0,biotech,1,1,NA,0,cend 1,drug,2,1,1,0
NCT06266143,NA,2024,1,0,NA,0,0,1,0,DRUG,0,biotech,0,0,NA,0,y101d,drug,0,0,NA,1
NCT06267690,NA,2024,NA,NA,NA,0,0,1,0,PROCEDURE,0,academic,1,1,NA,0,surgery,procedure,1,1,0,0
NCT06271291,NA,2024,NA,NA,NA,0,0,1,0,OTHER,0,academic,19,9,0.25,1,non interventional study,other,0,0,NA,1
NCT06272162,NA,2024,NA,NA,NA,0,0,1,0,RADIATION,0,unknown,6,4,NA,0,mr guided radiotherapy,radiation,0,0,NA,1
NCT06275737,NA,2024,NA,NA,1,0,0,1,0,OTHER,0,unknown,12,1,0.5,0,prehabilitation program,other,0,0,NA,1
NCT06277206,NA,2024,NA,NA,NA,0,0,1,0,DIAGNOSTIC_TEST,0,academic,8,6,1,0,18f fapi pet ct,diagnostic_test,0,0,NA,1
NCT06278454,NA,2024,1,0,NA,0,0,1,0,DRUG,0,biotech,0,0,NA,0,nrt6008 injection systematic chemotherapy,drug,0,0,NA,1
NCT06278493,NA,2024,1,0,NA,0,0,1,0,DRUG,0,biotech,0,0,NA,0,al2846 capsules,drug,0,0,NA,1
NCT06282809,NA,2024,NA,NA,NA,0,0,1,0,DEVICE,0,biotech,0,0,NA,0,histosonics edison system for the treatment of pancreatic adenocarcinoma using histotripsy,device,0,0,NA,1
NCT06283576,NA,2024,NA,NA,NA,0,0,1,0,DIAGNOSTIC_TEST,0,academic,3,0,1,0,liquid biopsy,diagnostic_test,4,2,NA,0
NCT06287749,NA,2024,NA,NA,NA,0,0,1,0,BIOLOGICAL,0,academic,3,2,NA,0,blood sample liquid biopsy,biological,0,0,NA,1
NCT06291779,NA,2023,NA,NA,NA,0,0,1,0,DEVICE,0,unknown,0,0,NA,0,purine metabolite hypoxanthine xanthine in urine by cubebio,device,0,0,NA,1
NCT06302881,NA,2024,NA,NA,NA,0,0,NA,0,NA,0,academic,0,0,NA,0,supportive care,NA,1,1,NA,0
NCT06305728,NA,2024,NA,NA,NA,0,0,1,0,DIAGNOSTIC_TEST,1,academic,28,11,1,1,89zr dfo humab 5b1 immunopet,diagnostic_test,0,0,NA,1
NCT06307080,NA,2024,NA,NA,NA,0,0,1,0,DEVICE,1,academic,4,2,1,0,multi mode thermal ablation device,device,0,0,NA,1
NCT06310902,NA,2024,NA,NA,NA,0,0,1,0,DIAGNOSTIC_TEST,0,academic,1,1,NA,0,single cell sequencing analysis,diagnostic_test,0,0,NA,1
NCT06313970,NA,2024,2,0,NA,0,0,1,0,DRUG,0,academic,36,25,NA,1,ql1706,drug,0,0,NA,1
NCT06316466,NA,2024,NA,NA,NA,0,0,1,0,OTHER,0,unknown,0,0,NA,0,lp a,other,0,0,NA,1
NCT06320717,NA,2024,NA,NA,NA,0,0,1,0,OTHER,0,academic,6,2,0,0,blood sample,other,2,2,NA,0
NCT06326736,NA,2024,0.5,0,NA,0,0,1,0,PROCEDURE,1,academic,1,1,NA,0,surgery,procedure,1,1,0,0
NCT06328101,NA,2024,NA,NA,NA,0,0,NA,0,NA,0,academic,1,1,NA,0,registry real world,NA,3,0,0.5,0
NCT06330064,NA,2024,1,0,NA,0,0,9,1,DRUG,0,biotech,0,0,NA,0,ifinatamab deruxtecan,drug,0,0,NA,1
NCT06330441,NA,2023,NA,NA,NA,0,0,1,0,PROCEDURE,1,academic,0,0,NA,0,endoscopic ultrasonography,procedure,0,0,NA,1
NCT06334458,NA,2024,NA,NA,NA,0,0,4,1,DIAGNOSTIC_TEST,0,academic,0,0,NA,0,early diagnosis for pancreatic cancers in high risk asymptomatic subject groups,diagnostic_test,0,0,NA,1
NCT06336694,NA,2023,NA,NA,NA,0,0,1,0,PROCEDURE,0,academic,0,0,NA,0,surgery or diagnostic staging laparoscopy,procedure,0,0,NA,1
NCT06341725,0,2024,NA,NA,NA,0,0,1,0,OTHER,0,unknown,0,0,NA,0,malignant lymph nodes,other,0,0,NA,1
NCT06344156,NA,2024,1,0,NA,0,0,1,0,DRUG,0,academic,0,0,NA,0,neoantigen vaccine plus anti pd1 and chemotherapy,drug,0,0,NA,1
NCT06344299,1,2024,NA,NA,NA,0,0,1,0,OTHER,0,academic,36,25,NA,1,potential predictors,other,0,0,NA,1
NCT06345599,NA,2024,1,0,NA,0,0,NA,0,RADIATION,1,academic,0,0,NA,0,radiotherapy,radiation,4,1,NA,0
NCT06349278,NA,2024,NA,NA,NA,0,0,1,0,PROCEDURE,0,academic,1,1,NA,0,pancreatic resection and non anatomic liver resections,procedure,0,0,NA,1
NCT06353581,NA,2024,2,0,NA,0,0,1,0,DRUG,1,academic,15,7,0.333,0,neulapeg,drug,0,0,NA,1
NCT06353646,NA,2024,NA,NA,NA,0,0,1,0,BIOLOGICAL,1,unknown,0,0,NA,0,xh001,biological,0,0,NA,1
NCT06360354,NA,2024,1,0,NA,0,0,16,1,DRUG,0,big_pharma,1,0,NA,0,amg 193,drug,0,0,NA,1
NCT06361030,NA,2024,2,0,NA,0,0,1,0,DRUG,0,academic,0,0,NA,0,surufatinib combined with gemcitabine plus nab paclitaxel,drug,0,0,NA,1
NCT06361316,NA,2024,NA,NA,NA,0,0,1,0,DRUG,0,unknown,0,0,NA,0,irinotecan liposome injection,drug,1,1,NA,0
NCT06361888,NA,2024,2,0,NA,0,0,1,0,DRUG,0,unknown,0,0,NA,0,surufatinib combined with camrelizumab nab paclitaxel and gemcitabine,drug,0,0,NA,1
NCT06363084,NA,2024,NA,NA,NA,0,0,NA,0,DRUG,0,academic,10,10,NA,0,nimotuzumab,drug,2,0,1,0
NCT06368063,NA,2024,4,0,NA,0,0,1,0,DRUG,0,academic,0,0,NA,0,huaier granule,drug,0,0,NA,1
NCT06370754,NA,2024,1,0,NA,0,0,1,0,DRUG,0,academic,36,25,NA,1,js001,drug,0,0,NA,1
NCT06372886,NA,2024,NA,NA,NA,0,0,NA,0,PROCEDURE,0,academic,17,8,1,0,portal superior vein resection,procedure,0,0,NA,1
NCT06375473,NA,2024,NA,NA,NA,0,0,1,0,DRUG,1,academic,17,13,NA,1,irinotecan liposome ii combination therapy regimen,drug,0,0,NA,1
NCT06378047,NA,2024,1,0,NA,0,0,1,0,DRUG,1,academic,10,2,0.25,0,pembrolizumab,drug,10,5,0.5,0
NCT06378580,1,2024,NA,NA,NA,0,0,1,0,DRUG,0,unknown,1,1,NA,0,surufatinib combine immune checkpoint inhibitor,drug,0,0,NA,1
NCT06378853,NA,2024,NA,NA,NA,0,0,1,0,OTHER,0,academic,1,1,NA,0,no intervention,other,5,5,NA,0
NCT06381154,NA,2024,2,0,NA,0,0,1,0,PROCEDURE,1,academic,19,9,0.25,1,biopsy,procedure,7,4,0,0
NCT06383078,NA,2024,2,0,NA,0,0,NA,0,DRUG,0,academic,2,1,NA,0,hr070803,drug,0,0,NA,1
NCT06384560,NA,2024,1,0,NA,0,0,1,0,DRUG,1,unknown,4,3,NA,0,pembrolizumab,drug,10,5,0.5,0
NCT06387342,NA,2024,2,0,NA,0,0,1,0,DRUG,0,biotech,0,0,NA,0,namodenoson 25mg,drug,0,0,NA,1
NCT06387368,NA,2024,4,0,NA,0,0,NA,0,DRUG,0,academic,0,0,NA,0,huaier granule,drug,0,0,NA,1
NCT06387810,NA,2024,2,0,NA,0,0,1,0,DRUG,0,academic,17,13,NA,1,irinotecan liposome ii combined with 5 fu lv and oxaliplatin,drug,0,0,NA,1
NCT06388967,NA,2024,NA,NA,NA,0,0,3,1,DIAGNOSTIC_TEST,0,academic,9,2,0,0,pancreatic cancer exosome early detection panxeon,diagnostic_test,0,0,NA,1
NCT06389552,NA,2024,NA,NA,NA,0,0,1,0,NA,0,biotech,0,0,NA,0,resectable disease,NA,35,4,1,0
NCT06389760,NA,2024,2,0,NA,0,0,1,0,DRUG,0,academic,7,5,1,0,nimotuzumab,drug,2,0,1,0
NCT06390059,NA,2024,2,0,NA,0,0,4,1,DEVICE,1,biotech,2,0,1,0,tumor treating fields,device,0,0,NA,1
NCT06391892,NA,2024,3,0,NA,0,0,1,0,PROCEDURE,0,academic,0,0,NA,0,neoadjuvant chemotherapy instead of upfront surgery,procedure,0,0,NA,1
NCT06393166,NA,2024,2,0,NA,0,0,1,0,DRUG,1,academic,1,1,NA,0,sequential ag and mfolfox in combination with serplulimab injection and bevacizumab injection,drug,0,0,NA,1
NCT06393400,NA,2024,1,0,NA,0,0,1,0,DRUG,0,unknown,0,0,NA,0,fecal microbiota transplantation,drug,1,1,NA,0
NCT06395337,NA,2024,1,0,NA,0,0,1,0,DRUG,1,academic,4,3,NA,0,111in in dota anti cea antibody injection,drug,0,0,NA,1
NCT06396091,NA,2024,1,0,NA,0,0,1,0,DRUG,0,biotech,2,2,NA,0,zolbetuximab,drug,1,1,NA,0
NCT06396637,NA,2024,2,0,NA,0,0,1,0,DRUG,0,academic,4,4,1,0,sapropterin dihydrochloride,drug,0,0,NA,1
NCT06398587,0,2024,2,0,NA,0,0,1,0,DRUG,1,academic,7,4,0,0,onvansertib,drug,1,1,NA,0
NCT06399172,NA,2024,NA,NA,NA,0,0,NA,0,DEVICE,0,unknown,3,1,1,0,oncosil,device,2,0,1,0
NCT06404840,NA,2024,2,0,1,0,0,1,0,DRUG,0,academic,11,8,0,0,nimotuzumab,drug,2,0,1,0
NCT06405490,NA,2024,2,0,NA,0,0,1,0,DRUG,0,academic,4,1,NA,0,nanoliposomal irinotecan oxaliplatin capecitabine cadonilimab,drug,0,0,NA,1
NCT06409429,NA,2024,2,0,NA,0,0,1,0,DRUG,0,academic,11,8,0,0,nimotuzumab,drug,2,0,1,0
NCT06411470,NA,2024,NA,NA,NA,0,0,1,0,NA,0,academic,19,12,1,1,biomarker,NA,59,31,0.5,0
NCT06412510,NA,2024,1,0,NA,0,0,1,0,OTHER,0,academic,13,3,0.143,0,prehabilitation,other,0,0,NA,1
NCT06422156,NA,2024,2,0,NA,0,0,NA,0,RADIATION,1,academic,5,4,NA,0,stereotactic body radiation,radiation,0,0,NA,1
NCT06423326,NA,2024,2,0,NA,0,0,1,0,PROCEDURE,1,academic,4,3,1,0,biopsy,procedure,7,4,0,0
NCT06423963,NA,2024,NA,NA,NA,0,0,1,0,BEHAVIORAL,0,academic,10,2,0.25,0,physical activity,behavioral,0,0,NA,1
NCT06427239,NA,2024,1,0,NA,0,0,1,0,DRUG,0,academic,36,25,NA,1,hrs 4642,drug,0,0,NA,1
NCT06427447,NA,2024,3,0,NA,0,0,1,0,COMBINATION_PRODUCT,1,academic,19,12,1,1,adjuvant chemoradiotherapy,combination_product,0,0,NA,1
NCT06429904,NA,2024,2,0,NA,0,0,1,0,DRUG,0,academic,17,13,NA,1,nimotuzumab nalirifox,drug,0,0,NA,1
NCT06435260,NA,2024,2,0,NA,0,0,1,0,DRUG,1,academic,0,0,NA,0,camrelizumab chemotherapy,drug,0,0,NA,1
NCT06453486,NA,2024,2,0,NA,0,0,1,0,RADIATION,0,academic,16,6,0.4,0,high dose radiation therapy,radiation,0,0,NA,1
NCT06454383,NA,2024,1,0,NA,0,0,1,0,PROCEDURE,1,academic,9,2,0,0,biospecimen collection,procedure,4,4,NA,0
NCT06454448,NA,2024,1,0,NA,0,0,1,0,DRUG,0,academic,11,8,0,0,adebrelimab decitabine,drug,0,0,NA,1
NCT06456281,NA,2024,NA,NA,NA,0,0,1,0,DIAGNOSTIC_TEST,0,academic,36,25,NA,1,a noninvasive cfdna multi omics assay,diagnostic_test,0,0,NA,1
NCT06461598,NA,2024,NA,NA,NA,0,0,1,0,DRUG,0,academic,10,10,NA,0,chemotherapy,drug,22,8,0,0
NCT06464965,NA,2024,1,0,NA,0,0,1,0,BIOLOGICAL,1,academic,3,1,0.5,0,cb car nk182,biological,0,0,NA,1
NCT06472037,NA,2024,2,0,NA,0,0,1,0,DRUG,0,academic,11,8,0,0,cadonilimab,drug,0,0,NA,1
NCT06475326,NA,2024,2,0,NA,0,0,1,0,DRUG,0,academic,36,25,NA,1,adebrelimab,drug,1,1,NA,0
NCT06478056,NA,2024,NA,NA,NA,0,0,1,0,PROCEDURE,0,academic,2,0,1,0,pancreatectomy,procedure,2,1,NA,0
NCT06478225,NA,2024,NA,NA,NA,0,0,1,0,DRUG,0,academic,8,7,NA,0,bgt007h cell injection,drug,0,0,NA,1
NCT06478459,NA,2024,0.5,0,NA,0,0,1,0,BIOLOGICAL,0,academic,8,6,1,0,car nk,biological,0,0,NA,1
NCT06479239,NA,2024,1,0,NA,0,0,1,0,DRUG,0,academic,2,0,0,0,egfr fpbmc,drug,0,0,NA,1
NCT06483555,NA,2024,1,0,NA,0,0,1,0,DRUG,0,academic,4,2,0,0,gemcitabine,drug,83,16,0.419,0
NCT06487377,NA,2024,1,0,NA,0,0,1,0,BIOLOGICAL,0,academic,0,0,NA,0,ix001 tcr t cells,biological,0,0,NA,1
NCT06491472,NA,2024,2,0,NA,0,0,1,0,DRUG,1,academic,0,0,NA,0,ivonescimab,drug,0,0,NA,1
NCT06492915,NA,2024,2,0,NA,0,0,1,0,DRUG,0,biotech,0,0,NA,0,chiauranib,drug,0,0,NA,1
NCT06492941,NA,2024,3,0,NA,0,0,NA,0,DRUG,0,biotech,2,2,NA,0,docetaxel for injection albumin bound,drug,1,1,NA,0
NCT06494514,NA,2024,NA,NA,NA,0,0,1,0,DRUG,0,unknown,0,0,NA,0,nal iri oxaliplatin 5 fu lv pd 1,drug,0,0,NA,1
NCT06495749,NA,2024,NA,NA,NA,0,0,1,0,NA,0,academic,8,6,1,0,biomarker,NA,59,31,0.5,0
NCT06496373,NA,2024,0.5,0,NA,0,0,1,0,BIOLOGICAL,1,academic,10,10,NA,0,fixed neoantigen tumor vaccine,biological,0,0,NA,1
NCT06497777,NA,2024,NA,NA,NA,0,0,1,0,GENETIC,0,academic,11,3,0,0,microrna mir 642b 3p,genetic,0,0,NA,1
NCT06498518,0,2024,2,0,NA,0,0,1,0,DRUG,0,unknown,0,0,NA,0,imm 101 pembrolizumab gemcitabine,drug,0,0,NA,1
NCT06503497,NA,2024,0.5,0,NA,0,0,1,0,BIOLOGICAL,0,academic,8,6,1,0,chemotherapy sequential car nk cell infusion,biological,0,0,NA,1
NCT06513455,NA,2024,1,0,NA,0,0,NA,0,DRUG,0,academic,0,0,NA,0,irinotecan liposome 40mg m2,drug,0,0,NA,1
NCT06515587,NA,2024,NA,NA,NA,0,0,1,0,DIAGNOSTIC_TEST,0,academic,4,2,1,0,lewis genotype detection reagent,diagnostic_test,0,0,NA,1
NCT06518538,0,2024,2,0,NA,0,0,1,0,DRUG,0,biotech,1,0,0,0,cpi 613 modified folfirinox,drug,0,0,NA,1
NCT06524973,NA,2024,NA,NA,NA,0,0,1,0,OTHER,0,academic,9,2,0,0,telemedicine,other,1,1,NA,0
NCT06528093,0,2024,1,0,NA,0,0,6,1,DRUG,0,unknown,3,1,0,0,bi 765883,drug,0,0,NA,1
NCT06531278,NA,2024,2,0,NA,0,0,1,0,DRUG,0,unknown,0,0,NA,0,irinotecan liposome,drug,0,0,NA,1
NCT06532331,NA,2024,1,0,NA,0,0,1,0,DRUG,0,biotech,0,0,NA,0,ono 7475,drug,0,0,NA,1
NCT06532344,NA,2024,1,0,NA,0,0,1,0,DRUG,0,biotech,0,0,NA,0,ono 7913,drug,0,0,NA,1
NCT06532617,NA,2024,2,0,NA,0,0,1,0,DRUG,0,academic,4,2,1,0,cadonilimab s 1or capecitabine,drug,0,0,NA,1
NCT06538623,NA,2024,2,0,NA,0,0,1,0,DRUG,0,academic,10,10,NA,0,liposome irinotecan injection ii combined with oxaliplatin fluorouracil leucovorin,drug,0,0,NA,1
NCT06538857,NA,2024,2,0,NA,0,0,1,0,PROCEDURE,1,unknown,0,0,NA,0,standard surgery,procedure,0,0,NA,1
NCT06547736,NA,2024,2,0,NA,0,0,1,0,DRUG,0,academic,36,25,NA,1,shr a2102 or and hrs 4642,drug,0,0,NA,1
NCT06549725,NA,2024,NA,NA,NA,0,0,1,0,DEVICE,1,unknown,0,0,NA,0,software lipidica,device,0,0,NA,1
NCT06549751,NA,2024,1,0,NA,0,0,NA,0,BIOLOGICAL,0,biotech,0,0,NA,0,mt 601,biological,0,0,NA,1
NCT06553040,NA,2024,NA,NA,NA,0,0,NA,0,NA,0,academic,0,0,NA,0,imaging diagnostics,NA,51,19,0,0
NCT06571461,NA,2024,3,0,NA,0,0,NA,0,DRUG,0,biotech,2,2,NA,0,liposomal irinotecan,drug,1,0,NA,0
NCT06572813,NA,2024,1,0,NA,0,0,1,0,DRUG,0,academic,8,6,1,0,bortezomib injection,drug,0,0,NA,1
NCT06574620,NA,2024,NA,NA,NA,0,0,1,0,GENETIC,1,unknown,3,1,NA,0,genetic testing,genetic,0,0,NA,1
NCT06576115,NA,2024,2,0,NA,0,0,1,0,DRUG,1,academic,5,0,1,0,nab paclitaxel,drug,27,7,0.75,0
NCT06584227,NA,2024,2,0,NA,0,0,1,0,DRUG,0,unknown,0,0,NA,0,adebrelimab and chidamide combined with gemcitabine and s1,drug,0,0,NA,1
NCT06585072,NA,2024,NA,NA,NA,0,0,1,0,DIAGNOSTIC_TEST,0,academic,0,0,NA,0,all enrolled subjects completed dynamic blood glucose monitoring to obtain continuous peripheral blood glucose data,diagnostic_test,0,0,NA,1
NCT06587061,NA,2024,2,0,NA,0,0,1,0,DRUG,0,academic,10,10,NA,0,hrs 4642 ag,drug,0,0,NA,1
NCT06592664,0,2024,1,0,NA,0,0,NA,0,DRUG,0,biotech,1,0,1,0,certepetide,drug,0,0,NA,1
NCT06598033,NA,2024,2,0,NA,0,0,1,0,DRUG,0,academic,36,25,NA,1,vc plus herbal medicine,drug,0,0,NA,1
NCT06599502,NA,2025,1,0,NA,0,0,5,1,DRUG,0,big_pharma,11,6,NA,0,azd0022,drug,0,0,NA,1
NCT06600906,NA,2024,NA,NA,NA,0,0,1,0,DRUG,1,academic,6,1,0.333,0,hyperpolarized 13c pyruvate,drug,0,0,NA,1
NCT06601010,NA,2024,NA,NA,NA,0,0,1,0,NA,0,academic,10,10,NA,0,biomarker,NA,59,31,0.5,0
NCT06601283,NA,2024,2,0,NA,0,0,1,0,DRUG,0,academic,36,25,NA,1,vitmain c plus herbal medicine,drug,0,0,NA,1
NCT06602037,NA,2024,NA,NA,NA,0,0,1,0,DIAGNOSTIC_TEST,0,academic,8,7,NA,0,89zr zr dfo shr1920,diagnostic_test,0,0,NA,1
NCT06607185,NA,2024,1,0,NA,0,0,5,1,NA,0,big_pharma,0,0,NA,0,genomics precision,NA,9,6,NA,0
NCT06608927,NA,2024,3,0,NA,0,0,13,1,DRUG,0,biotech,0,0,NA,0,quemliclustat,drug,0,0,NA,1
NCT06615830,NA,2024,NA,NA,NA,0,0,NA,0,NA,0,unknown,1,1,NA,0,biomarker,NA,59,31,0.5,0
NCT06616688,NA,2024,NA,NA,NA,0,0,NA,0,OTHER,0,unknown,12,4,0.75,0,organoid guided treatment,other,0,0,NA,1
NCT06621095,NA,2024,2,0,NA,0,0,1,0,DRUG,0,academic,8,7,NA,0,anlotinib benmelstobart nab paclitaxel gemcitabine,drug,0,0,NA,1
NCT06625320,NA,2024,3,0,NA,0,0,7,1,DRUG,0,biotech,0,0,NA,0,rmc 6236,drug,0,0,NA,1
NCT06626256,0,2024,1,0,NA,0,0,NA,0,BIOLOGICAL,1,academic,9,2,0,0,aldesleukin,biological,1,0,1,0
NCT06630325,NA,2024,2,0,NA,0,0,1,0,DRUG,1,academic,7,4,0,0,abemaciclib,drug,1,0,1,0
NCT06630481,NA,2024,NA,NA,NA,0,0,NA,0,DRUG,0,academic,17,8,1,0,neoadjuvant therapy,drug,0,0,NA,1
NCT06638866,NA,2024,NA,NA,NA,0,0,1,0,DIAGNOSTIC_TEST,0,academic,19,12,1,1,pdac,diagnostic_test,0,0,NA,1
NCT06639724,NA,2024,1,0,NA,0,0,1,0,COMBINATION_PRODUCT,1,academic,1,0,1,0,fostamatinib in combination with chemotherapy gemcitabine and nab paclitaxel,combination_product,0,0,NA,1
NCT06643715,NA,2024,NA,NA,NA,0,0,1,0,DEVICE,0,academic,8,6,1,0,panda pro,device,0,0,NA,1
NCT06646055,NA,2024,1,0,NA,0,0,1,0,DRUG,0,unknown,1,1,NA,0,ak112 cadonilimab nab paclitaxel gemcitabine,drug,0,0,NA,1
NCT06648434,NA,2024,1,0,NA,0,0,1,0,DRUG,0,academic,15,7,0.25,0,zunsemetinib,drug,0,0,NA,1
NCT06651580,NA,2024,NA,NA,NA,0,0,4,1,PROCEDURE,1,academic,40,14,0.385,1,biospecimen collection,procedure,4,4,NA,0
NCT06655233,NA,2024,NA,NA,NA,0,0,1,0,NA,0,academic,2,2,NA,0,biomarker,NA,59,31,0.5,0
NCT06659237,1,2024,NA,NA,NA,0,0,1,0,DIAGNOSTIC_TEST,0,academic,17,13,NA,1,16s rrna or shotgun metagenomics,diagnostic_test,0,0,NA,1
NCT06659705,NA,2024,2,0,NA,0,0,1,0,DRUG,0,unknown,1,1,NA,0,68ga fapi 46 for pet ct scan and 177lu eb fapi for therapy,drug,0,0,NA,1
NCT06662006,NA,2024,2,0,NA,0,0,1,0,DRUG,0,academic,7,5,1,0,nal iri 5 fu lv benmelstobart anlotinib,drug,0,0,NA,1
NCT06662669,NA,2024,1,0,NA,0,0,NA,0,DRUG,0,biotech,0,0,NA,0,yl 13027,drug,0,0,NA,1
NCT06669078,NA,2024,2,0,NA,0,0,NA,0,DRUG,0,academic,7,5,1,0,nal lrl oxaliplain 5 fu pd 1,drug,0,0,NA,1
NCT06673017,NA,2024,1,0,NA,0,0,1,0,DRUG,0,biotech,0,0,NA,0,ptm 101,drug,0,0,NA,1
NCT06677762,NA,2024,NA,NA,NA,0,0,NA,0,PROCEDURE,0,academic,10,10,NA,0,irreversible electroporation,procedure,5,1,0,0
NCT06688240,NA,2024,NA,NA,1,0,1,NA,0,NA,0,biotech,0,0,NA,0,advanced disease,NA,257,67,0,0
NCT06690528,NA,2024,2,0,NA,0,0,1,0,PROCEDURE,0,unknown,0,0,NA,0,surgical resection of both the primary tumor and liver metastases,procedure,0,0,NA,1
NCT06691425,NA,2024,NA,NA,NA,0,0,1,0,RADIATION,1,unknown,0,0,NA,0,stereotactic body radiation therapy sbrt,radiation,3,1,0,0
NCT06698458,NA,2024,NA,NA,NA,0,0,3,1,DEVICE,0,biotech,3,3,NA,0,radiation diffusing alpha radiation emitters therapy dart,device,2,2,NA,0
NCT06700603,NA,2024,2,0,NA,0,0,NA,0,DRUG,1,unknown,0,0,NA,0,irinotecan liposome nal iri in combination with 5 fu sodium levofolinate,drug,0,0,NA,1
NCT06705335,NA,2024,NA,NA,NA,0,0,NA,0,OTHER,0,unknown,4,2,NA,0,blood sample,other,2,2,NA,0
NCT06710132,NA,2025,1,0,NA,0,0,5,1,DRUG,0,big_pharma,0,0,NA,0,m9140,drug,0,0,NA,1
NCT06713525,NA,2024,NA,NA,NA,0,0,NA,0,NA,0,unknown,3,2,NA,0,observational non therapeutic,NA,7,3,NA,0
NCT06720454,NA,2024,NA,NA,NA,0,0,1,0,NA,0,unknown,0,0,NA,0,observational non therapeutic,NA,7,3,NA,0
NCT06722911,NA,2024,2,0,NA,0,0,1,0,DRUG,0,academic,3,1,0.5,0,nimotuzumab,drug,2,0,1,0
NCT06736678,NA,2024,NA,NA,NA,0,0,1,0,DIETARY_SUPPLEMENT,0,academic,4,4,1,0,oral immunonutrition,dietary_supplement,0,0,NA,1
NCT06736717,NA,2024,1,0,NA,0,0,1,0,DRUG,0,academic,3,2,NA,0,onvansertib,drug,1,1,NA,0
NCT06743386,NA,2024,NA,NA,NA,0,0,NA,0,DEVICE,0,unknown,0,0,NA,0,therapeutic procedure combines eus guided radiofrequency ablation rfa,device,0,0,NA,1
NCT06744595,NA,2024,NA,NA,NA,0,0,1,0,PROCEDURE,1,academic,19,9,0.25,1,biospecimen collection,procedure,4,4,NA,0
NCT06747481,NA,2024,NA,NA,NA,0,0,1,0,NA,0,academic,0,0,NA,0,early detection,NA,2,1,NA,0
NCT06747845,NA,2024,2,0,NA,0,0,1,0,DRUG,0,academic,15,2,0.143,0,niraparib,drug,3,2,0,0
NCT06750861,NA,2024,2,0,NA,0,0,1,0,DRUG,0,academic,4,1,NA,0,ql1706,drug,0,0,NA,1
NCT06752811,NA,2024,3,0,NA,0,0,1,0,DRUG,0,biotech,0,0,NA,0,paclitaxel polymeric micelles for injection,drug,1,1,NA,0
NCT06755359,NA,2024,NA,NA,NA,0,0,1,0,DEVICE,0,biotech,3,3,NA,0,radiation diffusing alpha radiation emitters therapy dart,device,2,2,NA,0
NCT06757244,NA,2024,2,0,NA,0,0,1,0,DRUG,0,unknown,0,0,NA,0,dostarlimab,drug,1,1,NA,0
NCT06758544,NA,2025,1,0,1,0,0,1,0,DRUG,0,academic,0,0,NA,0,oncolytic virus vrt106,drug,0,0,NA,1
NCT06759090,NA,2024,2,0,NA,0,0,1,0,DRUG,0,academic,8,6,1,0,metronomic capecitabine,drug,0,0,NA,1
NCT06760234,1,2024,NA,NA,NA,0,0,1,0,DIAGNOSTIC_TEST,0,academic,11,4,0,0,no interventions,diagnostic_test,1,1,NA,0
NCT06760364,NA,2024,1,0,NA,0,0,1,0,DRUG,0,academic,11,8,0,0,cht102,drug,0,0,NA,1
NCT06760741,NA,2024,NA,NA,NA,0,1,NA,0,GENETIC,1,academic,0,0,NA,0,multigene panel,genetic,0,0,NA,1
NCT06761027,NA,2024,1,0,NA,0,0,1,0,DRUG,0,academic,0,0,NA,0,anlotinib combined with sintilimab,drug,0,0,NA,1
NCT06766019,NA,2025,2,0,NA,0,0,1,0,DRUG,0,academic,3,2,NA,0,adebrelimab combined with irinotecan liposomal ii oxaliplatin and 5 fu lv,drug,0,0,NA,1
NCT06770439,NA,2025,2,0,NA,0,0,1,0,DRUG,0,academic,15,12,1,0,ibi343,drug,0,0,NA,1
NCT06773130,NA,2024,1,0,NA,0,0,1,0,DRUG,0,academic,0,0,NA,0,hrs 4642,drug,0,0,NA,1
NCT06774170,NA,2025,NA,NA,NA,0,0,1,0,BEHAVIORAL,0,academic,0,0,NA,0,structured follow up intervention,behavioral,0,0,NA,1
NCT06777030,NA,2025,NA,NA,NA,0,0,1,0,NA,0,unknown,0,0,NA,0,liquid biopsy,NA,5,2,NA,0
NCT06779318,NA,2025,4,0,NA,0,0,1,0,DRUG,0,academic,3,2,NA,0,s 1,drug,7,0,0.25,0
NCT06782932,NA,2025,1,0,NA,0,0,1,0,DRUG,0,academic,33,4,0.538,1,agen2373,drug,0,0,NA,1
NCT06783140,NA,2025,2,0,NA,0,0,1,0,DRUG,0,academic,17,6,0.4,0,nab paclitaxel,drug,28,7,0.75,0
NCT06789679,NA,2025,2,0,NA,0,0,1,0,DRUG,0,academic,6,3,NA,0,gemcitabine albumin bound paclitaxel s 1,drug,0,0,NA,1
NCT06790602,NA,2025,2,0,NA,0,0,1,0,DRUG,0,academic,2,1,1,0,cemiplimab plus gemcitabine,drug,0,0,NA,1
NCT06800469,NA,2025,NA,NA,NA,0,0,1,0,DIAGNOSTIC_TEST,0,unknown,0,0,NA,0,microbiota analysis,diagnostic_test,0,0,NA,1
NCT06807112,NA,2025,NA,NA,NA,0,0,1,0,OTHER,0,academic,0,0,NA,0,intravenously administered secretin,other,0,0,NA,1
NCT06809374,NA,2025,NA,NA,NA,0,0,NA,0,DRUG,0,academic,2,2,NA,0,gemcitabine,drug,86,13,0.419,0
NCT06815172,NA,2025,NA,NA,NA,0,0,1,0,NA,0,unknown,0,0,NA,0,observational non therapeutic,NA,9,4,NA,0
NCT06816823,NA,2025,1,0,NA,0,0,1,0,BIOLOGICAL,0,academic,24,14,1,1,cl nk 001,biological,0,0,NA,1
NCT06816914,NA,2025,2,0,NA,1,0,1,0,DRUG,0,academic,0,0,NA,0,nalirifox,drug,1,1,NA,0
NCT06821997,NA,2025,2,0,NA,0,0,1,0,PROCEDURE,1,academic,7,3,0,0,biospecimen collection,procedure,7,7,NA,0
NCT06825546,NA,2025,2,0,NA,0,0,1,0,DRUG,0,academic,0,0,NA,0,icaritin,drug,0,0,NA,1
NCT06833658,NA,2024,NA,NA,NA,0,0,NA,0,OTHER,0,academic,1,1,NA,0,experimental aromatherapy with essential oil intervention,other,0,0,NA,1
NCT06840067,NA,2025,NA,NA,NA,0,0,1,0,RADIATION,0,academic,0,0,NA,0,carbon ion radiotherapy cirt,radiation,0,0,NA,1
NCT06842303,NA,2025,NA,NA,NA,0,0,1,0,DEVICE,0,academic,0,0,NA,0,magnetic resonance elastography mre,device,0,0,NA,1
NCT06843551,NA,2025,2,0,NA,0,0,1,0,RADIATION,1,unknown,0,0,NA,0,stereotactic body radiation therapy,radiation,3,1,NA,0
NCT06844422,NA,2025,1,0,NA,0,0,1,0,DRUG,0,academic,1,1,NA,0,ivonescimab,drug,1,1,NA,0
NCT06844773,NA,2025,NA,NA,NA,0,0,1,0,NA,0,academic,6,5,NA,0,advanced disease,NA,267,60,0,0
NCT06849063,NA,2025,NA,NA,NA,0,0,1,0,DIAGNOSTIC_TEST,0,unknown,0,0,NA,0,magnetic resonance imaging,diagnostic_test,0,0,NA,1
NCT06850623,NA,2025,2,0,NA,0,0,2,1,COMBINATION_PRODUCT,1,biotech,0,0,NA,0,acoustic cluster therapy,combination_product,0,0,NA,1
NCT06861088,NA,2025,3,0,NA,0,0,1,0,DRUG,0,biotech,0,0,NA,0,kinisoquin,drug,0,0,NA,1
NCT06861543,NA,2025,1,0,NA,0,0,1,0,BIOLOGICAL,0,academic,21,16,1,1,tmt101 injection,biological,0,0,NA,1
NCT06866977,NA,2025,1,0,1,0,0,1,0,DRUG,0,academic,0,0,NA,0,oncolytic virus vrt106,drug,0,0,NA,1
NCT06867172,NA,2024,NA,NA,NA,0,0,1,0,DIAGNOSTIC_TEST,0,academic,1,1,NA,0,computerized tomography,diagnostic_test,0,0,NA,1
NCT06873178,NA,2025,NA,NA,NA,0,0,1,0,NA,0,academic,0,0,NA,0,biomarker,NA,65,30,0.5,0
NCT06888648,NA,2025,1,0,NA,0,0,1,0,BIOLOGICAL,1,academic,15,12,1,0,individualized anti tumor new antigen ineo vac r01 injection,biological,0,0,NA,1
NCT06892054,NA,2025,2,0,NA,0,0,2,1,DRUG,0,unknown,3,1,1,0,sotorasib 960 mg oral daily dose for 4 weeks 28 days,drug,0,0,NA,1
NCT06893276,NA,2025,NA,NA,NA,0,0,1,0,BEHAVIORAL,0,academic,3,0,NA,0,epsmi,behavioral,0,0,NA,1
NCT06893536,NA,2024,NA,NA,NA,0,0,1,0,NA,0,academic,0,0,NA,0,imaging diagnostics,NA,51,19,0,0
NCT06896188,NA,2025,1,0,NA,0,0,1,0,DRUG,0,unknown,1,1,0,0,retifanlimab,drug,0,0,NA,1
NCT06897644,NA,2025,3,0,NA,0,0,1,0,DRUG,0,unknown,0,0,NA,0,oxaliplatin,drug,13,2,0.667,0
NCT06898385,NA,2025,1,0,NA,0,0,1,0,BIOLOGICAL,1,academic,7,6,1,0,ix001 tcr t injection,biological,0,0,NA,1
NCT06904378,NA,2025,1,0,NA,0,0,1,0,DRUG,0,academic,16,5,0.25,0,ont01,drug,0,0,NA,1
NCT06906562,NA,2025,2,0,NA,0,0,1,0,DRUG,1,unknown,0,0,NA,0,pemigatinib,drug,1,0,NA,0
NCT06911021,NA,2025,NA,NA,NA,0,0,1,0,DIAGNOSTIC_TEST,0,academic,1,1,NA,0,68ga fapi 46 pet ct,diagnostic_test,0,0,NA,1
NCT06913218,NA,2025,1,0,NA,0,0,1,0,BIOLOGICAL,1,unknown,2,2,NA,0,ak154,biological,0,0,NA,1
NCT06916975,NA,2025,2,0,NA,0,0,1,0,DRUG,0,unknown,0,0,NA,0,adebrelimab,drug,2,2,NA,0
NCT06921252,NA,2025,NA,NA,NA,0,0,NA,0,DRUG,0,academic,2,2,NA,0,chemotherapy agents,drug,0,0,NA,1
NCT06921928,NA,2025,1,0,NA,0,0,1,0,DRUG,0,big_pharma,11,6,NA,0,azd4360,drug,0,0,NA,1
NCT06922591,NA,2025,1,0,NA,0,0,1,0,DRUG,0,biotech,1,1,NA,0,tng462,drug,0,0,NA,1
NCT06937996,NA,2025,NA,NA,NA,0,0,1,0,DEVICE,0,academic,0,0,NA,0,nanoknife,device,1,0,1,0
NCT06938282,NA,2025,2,0,NA,0,0,NA,0,DRUG,0,academic,6,5,NA,0,hrs 4642,drug,2,2,NA,0
NCT06938503,NA,2025,2,0,NA,0,0,NA,0,DRUG,0,academic,17,14,0,0,ag regimen,drug,1,0,NA,0
NCT06938906,NA,2025,NA,NA,NA,0,0,1,0,NA,0,academic,0,0,NA,0,imaging diagnostics,NA,56,21,0,0
NCT06941857,NA,2025,2,0,NA,0,0,1,0,DRUG,0,academic,33,4,0.538,1,oxaliplatin,drug,13,2,0.667,0
NCT06941987,NA,2025,NA,NA,NA,0,0,1,0,NA,0,academic,6,5,NA,0,early detection,NA,3,2,NA,0
NCT06944106,NA,2025,2,0,NA,0,0,1,0,DRUG,0,academic,17,14,0,0,ak112,drug,0,0,NA,1
NCT06944587,NA,2025,NA,NA,NA,0,0,1,0,DRUG,1,academic,3,2,NA,0,chemotherapy,drug,23,8,0,0
NCT06945978,NA,2025,NA,NA,NA,0,0,1,0,NA,0,unknown,0,0,NA,0,biomarker,NA,65,30,0.5,0
NCT06946420,NA,2025,3,0,NA,0,0,1,0,RADIATION,1,academic,2,2,NA,0,sbrt or rt on primary pancreatic and or metastatic distant lesions before chemotherapy,radiation,0,0,NA,1
NCT06946901,NA,2025,2,0,NA,0,0,1,0,COMBINATION_PRODUCT,1,academic,6,5,NA,0,hyperthermic intraperitoneal chemotherapy hipec with cisplatin systemic ag chemotherapy,combination_product,0,0,NA,1
NCT06947382,NA,2025,NA,NA,NA,0,0,4,1,NA,0,biotech,1,0,1,0,biomarker,NA,65,30,0.5,0
NCT06947395,NA,2025,NA,NA,NA,0,0,1,0,DIAGNOSTIC_TEST,0,biotech,1,0,1,0,pancreasure,diagnostic_test,0,0,NA,1
NCT06951997,NA,2025,2,0,NA,0,0,1,0,DRUG,0,academic,17,14,0,0,ql1706,drug,2,2,NA,0
NCT06953999,NA,2025,3,0,NA,0,0,1,0,DRUG,0,unknown,2,2,NA,0,ivonescimab ak117 albumin bound paclitaxel gemcitabine,drug,0,0,NA,1
NCT06958328,NA,2025,3,0,NA,0,0,1,0,PROCEDURE,1,unknown,0,0,NA,0,biopsy procedure,procedure,4,3,NA,0
NCT06962267,NA,2025,2,0,NA,0,0,1,0,DRUG,0,biotech,0,0,NA,0,tqb2916 injection,drug,0,0,NA,1
NCT06967233,NA,2025,NA,NA,NA,0,0,1,0,OTHER,0,academic,15,12,1,0,multimodal treatment,other,0,0,NA,1
NCT06967662,NA,2025,NA,NA,NA,0,0,1,0,PROCEDURE,0,academic,0,0,NA,0,selective plasma adsorption of extracellular dna,procedure,0,0,NA,1
NCT06978322,NA,2025,NA,NA,NA,0,0,1,0,PROCEDURE,0,academic,0,0,NA,0,immediate surgery,procedure,0,0,NA,1
NCT06981806,NA,2025,1,0,NA,0,0,1,0,DRUG,0,unknown,0,0,NA,0,balixafortide,drug,0,0,NA,1
NCT06984562,NA,2025,NA,NA,NA,0,0,1,0,RADIATION,0,academic,8,3,0,0,adaptive radiation therapy,radiation,0,0,NA,1
NCT06988150,NA,2025,NA,NA,NA,0,0,1,0,NA,0,academic,4,3,0,0,observational non therapeutic,NA,9,4,NA,0
NCT06991491,NA,2025,2,0,NA,0,0,NA,0,COMBINATION_PRODUCT,1,academic,1,1,NA,0,gnp in combination with ivonescimab and sbrt,combination_product,0,0,NA,1
NCT06998940,NA,2025,3,0,NA,0,0,NA,0,PROCEDURE,1,unknown,5,0,1,0,biospecimen collection,procedure,7,7,NA,0
NCT07006077,NA,2025,2,0,NA,0,0,1,0,BIOLOGICAL,0,biotech,0,0,NA,0,recombinant human il 21 expressing oncolytic vaccinia virus injection,biological,0,0,NA,1
NCT07026123,NA,2025,NA,NA,NA,0,0,1,0,DRUG,0,academic,11,8,NA,0,nal iri onivyde based treatment,drug,0,0,NA,1
NCT07026279,NA,2025,1,0,NA,0,0,1,0,DRUG,0,biotech,1,1,NA,0,narmafotinib ascending doses,drug,0,0,NA,1
NCT07026916,0,2025,2,0,NA,0,0,NA,0,DRUG,0,biotech,0,0,NA,0,gfh375,drug,0,0,NA,1
NCT07026981,NA,2025,0.5,0,NA,0,0,1,0,DRUG,0,unknown,0,0,NA,0,ga 68 mtp220 pet ct scan,drug,0,0,NA,1
NCT07028424,NA,2025,2,0,NA,0,0,1,0,DRUG,1,unknown,13,2,0.5,0,nal iri,drug,1,0,1,0
NCT07030283,NA,2025,1,0,NA,0,0,1,0,DRUG,0,academic,4,1,1,0,paclitaxel,drug,4,0,NA,0
NCT07030348,NA,2025,NA,NA,NA,0,0,2,1,NA,0,unknown,0,0,NA,0,biomarker,NA,65,30,0.5,0
NCT07033689,NA,2025,0.5,0,NA,0,0,1,0,DEVICE,1,biotech,1,1,NA,0,suizenji an ultrasound guided hifu therapy system,device,0,0,NA,1
NCT07034339,NA,2025,NA,NA,NA,0,0,1,0,NA,0,academic,0,0,NA,0,resectable disease,NA,36,3,1,0
NCT07036978,NA,2025,NA,NA,NA,0,0,1,0,OTHER,0,academic,2,2,NA,0,collecting biospecimens,other,0,0,NA,1
NCT07040228,NA,2025,1,0,NA,0,0,1,0,DRUG,0,academic,0,0,NA,0,regorafenib combined with toripalimab and albumin paclitaxel,drug,0,0,NA,1
NCT07043270,NA,2025,2,0,NA,0,0,1,0,DRUG,0,academic,2,0,NA,0,nab paclitaxel gemcitabine,drug,3,1,NA,0
NCT07044453,NA,2025,2,0,NA,0,0,1,0,DRUG,0,academic,3,1,1,0,gem nabpaclitaxel infusion,drug,0,0,NA,1
NCT07045571,NA,2025,NA,NA,NA,0,0,1,0,NA,0,unknown,0,0,NA,0,biomarker,NA,65,30,0.5,0
NCT07047807,NA,2025,NA,NA,NA,0,0,1,0,BEHAVIORAL,1,academic,17,2,0.4,0,pdac pathways,behavioral,0,0,NA,1
NCT07049055,NA,2025,1,0,NA,0,0,1,0,DRUG,0,unknown,0,0,NA,0,e edv d682,drug,0,0,NA,1
NCT07054879,NA,2025,NA,NA,NA,0,0,1,0,NA,0,academic,10,8,1,0,biomarker,NA,65,30,0.5,0
NCT07055568,NA,2025,NA,NA,NA,0,0,NA,0,DRUG,0,academic,7,5,1,0,inkt,drug,0,0,NA,1
NCT07057843,NA,2025,NA,NA,NA,0,0,1,0,BEHAVIORAL,1,academic,0,0,NA,0,sequential nutrition intervention,behavioral,0,0,NA,1
NCT07057895,1,2025,NA,NA,NA,0,0,1,0,DIAGNOSTIC_TEST,0,academic,0,0,NA,0,global leadership initiative on malnutrition glim criteria assessment,diagnostic_test,0,0,NA,1
NCT07066098,NA,2025,3,0,NA,0,1,1,0,DRUG,0,biotech,0,0,NA,0,ibi343,drug,0,0,NA,1
NCT07066995,NA,2025,1,0,NA,0,0,1,0,BIOLOGICAL,0,biotech,0,0,NA,0,mesothelin and claudin 18 2 car t cells,biological,0,0,NA,1
NCT07076121,NA,2025,2,0,NA,0,0,36,1,DRUG,0,big_pharma,2,0,NA,0,bms 986504,drug,0,0,NA,1
NCT07076212,NA,2025,2,0,NA,0,0,1,0,DRUG,0,academic,2,0,NA,0,liposomal irinotecan,drug,2,1,NA,0
NCT07079228,NA,2025,3,0,NA,0,0,1,0,DRUG,0,biotech,2,2,NA,0,qls31905,drug,0,0,NA,1
NCT07080021,NA,2025,NA,NA,NA,0,0,1,0,DRUG,0,academic,17,14,NA,0,standard reagents pancreatic cancer,drug,0,0,NA,1
NCT07081360,NA,2025,3,0,NA,0,0,1,0,DRUG,1,academic,0,0,NA,0,neoadjuvant chemotherapy,drug,1,0,NA,0
NCT07083479,NA,2025,NA,NA,NA,0,0,NA,0,DRUG,0,biotech,0,0,NA,0,eli 002 7p,drug,0,0,NA,1
NCT07086352,NA,2025,NA,NA,NA,0,0,NA,0,NA,0,academic,3,1,NA,0,supportive outcomes,NA,20,11,NA,0
NCT07089940,NA,2025,0.5,0,NA,0,0,1,0,PROCEDURE,1,academic,9,5,0,0,biopsy procedure,procedure,4,3,NA,0
NCT07091526,NA,2025,NA,NA,NA,0,0,1,0,DIAGNOSTIC_TEST,0,academic,0,0,NA,0,serum uric acid test,diagnostic_test,0,0,NA,1
NCT07096362,NA,2025,2,0,NA,0,0,1,0,DRUG,1,academic,3,0,NA,0,5 fluorouracil,drug,1,0,NA,0
NCT07097064,NA,2025,2,0,NA,0,0,1,0,COMBINATION_PRODUCT,1,unknown,6,3,1,0,standard radiotherapy with chemotherapy,combination_product,0,0,NA,1
NCT07098598,NA,2025,2,0,NA,0,0,1,0,DEVICE,0,academic,1,1,NA,0,pet ct,device,1,0,NA,0
NCT07101679,NA,2025,2,0,NA,0,0,1,0,DRUG,0,academic,1,1,NA,0,licsbr,drug,0,0,NA,1
NCT07104864,NA,2025,NA,NA,NA,0,0,1,0,DIAGNOSTIC_TEST,0,academic,4,2,0,0,histopathological confirmation,diagnostic_test,0,0,NA,1
NCT07108504,NA,2025,2,0,NA,0,0,NA,0,DRUG,0,academic,6,5,NA,0,gemcitabine,drug,86,13,0.419,0
NCT07110064,NA,2025,2,0,NA,0,0,1,0,DRUG,0,unknown,1,1,NA,0,ql1706 lenvatinib ag regimen,drug,0,0,NA,1
NCT07114315,NA,2025,2,0,NA,0,0,1,0,DRUG,0,unknown,2,2,NA,0,ak112,drug,0,0,NA,1
NCT07114666,NA,2025,NA,NA,NA,0,0,1,0,BIOLOGICAL,1,academic,21,16,1,1,xh001,biological,1,1,NA,0
NCT07117045,NA,2025,NA,NA,NA,0,0,1,0,DIAGNOSTIC_TEST,0,academic,24,14,1,1,diagnostic evaluation for positive ai findings,diagnostic_test,0,0,NA,1
NCT07124611,NA,2025,NA,NA,NA,0,0,1,0,OTHER,1,academic,3,0,0.5,0,interview,other,0,0,NA,1
NCT07126158,NA,2025,2,0,NA,0,0,1,0,RADIATION,1,academic,16,5,0.25,0,stereotactic body radiotherapy,radiation,4,0,0,0
NCT07131514,NA,2025,2,0,NA,0,0,1,0,DRUG,0,academic,17,14,NA,0,hrs 4642 ag adebrelimab,drug,0,0,NA,1
NCT07132060,NA,2025,NA,NA,NA,0,0,NA,0,RADIATION,0,academic,0,0,NA,0,mr guided irradiation,radiation,0,0,NA,1
NCT07138846,NA,2025,3,0,NA,0,0,1,0,DRUG,0,biotech,0,0,NA,0,mrg004a plus best supportive care,drug,0,0,NA,1
NCT07145450,NA,2025,1,0,NA,0,0,4,1,BIOLOGICAL,0,unknown,0,0,NA,0,anoc 001 tcr t cells targeting kras g12v mutation presented by specific hla alleles,biological,0,0,NA,1
NCT07147374,NA,2025,NA,NA,NA,0,0,1,0,NA,0,academic,21,16,1,1,resectable disease,NA,36,3,1,0
NCT07153289,NA,2025,1,0,NA,0,0,NA,0,BIOLOGICAL,0,academic,0,0,NA,0,cd318 car t cells,biological,0,0,NA,1
NCT07155629,NA,2025,3,0,NA,0,0,1,0,DRUG,0,academic,1,0,NA,0,mfolfirinox neoadjuvant chemotherapy nab paclitaxel and gemcitabine,drug,0,0,NA,1
NCT07155850,NA,2025,NA,NA,NA,0,0,2,1,DEVICE,0,biotech,0,0,NA,0,medical device containing y 90 microspheres delivered intratumorally and percutaneously into the pancreas,device,0,0,NA,1
NCT07157033,NA,2025,1,0,NA,0,0,1,0,DRUG,0,biotech,0,0,NA,0,xer 001,drug,0,0,NA,1
NCT07157605,NA,2025,NA,NA,NA,0,0,8,1,NA,0,unknown,11,3,1,0,resectable disease,NA,36,3,1,0
NCT07160283,NA,2025,2,0,NA,0,0,NA,0,DRUG,0,academic,0,0,NA,0,bile duct cancer cohort,drug,0,0,NA,1
NCT07161921,NA,2025,NA,NA,NA,0,0,1,0,OTHER,0,academic,21,16,1,1,lymph node metastasis,other,0,0,NA,1
NCT07163273,NA,2025,2,0,NA,0,0,1,0,DRUG,0,unknown,0,0,NA,0,nalirifox,drug,1,1,NA,0
NCT07165951,NA,2025,3,0,NA,0,0,1,0,DRUG,0,biotech,0,0,NA,0,tqb2868 injection,drug,0,0,NA,1
NCT07167264,NA,2025,NA,NA,NA,0,0,1,0,OTHER,0,academic,7,5,1,0,pghd s ai intelligent model app,other,0,0,NA,1
NCT07173374,NA,2025,1,0,1,0,0,1,0,RADIATION,0,academic,1,1,NA,0,scart dose escalation arm,radiation,0,0,NA,1
NCT07173387,NA,2025,2,0,NA,0,0,1,0,DRUG,1,academic,1,1,NA,0,nalirifox liposomal irinotecan based chemotherapy,drug,0,0,NA,1
NCT07175389,NA,2025,1,0,NA,0,0,1,0,DRUG,0,academic,1,1,NA,0,jdb153,drug,0,0,NA,1
NCT07198659,NA,2025,0.5,0,1,0,0,1,0,COMBINATION_PRODUCT,1,academic,0,0,NA,0,monomethyl auristatin e mmae autologous neutrophil biological agents,combination_product,0,0,NA,1
NCT07199764,NA,2025,2,0,NA,0,0,1,0,DRUG,0,academic,6,0,0.4,0,odetiglucan,drug,1,1,0,0
NCT07208539,NA,2025,2,0,NA,0,0,NA,0,DRUG,0,academic,6,5,NA,0,treatment ag anti pd l1 folfirinox anti pd l1,drug,0,0,NA,1
NCT07214298,NA,2025,1,0,NA,0,0,1,0,PROCEDURE,1,academic,7,3,0,0,biopsy procedure,procedure,4,3,NA,0
NCT07217717,NA,2025,3,0,NA,0,0,1,0,DRUG,0,unknown,0,0,NA,0,18f fapi 74 pet ct,drug,0,0,NA,1
NCT07219238,NA,2025,2,0,NA,0,0,2,1,DRUG,0,unknown,0,0,NA,0,geh300079 68ga injection positron emission tomography pet computed tomography ct,drug,0,0,NA,1
NCT07226154,NA,2025,NA,NA,NA,0,0,1,0,DIAGNOSTIC_TEST,0,academic,13,5,0,0,small rna sequencing,diagnostic_test,0,0,NA,1
NCT07226856,NA,2025,2,0,NA,0,0,1,0,PROCEDURE,1,academic,22,10,0.25,1,biopsy procedure,procedure,4,3,NA,0
NCT07230301,NA,2025,2,0,NA,0,0,NA,0,DRUG,0,unknown,1,1,NA,0,adebrelimab pd l1 inhibitor,drug,0,0,NA,1
NCT07231094,NA,2025,0.5,0,NA,0,0,1,0,BIOLOGICAL,0,academic,3,3,NA,0,sapdm275 tumor vaccine injection,biological,0,0,NA,1
NCT07232875,NA,2025,3,0,NA,0,0,1,0,DRUG,0,biotech,7,7,0.75,0,hrs 4642 ag,drug,1,1,NA,0
NCT07235202,NA,2025,1,0,NA,0,0,1,0,DRUG,0,biotech,0,0,NA,0,mr001,drug,0,0,NA,1
NCT07235930,NA,2025,3,0,NA,0,0,1,0,DRUG,1,academic,2,2,NA,0,sequential ag and mfolfox in combination with serplulimab and bevacizumab,drug,0,0,NA,1
NCT07241663,NA,2025,NA,NA,NA,0,0,1,0,OTHER,0,unknown,1,1,NA,0,questionnaire,other,2,1,NA,0
NCT07241676,NA,2025,NA,NA,NA,0,0,1,0,PROCEDURE,0,unknown,1,1,NA,0,curative intent resection r0 r1,procedure,0,0,NA,1
NCT07242911,NA,2025,NA,NA,NA,0,0,1,0,NA,0,academic,0,0,NA,0,advanced disease,NA,267,60,0,0
NCT07243262,NA,2025,NA,NA,NA,0,0,1,0,DIAGNOSTIC_TEST,0,unknown,1,1,NA,0,breath test,diagnostic_test,1,1,NA,0
NCT07243288,NA,2025,NA,NA,NA,0,0,1,0,DRUG,0,unknown,4,0,0,0,patients treated with folfox or folfirinox in first line,drug,0,0,NA,1
NCT07250100,NA,2025,NA,NA,NA,0,0,1,0,OTHER,0,academic,5,3,0.5,0,observational study,other,2,2,NA,0
NCT07252076,NA,2025,NA,NA,NA,0,0,1,0,RADIATION,0,unknown,0,0,NA,0,contrast enhanced mri and dwi sequences,radiation,0,0,NA,1
NCT07252232,NA,2025,3,0,NA,0,0,2,1,DRUG,0,biotech,3,3,NA,0,daraxonrasib,drug,0,0,NA,1
NCT07253662,NA,2025,1,0,NA,0,0,NA,0,DEVICE,1,unknown,0,0,NA,0,pipac,device,0,0,NA,1
NCT07254091,NA,2025,0.5,0,NA,0,0,NA,0,COMBINATION_PRODUCT,1,unknown,0,0,NA,0,device arm with therapeutic agents,combination_product,0,0,NA,1
NCT07255001,NA,2025,NA,NA,NA,0,0,1,0,DEVICE,0,unknown,4,2,NA,0,hand grip strength assessments using a dynamometer,device,0,0,NA,1
NCT07255404,NA,2025,2,0,NA,0,0,1,0,DRUG,0,unknown,2,2,0,0,pumitamig,drug,0,0,NA,1
NCT07257523,NA,2025,2,0,NA,0,0,1,0,OTHER,0,academic,16,7,0.333,0,carbon ion radiotherapy,other,4,2,0,0
NCT07259317,NA,2025,2,0,NA,0,0,1,0,DRUG,0,biotech,1,1,0,0,relacorilant 150 mg once daily qd,drug,0,0,NA,1
NCT07262567,NA,2025,3,0,NA,0,0,NA,0,DRUG,0,biotech,0,0,NA,0,gfh375,drug,0,0,NA,1
NCT07269626,NA,2025,2,0,NA,0,0,1,0,RADIATION,0,academic,8,3,NA,0,personalized ultrafractionated adaptive radiotherapy,radiation,0,0,NA,1
NCT07271823,NA,2025,NA,NA,NA,0,0,1,0,OTHER,0,academic,2,2,NA,0,sample collection,other,0,0,NA,1
NCT07272109,NA,2025,3,0,NA,0,0,1,0,DRUG,1,academic,48,33,1,1,nab paclitaxel,drug,28,7,0.75,0
NCT07274657,NA,2025,NA,NA,NA,0,0,1,0,DEVICE,0,unknown,1,1,NA,0,smi and 2d swe modes,device,0,0,NA,1
NCT07277452,NA,2025,2,0,NA,0,0,1,0,DRUG,0,academic,3,2,NA,0,nimotuzumab,drug,7,5,1,0
NCT07283705,NA,2025,2,0,NA,0,0,1,0,DRUG,0,academic,41,13,0.385,1,bms 986504,drug,0,0,NA,1
NCT07284277,NA,2025,1,0,NA,0,0,1,0,COMBINATION_PRODUCT,1,academic,0,0,NA,0,ttfields concomitant with modfolfirinox,combination_product,0,0,NA,1
NCT07301229,NA,2025,2,0,NA,0,0,NA,0,DRUG,0,biotech,0,0,NA,0,hlx43 dose 1 2 5 mg kg,drug,0,0,NA,1
NCT07302841,NA,2025,4,0,NA,0,0,NA,0,DRUG,0,academic,17,14,0,0,experimental tunlametinib gemcitabine albumin paclitaxel cetuximab,drug,0,0,NA,1
NCT07303465,NA,2025,2,0,NA,0,0,1,0,DRUG,0,biotech,0,0,NA,0,rnk08954,drug,0,0,NA,1
NCT07312422,NA,2025,1,0,1,0,0,1,0,RADIATION,1,academic,5,3,0.5,0,low dose radiotherapy,radiation,0,0,NA,1
NCT07314385,NA,2025,1,0,NA,0,0,1,0,DRUG,1,academic,12,4,0,0,nanoliposomal irinotecan 5 fu leucovorin,drug,0,0,NA,1
NCT07319910,NA,2025,NA,NA,NA,0,0,NA,0,DEVICE,1,unknown,1,1,NA,0,ttfields,device,0,0,NA,1
NCT07324096,NA,2025,NA,NA,NA,0,0,1,0,PROCEDURE,1,academic,22,10,0.25,1,biospecimen collection,procedure,7,7,NA,0
NCT07325214,NA,2026,NA,NA,NA,0,0,2,1,DEVICE,1,biotech,0,0,NA,0,imd10,device,0,0,NA,1
NCT07326137,NA,2025,NA,NA,NA,0,0,1,0,DRUG,1,academic,0,0,NA,0,first line systemic therapy,drug,0,0,NA,1
NCT07326150,NA,2025,NA,NA,NA,0,0,1,0,OTHER,0,academic,2,2,NA,0,sample collection,other,0,0,NA,1
NCT07329920,NA,2025,NA,NA,NA,0,0,1,0,PROCEDURE,0,unknown,0,0,NA,0,surgery any volume and or pharmaceuticals treatment initiated or planned or only dynamic observation in accordance with current clinical guidelines,procedure,0,0,NA,1
NCT07333287,NA,2025,2,0,1,0,1,NA,0,PROCEDURE,1,academic,0,0,NA,0,interventional,procedure,0,0,NA,1
NCT07336953,NA,2026,3,0,NA,1,0,NA,0,DRUG,1,academic,4,4,NA,0,gnp,drug,0,0,NA,1
NCT07340151,NA,2025,NA,NA,NA,0,0,NA,0,PROCEDURE,0,academic,1,0,NA,0,surgical resection,procedure,0,0,NA,1
NCT07342231,NA,2025,NA,NA,NA,0,0,1,0,DIAGNOSTIC_TEST,0,academic,2,0,0,0,ga 68 fapi pet ct,diagnostic_test,0,0,NA,1
NCT07342725,NA,2025,1,0,NA,0,0,NA,0,DRUG,0,academic,17,14,NA,0,ibi363 chemotherapy,drug,0,0,NA,1
NCT07348107,NA,2025,1,0,NA,0,0,1,0,DRUG,0,unknown,0,0,NA,0,atra,drug,2,1,1,0
NCT07353645,NA,2025,1,0,NA,0,0,1,0,DRUG,0,academic,10,8,1,0,kras neoantigen nanovaccine,drug,0,0,NA,1
NCT07373691,NA,2026,NA,NA,NA,0,0,1,0,NA,0,academic,12,7,NA,0,advanced disease,NA,271,57,0,0
NCT07377045,NA,2025,1,0,NA,0,0,2,1,DRUG,0,biotech,0,0,NA,0,omtx705,drug,0,0,NA,1
NCT07377526,NA,2026,1,0,NA,0,0,1,0,DRUG,0,academic,42,12,0.385,1,tgfbr2 ko car27 il 15 nk cells,drug,0,0,NA,1
NCT07383922,NA,2026,3,0,NA,0,0,1,0,DRUG,0,biotech,0,0,NA,0,fg m108,drug,0,0,NA,1
NCT07386704,NA,2026,2,0,NA,0,0,1,0,DRUG,0,academic,2,1,NA,0,nimotuzumab combined with chemoradiotherapy,drug,0,0,NA,1
NCT07394205,NA,2026,0.5,0,NA,0,0,1,0,DRUG,0,academic,1,0,NA,0,cbg131 car t cell infusion,drug,0,0,NA,1
NCT07399015,NA,2026,NA,NA,NA,0,0,NA,0,DRUG,0,unknown,0,0,NA,0,mifomelatide,drug,0,0,NA,1
NCT07407231,NA,2026,NA,NA,NA,0,0,1,0,RADIATION,1,academic,0,0,NA,0,ablative stereotactic body radiotherapy sbrt,radiation,0,0,NA,1
NCT07408505,NA,2026,NA,NA,NA,0,0,1,0,DRUG,0,academic,4,4,NA,0,nano crystalline megestrol acetate,drug,0,0,NA,1
NCT07409272,NA,2026,3,0,NA,0,0,NA,0,DRUG,0,biotech,3,2,NA,0,setidegrasib,drug,0,0,NA,1
NCT07414004,NA,2026,NA,NA,NA,0,0,1,0,NA,0,academic,5,2,0,0,supportive outcomes,NA,21,9,NA,0
NCT07415525,NA,2026,2,0,NA,0,0,1,0,DRUG,0,academic,18,15,1,0,ibi343,drug,2,2,NA,0
NCT07416240,NA,2026,0.5,0,NA,0,0,1,0,BIOLOGICAL,0,academic,0,0,NA,0,claudin18 2 targeted activated dendritic cells,biological,0,0,NA,1
SSP:5d1e108643eb,NA,2015,NA,NA,NA,0,0,NA,0,NA,0,unknown,0,0,NA,0,advanced disease,NA,129,58,0,0
SSP:7d162deee7e4,NA,2011,NA,NA,NA,0,0,NA,0,NA,0,academic,0,0,NA,0,context classified,NA,12,11,NA,0
SSP:c3254fc1a89d,NA,2014,NA,NA,NA,0,0,NA,0,NA,0,unknown,3,1,1,0,resectable disease,NA,17,10,1,0
TITLE:004b257c5e14,NA,2013,2,0,NA,0,0,NA,0,NA,0,unknown,0,0,NA,0,advanced disease,NA,103,57,0,0
TITLE:0147986a6585,NA,2007,3,0,NA,1,0,NA,0,NA,0,big_pharma,0,0,NA,0,advanced disease,NA,23,23,0,0
TITLE:01bf365779db,NA,2007,NA,NA,NA,1,0,NA,0,NA,0,academic,0,0,NA,0,resectable disease,NA,0,0,NA,1
TITLE:01ef37c2d03e,NA,2006,2,0,NA,0,0,NA,0,NA,0,unknown,0,0,NA,0,advanced disease,NA,10,10,NA,0
TITLE:025fa6bf91d4,NA,2021,NA,NA,NA,0,0,NA,0,NA,0,unknown,2,2,NA,0,advanced disease,NA,214,65,0,0
TITLE:036db3633c6f,NA,2015,1,0,NA,0,0,NA,0,NA,0,academic,0,0,NA,0,surgical,NA,5,2,1,0
TITLE:037683656dde,NA,2016,2,0,NA,0,0,NA,0,NA,0,unknown,0,0,NA,0,advanced disease,NA,149,71,0,0
TITLE:04d7ead6a0ec,NA,2015,2,0,NA,1,0,NA,0,NA,0,biotech,1,1,NA,0,advanced disease,NA,129,58,0,0
TITLE:05abe769f3a5,NA,2009,NA,NA,NA,0,0,NA,0,NA,0,academic,0,0,NA,0,chemotherapy,NA,2,2,NA,0
TITLE:05b6467c16ff,NA,2005,NA,NA,NA,1,0,NA,0,NA,0,academic,0,0,NA,0,advanced disease,NA,0,0,NA,1
TITLE:0703e2279589,NA,2013,2,0,NA,0,0,NA,0,NA,0,unknown,0,0,NA,0,advanced disease,NA,103,57,0,0
TITLE:07d8bd927a5d,NA,2017,1,0,NA,0,0,NA,0,NA,0,big_pharma,1,1,NA,0,advanced disease,NA,159,67,0,0
TITLE:0820351fae31,NA,2016,2,0,NA,1,0,NA,0,NA,0,academic,0,0,NA,0,advanced disease,NA,149,71,0,0
TITLE:082933f7c563,NA,2015,1,0,NA,0,0,NA,0,NA,0,unknown,1,1,NA,0,advanced disease,NA,129,58,0,0
TITLE:085308b4a0e4,NA,2009,NA,NA,NA,0,0,NA,0,NA,0,academic,0,0,NA,0,advanced disease,NA,55,55,0,0
TITLE:0937c6e1c395,NA,2006,2,0,NA,0,0,NA,0,NA,0,academic,0,0,NA,0,advanced disease,NA,10,10,NA,0
TITLE:0a4c5b46292b,NA,2019,1,0,NA,0,0,NA,0,NA,0,unknown,0,0,NA,0,advanced disease,NA,190,74,0,0
TITLE:0a935dccc095,NA,2008,NA,NA,NA,0,0,NA,0,NA,0,biotech,0,0,NA,0,resectable disease,NA,3,3,NA,0
TITLE:0b07a466e558,NA,2008,2,0,NA,1,0,NA,0,NA,0,biotech,0,0,NA,0,advanced disease,NA,46,46,0,0
TITLE:0c82748b8755,NA,2013,2,0,2,1,0,NA,0,NA,0,unknown,1,1,NA,0,imaging diagnostics,NA,12,10,NA,0
TITLE:0cbf1fbc1848,NA,2021,NA,NA,NA,0,0,NA,0,NA,0,unknown,2,0,NA,0,advanced disease,NA,214,65,0,0
TITLE:0cee33b22225,NA,2006,3,0,NA,0,0,NA,0,NA,0,unknown,0,0,NA,0,advanced disease,NA,10,10,NA,0
TITLE:0dd620477549,NA,2010,NA,NA,NA,0,0,NA,0,NA,0,unknown,0,0,NA,0,chemotherapy,NA,5,5,NA,0
TITLE:0e00351c9e7e,NA,2015,2,0,NA,1,0,NA,0,NA,0,biotech,5,5,1,0,advanced disease,NA,129,58,0,0
TITLE:0f39f22666ba,NA,2006,NA,NA,NA,0,0,NA,0,NA,0,big_pharma,0,0,NA,0,advanced disease,NA,10,10,NA,0
TITLE:102fb3296363,NA,2006,2,0,NA,0,1,NA,0,NA,0,academic,0,0,NA,0,supportive outcomes,NA,0,0,NA,1
TITLE:104f475f7dff,NA,2018,2,0,NA,1,0,NA,0,NA,0,unknown,3,1,NA,0,advanced disease,NA,174,71,0,0
TITLE:105079f97ebe,NA,2014,NA,NA,NA,1,0,NA,0,NA,0,unknown,0,0,NA,0,advanced disease,NA,116,61,0,0
TITLE:11638f04d440,NA,2015,3,0,NA,1,1,NA,0,NA,0,biotech,1,0,NA,0,advanced disease,NA,129,58,0,0
TITLE:11daf51d70f4,NA,2005,3,0,NA,1,0,NA,0,NA,0,big_pharma,0,0,NA,0,advanced disease,NA,0,0,NA,1
TITLE:127b0abb64db,NA,2017,NA,NA,NA,0,0,NA,0,NA,0,academic,0,0,NA,0,early detection,NA,0,0,NA,1
TITLE:12a1136c70ad,NA,2022,2,0,NA,0,0,NA,0,NA,0,unknown,3,1,1,0,advanced disease,NA,228,69,0,0
TITLE:1327ababcbb7,NA,2023,2,0,NA,0,0,NA,0,NA,0,unknown,1,0,NA,0,advanced disease,NA,241,67,0,0
TITLE:13984ccd29ff,NA,2017,2,0,NA,0,0,NA,0,NA,0,unknown,1,1,NA,0,biomarker,NA,19,8,0,0
TITLE:14d39cceaf8a,NA,2021,2,0,NA,0,0,NA,0,NA,0,academic,0,0,NA,0,locoregional procedure,NA,1,1,NA,0
TITLE:14e7e9b60bd4,NA,2015,NA,NA,NA,0,0,NA,0,NA,0,unknown,4,4,1,0,advanced disease,NA,129,58,0,0
TITLE:150d039996b9,NA,2018,2,0,NA,0,0,NA,0,NA,0,big_pharma,2,2,NA,0,advanced disease,NA,174,71,0,0
TITLE:15581318268d,NA,2011,NA,NA,NA,1,1,NA,0,NA,0,big_pharma,4,4,NA,0,supportive outcomes,NA,4,4,NA,0
TITLE:162574aa718e,NA,2005,2,0,NA,1,0,NA,0,NA,0,big_pharma,0,0,NA,0,advanced disease,NA,0,0,NA,1
TITLE:168ef12042bd,NA,2009,1,0,NA,0,0,NA,0,NA,0,unknown,0,0,NA,0,chemotherapy,NA,2,2,NA,0
TITLE:16d51a907497,NA,2019,NA,NA,NA,0,0,NA,0,NA,0,biotech,0,0,NA,0,advanced disease,NA,190,74,0,0
TITLE:175f97aac87d,NA,2019,2,0,NA,0,0,NA,0,NA,0,biotech,0,0,NA,0,advanced disease,NA,190,74,0,0
TITLE:18888af2cc17,NA,2009,NA,NA,NA,1,0,NA,0,NA,0,unknown,0,0,NA,0,chemotherapy,NA,2,2,NA,0
TITLE:188d302e836e,NA,2009,3,0,NA,1,1,NA,0,NA,0,unknown,1,1,1,0,advanced disease,NA,55,55,0,0
TITLE:18ed2e1a2009,NA,2016,2,0,NA,1,0,NA,0,NA,0,biotech,1,1,NA,0,advanced disease,NA,149,71,0,0
TITLE:19d1cb630ee3,NA,2018,NA,NA,NA,0,0,NA,0,NA,0,biotech,0,0,NA,0,advanced disease,NA,174,71,0,0
TITLE:19d59176cee4,NA,2015,3,0,NA,1,1,NA,0,NA,0,unknown,0,0,NA,0,resectable disease,NA,23,14,1,0
TITLE:1b5e4427248b,NA,2008,NA,NA,NA,0,0,NA,0,NA,0,unknown,0,0,NA,0,advanced disease,NA,46,46,0,0
TITLE:1bc119817b26,NA,2016,2,0,NA,1,0,NA,0,NA,0,academic,0,0,NA,0,imaging diagnostics,NA,21,14,0,0
TITLE:1bf9c621ff73,NA,2014,3,0,NA,1,0,NA,0,NA,0,biotech,1,1,1,0,advanced disease,NA,116,61,0,0
TITLE:1c4c3d7b5281,NA,2009,NA,NA,NA,0,0,NA,0,NA,0,unknown,0,0,NA,0,advanced disease,NA,55,55,0,0
TITLE:1c6d105b18a3,NA,2019,NA,NA,NA,0,1,NA,0,NA,0,big_pharma,0,0,NA,0,advanced disease,NA,190,74,0,0
TITLE:1c8a6a257a3c,NA,2012,3,0,NA,1,0,NA,0,NA,0,unknown,0,0,NA,0,resectable disease,NA,11,11,1,0
TITLE:1e7b8c844f5e,NA,2014,NA,NA,NA,1,0,NA,0,NA,0,academic,1,1,NA,0,resectable disease,NA,17,10,1,0
TITLE:21ee83d63cb0,NA,2011,2,0,NA,1,1,NA,0,NA,0,big_pharma,2,2,NA,0,advanced disease,NA,78,68,0,0
TITLE:22a1f79b85d8,NA,2008,NA,NA,NA,0,0,NA,0,NA,0,biotech,0,0,NA,0,context classified,NA,5,5,NA,0
TITLE:22d978d44dac,NA,2022,NA,NA,NA,0,0,NA,0,NA,0,academic,0,0,NA,0,imaging diagnostics,NA,39,15,0,0
TITLE:23a4ebe7f1a5,NA,2015,NA,NA,NA,1,1,NA,0,NA,0,academic,0,0,NA,0,advanced disease,NA,129,58,0,0
TITLE:258441e56f16,NA,2013,3,0,NA,1,0,NA,0,NA,0,big_pharma,0,0,NA,0,advanced disease,NA,103,57,0,0
TITLE:2592784bb344,NA,2004,2,0,NA,1,0,NA,0,NA,0,unknown,0,0,NA,0,surgical,NA,0,0,NA,1
TITLE:263e9b640ecf,NA,2011,NA,NA,NA,0,0,NA,0,NA,0,academic,0,0,NA,0,biomarker,NA,8,8,NA,0
TITLE:287f55b0d847,NA,2007,3,0,NA,1,0,NA,0,NA,0,big_pharma,1,1,NA,0,advanced disease,NA,23,23,0,0
TITLE:2a0eb51c5068,NA,2007,2,0,NA,1,0,NA,0,NA,0,unknown,0,0,NA,0,advanced disease,NA,23,23,0,0
TITLE:2acc24358458,NA,2014,2,0,NA,1,0,NA,0,NA,0,unknown,0,0,NA,0,advanced disease,NA,116,61,0,0
TITLE:2bcd2020fb23,NA,2021,NA,NA,NA,1,1,NA,0,NA,0,unknown,1,1,NA,0,context classified,NA,22,6,NA,0
TITLE:2cb26fb442fe,NA,2016,2,0,NA,1,1,NA,0,NA,0,big_pharma,0,0,NA,0,advanced disease,NA,149,71,0,0
TITLE:2cd3dc8be46b,NA,2008,NA,NA,NA,0,0,NA,0,NA,0,academic,0,0,NA,0,context classified,NA,5,5,NA,0
TITLE:2cd4a190f576,NA,2007,1,0,NA,0,0,NA,0,NA,0,academic,0,0,NA,0,advanced disease,NA,23,23,0,0
TITLE:2d07eae1b27b,NA,2007,NA,NA,NA,1,1,NA,0,NA,0,big_pharma,1,1,NA,0,advanced disease,NA,23,23,0,0
TITLE:2d15dbae451b,NA,2013,2,0,NA,1,0,NA,0,NA,0,unknown,0,0,NA,0,advanced disease,NA,103,57,0,0
TITLE:2d3cbe7f39ce,NA,2005,2,0,NA,1,0,NA,0,NA,0,unknown,0,0,NA,0,advanced disease,NA,0,0,NA,1
TITLE:2f4b34aceb0e,NA,2014,2,0,NA,1,0,NA,0,NA,0,biotech,1,1,1,0,line of therapy,NA,0,0,NA,1
TITLE:2f5f624e4080,NA,2023,NA,NA,NA,0,0,NA,0,NA,0,biotech,0,0,NA,0,advanced disease,NA,241,67,0,0
TITLE:2fb14dd762bc,NA,2021,NA,NA,NA,0,0,NA,0,NA,0,unknown,2,0,NA,0,advanced disease,NA,214,65,0,0
TITLE:3092814e6284,NA,2023,2,0,NA,1,0,NA,0,NA,0,unknown,1,1,NA,0,advanced disease,NA,241,67,0,0
TITLE:31281478dc8c,NA,2016,2,0,NA,1,0,NA,0,NA,0,biotech,2,2,0.5,0,advanced disease,NA,149,71,0,0
TITLE:338c1475e2f0,NA,2016,2,0,NA,1,0,NA,0,NA,0,academic,0,0,NA,0,resectable disease,NA,26,16,1,0
TITLE:3395fec7b8be,NA,2009,NA,NA,NA,0,0,NA,0,NA,0,big_pharma,0,0,NA,0,context classified,NA,9,9,NA,0
TITLE:35b3288955e3,NA,2016,2,0,NA,0,0,NA,0,NA,0,unknown,0,0,NA,0,advanced disease,NA,149,71,0,0
TITLE:36f607acba4d,NA,2013,3,0,NA,0,1,NA,0,NA,0,unknown,0,0,NA,0,resectable disease,NA,15,12,1,0
TITLE:375224de959d,NA,2019,3,0,NA,1,1,NA,0,NA,0,biotech,0,0,NA,0,advanced disease,NA,190,74,0,0
TITLE:37f7656e9854,NA,2015,2,0,NA,0,0,NA,0,NA,0,unknown,1,1,NA,0,advanced disease,NA,129,58,0,0
TITLE:37fc7c3fb241,NA,2020,NA,NA,NA,0,0,NA,0,NA,0,big_pharma,5,2,NA,0,genomics precision,NA,5,3,NA,0
TITLE:3916220ee10c,NA,2008,1,0,NA,0,1,NA,0,NA,0,biotech,0,0,NA,0,advanced disease,NA,46,46,0,0
TITLE:394fe0ae53f3,NA,2006,2,0,NA,0,0,NA,0,NA,0,unknown,0,0,NA,0,advanced disease,NA,10,10,NA,0
TITLE:39d19d742c32,NA,2022,2,0,NA,0,0,NA,0,NA,0,academic,1,1,NA,0,imaging diagnostics,NA,39,15,0,0
TITLE:3b2d26414ab9,NA,2017,NA,NA,NA,0,0,NA,0,NA,0,academic,0,0,NA,0,imaging diagnostics,NA,24,16,0,0
TITLE:3b9a5d6429e7,NA,2016,2,0,NA,1,0,NA,0,NA,0,biotech,1,1,NA,0,advanced disease,NA,149,71,0,0
TITLE:3bbe4eb6d661,NA,2022,NA,NA,1,0,1,NA,0,NA,0,unknown,0,0,NA,0,imaging diagnostics,NA,39,15,0,0
TITLE:3c0040bf86f5,NA,2020,1,0,NA,0,0,NA,0,NA,0,biotech,0,0,NA,0,advanced disease,NA,207,78,0,0
TITLE:3c7555a01cf9,NA,2011,2,0,NA,0,0,NA,0,NA,0,big_pharma,6,3,0.5,1,advanced disease,NA,78,68,0,0
TITLE:3d9ac7acd926,NA,2021,2,0,NA,0,0,NA,0,NA,0,academic,0,0,NA,0,supportive outcomes,NA,12,5,NA,0
TITLE:3da77f6ab310,NA,2014,2,0,NA,0,0,NA,0,NA,0,biotech,0,0,NA,0,advanced disease,NA,116,61,0,0
TITLE:3f2fe5189bdd,NA,2005,NA,NA,NA,1,0,NA,0,NA,0,biotech,0,0,NA,0,advanced disease,NA,0,0,NA,1
TITLE:3f5d5408f0f3,NA,2009,2,0,NA,0,1,NA,0,NA,0,big_pharma,3,3,NA,0,advanced disease,NA,55,55,0,0
TITLE:42c1ae11bdc8,NA,2020,2,0,NA,0,0,NA,0,NA,0,unknown,4,1,NA,0,genomics precision,NA,5,3,NA,0
TITLE:453a52a6dc27,NA,2007,NA,NA,NA,0,0,NA,0,NA,0,unknown,0,0,NA,0,resectable disease,NA,0,0,NA,1
TITLE:45808fce6e89,NA,2019,NA,NA,NA,0,0,NA,0,NA,0,unknown,1,1,NA,0,advanced disease,NA,190,74,0,0
TITLE:461cef133ff3,NA,2018,NA,NA,1,0,1,NA,0,NA,0,unknown,0,0,NA,0,advanced disease,NA,174,71,0,0
TITLE:4708fc2c50e5,NA,2018,NA,NA,NA,1,0,NA,0,NA,0,biotech,1,1,NA,0,advanced disease,NA,174,71,0,0
TITLE:493a057c0a66,NA,2023,2,0,NA,0,0,NA,0,NA,0,unknown,2,1,NA,0,biomarker,NA,52,28,0.5,0
TITLE:494e3bde6bca,NA,2014,3,0,NA,1,0,NA,0,NA,0,big_pharma,2,1,NA,0,genomics precision,NA,1,1,NA,0
TITLE:49e0209c7312,NA,2010,NA,NA,NA,0,0,NA,0,NA,0,unknown,0,0,NA,0,context classified,NA,11,11,NA,0
TITLE:4a0e20ad32bb,NA,2017,NA,NA,NA,0,1,NA,0,NA,0,academic,0,0,NA,0,advanced disease,NA,159,67,0,0
TITLE:4a782f83ea5f,NA,2006,2,0,1,0,0,NA,0,NA,0,big_pharma,0,0,NA,0,advanced disease,NA,10,10,NA,0
TITLE:4b6c380f84e6,NA,2016,1,0,NA,0,0,NA,0,NA,0,big_pharma,8,4,NA,0,advanced disease,NA,149,71,0,0
TITLE:4b83616c1370,NA,2009,2,0,NA,0,0,NA,0,NA,0,academic,0,0,NA,0,advanced disease,NA,55,55,0,0
TITLE:4e04b010bd41,NA,2022,NA,NA,NA,0,0,NA,0,NA,0,unknown,0,0,NA,0,biomarker,NA,46,27,0.5,0
TITLE:4ecafca005f0,NA,2019,2,0,NA,1,1,NA,0,NA,0,academic,0,0,NA,0,biomarker,NA,28,13,0.5,0
TITLE:4f5b8eee9cb2,NA,2012,3,0,NA,1,1,NA,0,NA,0,unknown,0,0,NA,0,advanced disease,NA,92,69,0,0
TITLE:4f6ccb768d05,NA,2005,2,0,NA,1,0,NA,0,NA,0,unknown,0,0,NA,0,advanced disease,NA,0,0,NA,1
TITLE:4fa5a757433b,NA,2017,NA,NA,NA,0,0,NA,0,NA,0,unknown,0,0,NA,0,advanced disease,NA,159,67,0,0
TITLE:4ffe9b08b68e,NA,2017,1,0,NA,0,0,NA,0,NA,0,biotech,0,0,NA,0,advanced disease,NA,159,67,0,0
TITLE:50bd5f462fa3,NA,2020,NA,NA,NA,1,0,NA,0,NA,0,academic,0,0,NA,0,advanced disease,NA,207,78,0,0
TITLE:512668c30cfc,NA,2009,NA,NA,NA,0,0,NA,0,NA,0,academic,0,0,NA,0,resectable disease,NA,7,7,1,0
TITLE:51d1672a6103,NA,2019,NA,NA,NA,0,0,NA,0,NA,0,unknown,0,0,NA,0,imaging diagnostics,NA,32,18,0,0
TITLE:52adf055d1fe,NA,2021,NA,NA,NA,0,0,NA,0,NA,0,unknown,0,0,NA,0,advanced disease,NA,214,65,0,0
TITLE:52d02f25453e,NA,2021,2,0,NA,0,1,NA,0,NA,0,big_pharma,0,0,NA,0,immunotherapy,NA,2,0,NA,0
TITLE:52d3a19ea20b,NA,2013,2,0,NA,1,0,NA,0,NA,0,unknown,0,0,NA,0,biomarker,NA,12,11,NA,0
TITLE:5309f39b6f81,NA,NA,NA,NA,NA,0,0,NA,0,NA,0,academic,0,0,NA,0,advanced disease,NA,0,0,NA,1
TITLE:538fd01b4e78,NA,2020,2,0,NA,0,0,NA,0,NA,0,unknown,0,0,NA,0,imaging diagnostics,NA,35,19,0,0
TITLE:53a6a179b95c,NA,2022,2,0,NA,0,0,NA,0,NA,0,academic,0,0,NA,0,genomics precision,NA,7,4,NA,0
TITLE:53c48efa6bcb,NA,2013,1,0,NA,0,0,NA,0,NA,0,unknown,0,0,NA,0,advanced disease,NA,103,57,0,0
TITLE:53dd74cc9aa4,NA,2010,1,0,NA,0,1,NA,0,NA,0,big_pharma,0,0,NA,0,supportive outcomes,NA,2,2,NA,0
TITLE:54e42f98989a,NA,2021,2,0,NA,0,0,NA,0,NA,0,big_pharma,1,0,0,0,advanced disease,NA,214,65,0,0
TITLE:586e0240f46c,NA,2013,2,0,NA,1,0,NA,0,NA,0,unknown,2,0,NA,0,advanced disease,NA,103,57,0,0
TITLE:58cfad573e34,NA,2014,2,0,NA,0,0,NA,0,NA,0,biotech,0,0,NA,0,context classified,NA,15,6,NA,0
TITLE:58ebd7c8a519,NA,2018,NA,NA,NA,0,0,NA,0,NA,0,academic,0,0,NA,0,resectable disease,NA,28,13,1,0
TITLE:59080e11fa73,NA,2015,2,0,NA,1,1,NA,0,NA,0,unknown,1,1,NA,0,advanced disease,NA,129,58,0,0
TITLE:592d59992cb0,NA,2016,NA,NA,NA,0,0,NA,0,NA,0,unknown,0,0,NA,0,biomarker,NA,17,9,0,0
TITLE:59b92f79a00c,NA,2007,NA,NA,NA,0,0,NA,0,NA,0,big_pharma,0,0,NA,0,advanced disease,NA,23,23,0,0
TITLE:5cf609465d6f,NA,2017,3,0,NA,1,0,NA,0,NA,0,unknown,0,0,NA,0,context classified,NA,17,4,NA,0
TITLE:5d6c7223b8c3,NA,2016,NA,NA,NA,0,0,NA,0,NA,0,big_pharma,0,0,NA,0,imaging diagnostics,NA,21,14,0,0
TITLE:5d85eabb59d7,NA,2022,2,0,NA,1,0,NA,0,NA,0,academic,0,0,NA,0,advanced disease,NA,228,69,0,0
TITLE:5e138a6dba86,NA,2021,3,0,NA,1,0,NA,0,NA,0,big_pharma,2,2,NA,0,chemotherapy,NA,17,7,0,0
TITLE:5e8d92cc4dac,NA,2008,2,0,NA,0,1,NA,0,NA,0,biotech,0,0,NA,0,biomarker,NA,1,1,NA,0
TITLE:5f1ab10fa584,NA,2020,2,0,NA,1,0,NA,0,NA,0,big_pharma,1,1,NA,0,chemotherapy,NA,15,5,0,0
TITLE:5fb4e70f31a1,NA,2015,2,0,NA,0,0,NA,0,NA,0,unknown,0,0,NA,0,advanced disease,NA,129,58,0,0
TITLE:601cb5676ab1,NA,2005,2,0,NA,0,0,NA,0,NA,0,unknown,0,0,NA,0,advanced disease,NA,0,0,NA,1
TITLE:6150afe6780e,NA,2019,1,0,NA,0,0,NA,0,NA,0,biotech,0,0,NA,0,advanced disease,NA,190,74,0,0
TITLE:628de86b6241,NA,2022,NA,NA,NA,0,1,NA,0,NA,0,big_pharma,3,0,NA,0,context classified,NA,24,7,NA,0
TITLE:63157644f79d,NA,2008,NA,NA,NA,0,0,NA,0,NA,0,unknown,1,1,NA,0,context classified,NA,5,5,NA,0
TITLE:639e85ee8f52,NA,2019,2,0,NA,0,0,NA,0,NA,0,academic,0,0,NA,0,biomarker,NA,28,13,0.5,0
TITLE:63ae6a3bc362,NA,2005,2,0,NA,0,0,NA,0,NA,0,unknown,0,0,NA,0,context classified,NA,0,0,NA,1
TITLE:63cfdd2e7e67,NA,2019,NA,NA,1,0,0,NA,0,NA,0,unknown,0,0,NA,0,biomarker,NA,28,13,0.5,0
TITLE:63f5ac42ea39,NA,2008,2,0,NA,1,1,NA,0,NA,0,academic,0,0,NA,0,advanced disease,NA,46,46,0,0
TITLE:64a9478a6825,NA,2009,2,0,NA,0,0,NA,0,NA,0,biotech,0,0,NA,0,advanced disease,NA,55,55,0,0
TITLE:65a6961dbe5f,NA,2011,NA,NA,NA,0,1,NA,0,NA,0,big_pharma,4,4,NA,0,advanced disease,NA,78,68,0,0
TITLE:6615e50abc04,NA,2019,NA,NA,NA,0,0,NA,0,NA,0,unknown,0,0,NA,0,advanced disease,NA,190,74,0,0
TITLE:6692a2803bb3,NA,2011,2,0,NA,1,0,NA,0,NA,0,biotech,0,0,NA,0,advanced disease,NA,78,68,0,0
TITLE:6729d192e4ea,NA,2014,NA,NA,NA,0,1,NA,0,NA,0,biotech,0,0,NA,0,imaging diagnostics,NA,14,12,NA,0
TITLE:676f954a3403,NA,2011,2,0,NA,0,0,NA,0,NA,0,biotech,0,0,NA,0,advanced disease,NA,78,68,0,0
TITLE:6778e7c84238,NA,2007,NA,NA,NA,1,0,NA,0,NA,0,big_pharma,0,0,NA,0,advanced disease,NA,23,23,0,0
TITLE:67a27fffab5f,NA,2007,2,0,NA,0,1,NA,0,NA,0,unknown,1,1,NA,0,advanced disease,NA,23,23,0,0
TITLE:67ea771b29fa,NA,2018,1,0,NA,0,0,NA,0,NA,0,biotech,5,4,0.333,0,advanced disease,NA,174,71,0,0
TITLE:69189a93713f,NA,2014,3,0,NA,1,0,NA,0,NA,0,unknown,0,0,NA,0,advanced disease,NA,116,61,0,0
TITLE:693aeb06b743,NA,2023,1,0,NA,1,0,NA,0,NA,0,unknown,0,0,NA,0,advanced disease,NA,241,67,0,0
TITLE:6948d553ddfc,NA,2018,NA,NA,NA,0,0,NA,0,NA,0,unknown,0,0,NA,0,resectable disease,NA,28,13,1,0
TITLE:69d4aecd0e2e,NA,2021,NA,NA,NA,0,0,NA,0,NA,0,unknown,2,0,NA,0,biomarker,NA,41,24,0.5,0
TITLE:6a1def07a536,NA,2016,NA,NA,NA,0,0,NA,0,NA,0,unknown,1,1,NA,0,surgical,NA,7,3,1,0
TITLE:6a66b4c58a64,NA,2010,2,0,NA,1,0,NA,0,NA,0,unknown,0,0,NA,0,advanced disease,NA,71,71,0,0
TITLE:6a8bd4646275,NA,2016,2,0,NA,1,0,NA,0,NA,0,unknown,0,0,NA,0,context classified,NA,16,4,NA,0
TITLE:6c1d0c91a7e4,NA,2014,3,0,NA,1,1,NA,0,NA,0,biotech,0,0,NA,0,resectable disease,NA,17,10,1,0
TITLE:6c2066335b79,NA,2014,3,0,NA,1,1,NA,0,NA,0,biotech,1,1,NA,0,advanced disease,NA,116,61,0,0
TITLE:6c2b55fbdca1,NA,2014,NA,NA,NA,0,0,NA,0,NA,0,academic,0,0,NA,0,resectable disease,NA,17,10,1,0
TITLE:6c550d825a40,NA,2006,2,0,NA,0,0,NA,0,NA,0,unknown,0,0,NA,0,context classified,NA,1,1,NA,0
TITLE:6dcef2940e2b,NA,2006,2,0,NA,0,0,NA,0,NA,0,biotech,0,0,NA,0,advanced disease,NA,10,10,NA,0
TITLE:6e3234d5cbd0,NA,2015,NA,NA,NA,0,0,NA,0,NA,0,unknown,0,0,NA,0,imaging diagnostics,NA,16,10,NA,0
TITLE:6e55cecaf952,NA,2007,NA,NA,NA,0,0,NA,0,NA,0,big_pharma,0,0,NA,0,advanced disease,NA,23,23,0,0
TITLE:6f9ce2cf217d,NA,2018,NA,NA,NA,0,0,NA,0,NA,0,academic,0,0,NA,0,surgical,NA,10,6,1,0
TITLE:70078e73f17d,NA,2022,1,0,NA,0,0,NA,0,NA,0,biotech,0,0,NA,0,advanced disease,NA,228,69,0,0
TITLE:7015a260fb6b,NA,2012,NA,NA,NA,0,0,NA,0,NA,0,academic,0,0,NA,0,imaging diagnostics,NA,8,6,NA,0
TITLE:702b8eb7a81c,NA,2009,2,0,NA,0,1,NA,0,NA,0,biotech,0,0,NA,0,supportive outcomes,NA,1,1,NA,0
TITLE:70556872dec6,NA,2019,3,0,NA,1,1,NA,0,NA,0,unknown,0,0,NA,0,advanced disease,NA,190,74,0,0
TITLE:70c92ef068c7,NA,2007,3,0,NA,0,0,NA,0,NA,0,unknown,0,0,NA,0,resectable disease,NA,0,0,NA,1
TITLE:70ea3677954e,NA,2021,1,0,NA,0,0,NA,0,NA,0,biotech,0,0,NA,0,advanced disease,NA,214,65,0,0
TITLE:720e68072dc5,NA,2023,NA,NA,NA,1,0,NA,0,NA,0,biotech,0,0,NA,0,advanced disease,NA,241,67,0,0
TITLE:72eb7a9ebd21,NA,2009,1,0,NA,1,0,NA,0,NA,0,unknown,0,0,NA,0,advanced disease,NA,55,55,0,0
TITLE:731ccd18cc95,NA,2018,3,0,NA,1,0,NA,0,NA,0,biotech,2,1,1,0,line of therapy,NA,1,1,NA,0
TITLE:7328c57b1c17,NA,2022,NA,NA,NA,0,0,NA,0,NA,0,biotech,0,0,NA,0,advanced disease,NA,228,69,0,0
TITLE:7346b721cbca,NA,2022,1,0,NA,0,0,NA,0,NA,0,biotech,1,1,NA,0,advanced disease,NA,228,69,0,0
TITLE:737fe16ed8cb,NA,2012,1,0,NA,0,0,NA,0,NA,0,unknown,0,0,NA,0,resectable disease,NA,11,11,1,0
TITLE:73a1acda52d3,NA,2017,3,0,NA,1,0,NA,0,NA,0,big_pharma,16,7,0.714,1,advanced disease,NA,159,67,0,0
TITLE:74a86eb24bed,NA,2009,2,0,NA,0,0,NA,0,NA,0,academic,0,0,NA,0,imaging diagnostics,NA,2,2,NA,0
TITLE:754a7ef5f227,NA,2018,2,0,NA,0,0,NA,0,NA,0,unknown,0,0,NA,0,advanced disease,NA,174,71,0,0
TITLE:75a32f63e7ee,NA,2011,NA,NA,NA,0,1,NA,0,NA,0,unknown,0,0,NA,0,biomarker,NA,8,8,NA,0
TITLE:76c5c6930284,NA,2015,1,0,NA,0,0,NA,0,NA,0,big_pharma,0,0,NA,0,advanced disease,NA,129,58,0,0
TITLE:77e4e90ca686,NA,2010,2,0,NA,1,0,NA,0,NA,0,academic,0,0,NA,0,advanced disease,NA,71,71,0,0
TITLE:77ef336e37a2,NA,2012,2,0,NA,0,0,NA,0,NA,0,unknown,0,0,NA,0,advanced disease,NA,92,69,0,0
TITLE:78276f305dd8,NA,2007,2,0,NA,1,0,NA,0,NA,0,big_pharma,0,0,NA,0,advanced disease,NA,23,23,0,0
TITLE:7839db1c420c,NA,2014,2,0,NA,1,1,NA,0,NA,0,unknown,1,1,NA,0,advanced disease,NA,116,61,0,0
TITLE:798ee2e6a7ee,NA,2007,2,0,NA,0,0,NA,0,NA,0,unknown,1,1,NA,0,advanced disease,NA,23,23,0,0
TITLE:79ca79b65fee,NA,2012,2,0,NA,0,0,NA,0,NA,0,unknown,0,0,NA,0,resectable disease,NA,11,11,1,0
TITLE:7b6945b6b2ff,NA,2015,2,0,NA,1,0,NA,0,NA,0,unknown,4,4,1,0,resectable disease,NA,23,14,1,0
TITLE:7d192bdbf1cc,NA,2017,NA,NA,NA,0,0,NA,0,NA,0,academic,0,0,NA,0,imaging diagnostics,NA,24,16,0,0
TITLE:7fa469109522,NA,2008,NA,NA,NA,0,0,NA,0,NA,0,biotech,0,0,NA,0,context classified,NA,5,5,NA,0
TITLE:80462fa40e17,NA,2007,1,0,NA,0,0,NA,0,NA,0,unknown,0,0,NA,0,advanced disease,NA,23,23,0,0
TITLE:808d6936450e,NA,2006,NA,NA,NA,1,1,NA,0,NA,0,big_pharma,0,0,NA,0,advanced disease,NA,10,10,NA,0
TITLE:80cdcb94b47e,NA,2007,NA,NA,NA,0,0,NA,0,NA,0,unknown,0,0,NA,0,advanced disease,NA,23,23,0,0
TITLE:810d1d07aa4a,NA,2011,NA,NA,2,1,0,NA,0,NA,0,academic,0,0,NA,0,resectable disease,NA,10,10,1,0
TITLE:81857dde0ede,NA,2020,2,0,NA,0,0,NA,0,NA,0,unknown,1,0,NA,0,context classified,NA,20,4,NA,0
TITLE:834cbfe5e9fc,NA,2022,NA,NA,NA,0,0,NA,0,NA,0,academic,0,0,NA,0,advanced disease,NA,228,69,0,0
TITLE:8371399a2510,NA,2021,NA,NA,NA,0,0,NA,0,NA,0,unknown,0,0,NA,0,imaging diagnostics,NA,37,16,0,0
TITLE:8398d80cca91,NA,2013,NA,NA,NA,1,1,NA,0,NA,0,unknown,1,1,NA,0,advanced disease,NA,103,57,0,0
TITLE:83a21539cec7,NA,2008,2,0,NA,1,0,NA,0,NA,0,unknown,0,0,NA,0,advanced disease,NA,46,46,0,0
TITLE:84ee876f543c,NA,2011,3,0,NA,1,0,NA,0,NA,0,biotech,0,0,NA,0,advanced disease,NA,78,68,0,0
TITLE:867080037266,NA,2013,2,0,NA,1,0,NA,0,NA,0,academic,3,3,NA,0,advanced disease,NA,103,57,0,0
TITLE:87bd5fcbf23b,NA,2007,NA,NA,NA,1,1,NA,0,NA,0,unknown,0,0,NA,0,advanced disease,NA,23,23,0,0
TITLE:87df7f08d883,NA,2015,2,0,NA,0,1,NA,0,NA,0,biotech,2,2,NA,0,advanced disease,NA,129,58,0,0
TITLE:8817a5011a63,NA,2006,2,0,NA,1,0,NA,0,NA,0,unknown,0,0,NA,0,advanced disease,NA,10,10,NA,0
TITLE:88b2615bb52f,NA,2015,2,0,NA,0,0,NA,0,NA,0,unknown,1,1,NA,0,advanced disease,NA,129,58,0,0
TITLE:88c75d41a30a,NA,2010,NA,NA,NA,0,0,NA,0,NA,0,academic,2,2,NA,0,resectable disease,NA,9,9,1,0
TITLE:88d298755934,NA,2010,2,0,NA,1,1,NA,0,NA,0,biotech,0,0,NA,0,advanced disease,NA,71,71,0,0
TITLE:892ea85c0c4e,NA,2018,2,0,NA,0,0,NA,0,NA,0,unknown,2,2,NA,0,biomarker,NA,24,12,0,0
TITLE:8a18bcb0d107,NA,2021,NA,NA,NA,0,0,NA,0,NA,0,unknown,0,0,NA,0,supportive care,NA,0,0,NA,1
TITLE:8d501cef0631,NA,2023,NA,NA,NA,0,0,NA,0,NA,0,unknown,0,0,NA,0,advanced disease,NA,241,67,0,0
TITLE:8e15e580bde4,NA,2008,2,0,NA,0,0,NA,0,NA,0,unknown,0,0,NA,0,advanced disease,NA,46,46,0,0
TITLE:8ef753188168,NA,2008,NA,NA,NA,1,0,NA,0,NA,0,big_pharma,1,1,NA,0,advanced disease,NA,46,46,0,0
TITLE:8ef86b54132b,NA,2017,1,0,NA,0,1,NA,0,NA,0,biotech,0,0,NA,0,advanced disease,NA,159,67,0,0
TITLE:8efcb08309af,NA,2019,2,0,NA,1,0,NA,0,NA,0,biotech,0,0,NA,0,advanced disease,NA,190,74,0,0
TITLE:8f415ac2cafa,NA,2016,2,0,NA,0,0,NA,0,NA,0,big_pharma,0,0,NA,0,advanced disease,NA,149,71,0,0
TITLE:8fba6195b696,NA,2006,NA,NA,NA,0,0,NA,0,NA,0,big_pharma,0,0,NA,0,advanced disease,NA,10,10,NA,0
TITLE:8ff574d810e3,NA,2022,2,0,NA,1,0,NA,0,NA,0,academic,0,0,NA,0,advanced disease,NA,228,69,0,0
TITLE:90522836a42a,NA,2021,2,0,NA,1,0,NA,0,NA,0,unknown,0,0,NA,0,advanced disease,NA,214,65,0,0
TITLE:9109b14ab1cc,NA,2019,2,0,1,0,0,NA,0,NA,0,unknown,1,1,NA,0,resectable disease,NA,31,14,1,0
TITLE:91824a5e03cd,NA,2021,NA,NA,NA,1,0,NA,0,NA,0,big_pharma,0,0,NA,0,advanced disease,NA,214,65,0,0
TITLE:928882664c86,NA,2005,1,0,NA,0,0,NA,0,NA,0,academic,0,0,NA,0,advanced disease,NA,0,0,NA,1
TITLE:92f044ecadca,NA,2023,1,0,NA,0,0,NA,0,NA,0,unknown,0,0,NA,0,imaging diagnostics,NA,46,18,0,0
TITLE:93b4e3a8e951,NA,2020,3,0,NA,1,0,NA,0,NA,0,biotech,0,0,NA,0,advanced disease,NA,207,78,0,0
TITLE:943e5d4c6811,NA,2014,NA,NA,NA,0,0,NA,0,NA,0,academic,0,0,NA,0,advanced disease,NA,116,61,0,0
TITLE:94baa5fcf8c9,NA,2019,NA,NA,NA,0,1,NA,0,NA,0,biotech,1,1,1,0,advanced disease,NA,190,74,0,0
TITLE:94bf5f98f9a2,NA,2010,2,0,NA,0,0,NA,0,NA,0,unknown,0,0,NA,0,targeted therapy,NA,0,0,NA,1
TITLE:94e9d5fe076a,NA,2012,2,0,NA,0,1,NA,0,NA,0,big_pharma,7,6,NA,1,advanced disease,NA,92,69,0,0
TITLE:9502c35e65f3,NA,2012,3,0,NA,1,0,NA,0,NA,0,biotech,0,0,NA,0,advanced disease,NA,92,69,0,0
TITLE:953fc76b9f5b,NA,2008,2,0,NA,0,0,NA,0,NA,0,big_pharma,1,1,NA,0,biomarker,NA,1,1,NA,0
TITLE:955b6ce87121,NA,2013,NA,NA,NA,0,0,NA,0,NA,0,academic,0,0,NA,0,resectable disease,NA,15,12,1,0
TITLE:965aeec03267,NA,2018,NA,NA,NA,0,0,NA,0,NA,0,academic,1,1,1,0,imaging diagnostics,NA,28,16,0,0
TITLE:96f8a9de4a30,NA,2010,NA,NA,NA,0,0,NA,0,NA,0,unknown,0,0,NA,0,chemotherapy,NA,5,5,NA,0
TITLE:974548c60cb3,NA,2006,2,0,NA,0,1,NA,0,NA,0,big_pharma,0,0,NA,0,context classified,NA,1,1,NA,0
TITLE:97526056fd87,NA,2018,2,0,NA,0,0,NA,0,NA,0,academic,1,0,NA,0,advanced disease,NA,174,71,0,0
TITLE:99857d12e3db,NA,2011,2,0,1,0,0,NA,0,NA,0,unknown,3,3,NA,0,advanced disease,NA,78,68,0,0
TITLE:9b0a67bfe7bb,NA,2011,NA,NA,NA,1,1,NA,0,NA,0,biotech,0,0,NA,0,advanced disease,NA,78,68,0,0
TITLE:9b304754d026,NA,2019,NA,NA,NA,0,0,NA,0,NA,0,unknown,2,1,NA,0,resectable disease,NA,31,14,1,0
TITLE:9b9f922e00d7,NA,2020,NA,NA,NA,0,0,NA,0,NA,0,unknown,0,0,NA,0,supportive outcomes,NA,9,2,NA,0
TITLE:9ba12ed5e988,NA,2015,2,0,NA,1,0,NA,0,NA,0,unknown,0,0,NA,0,resectable disease,NA,23,14,1,0
TITLE:9c1f0b2d5002,NA,2019,NA,NA,NA,0,0,NA,0,NA,0,academic,0,0,NA,0,imaging diagnostics,NA,32,18,0,0
TITLE:9c74c974e795,NA,2021,3,0,NA,1,0,NA,0,NA,0,academic,0,0,NA,0,supportive outcomes,NA,12,5,NA,0
TITLE:9cfce954df73,NA,2005,2,0,NA,0,0,NA,0,NA,0,biotech,0,0,NA,0,advanced disease,NA,0,0,NA,1
TITLE:9d4a187eaac6,NA,2021,2,0,NA,1,0,NA,0,NA,0,unknown,0,0,NA,0,advanced disease,NA,214,65,0,0
TITLE:9d76fc0e6568,NA,2006,NA,NA,NA,1,0,NA,0,NA,0,academic,0,0,NA,0,surgical,NA,1,1,NA,0
TITLE:9e1570b93114,NA,2015,3,0,NA,1,1,NA,0,NA,0,unknown,2,0,1,0,advanced disease,NA,129,58,0,0
TITLE:9e31dd345e91,NA,2020,3,0,NA,1,0,NA,0,NA,0,biotech,0,0,NA,0,advanced disease,NA,207,78,0,0
TITLE:9f42998b6fd5,NA,2012,2,0,NA,1,0,NA,0,NA,0,biotech,0,0,NA,0,advanced disease,NA,92,69,0,0
TITLE:9f91cc69d01e,NA,2019,2,0,NA,0,0,NA,0,NA,0,unknown,0,0,NA,0,imaging diagnostics,NA,32,18,0,0
TITLE:a18692c82ba6,NA,2009,NA,NA,NA,0,0,NA,0,NA,0,unknown,0,0,NA,0,advanced disease,NA,55,55,0,0
TITLE:a31b83b35c66,NA,2021,2,0,NA,0,0,NA,0,NA,0,big_pharma,6,2,NA,0,advanced disease,NA,214,65,0,0
TITLE:a321e441c66d,NA,2018,2,0,NA,1,0,NA,0,NA,0,unknown,2,2,NA,0,advanced disease,NA,174,71,0,0
TITLE:a3a14aac5fbd,NA,2017,3,0,NA,0,0,NA,0,NA,0,biotech,0,0,NA,0,advanced disease,NA,159,67,0,0
TITLE:a454860ad44f,NA,2021,NA,NA,NA,0,0,NA,0,NA,0,academic,1,1,NA,0,advanced disease,NA,214,65,0,0
TITLE:a615edb10e1a,NA,2023,NA,NA,NA,1,1,NA,0,NA,0,academic,2,2,NA,0,resectable disease,NA,34,6,1,0
TITLE:a695563d01ec,NA,2018,NA,NA,NA,0,0,NA,0,NA,0,academic,0,0,NA,0,advanced disease,NA,174,71,0,0
TITLE:a7592befea8f,NA,2006,3,0,NA,1,0,NA,0,NA,0,biotech,0,0,NA,0,imaging diagnostics,NA,0,0,NA,1
TITLE:a7d62737ee92,NA,2020,NA,NA,NA,0,0,NA,0,NA,0,big_pharma,0,0,NA,0,context classified,NA,20,4,NA,0
TITLE:a81d15cd93e1,NA,2011,2,0,NA,1,1,NA,0,NA,0,big_pharma,4,4,NA,0,advanced disease,NA,78,68,0,0
TITLE:a849c0147ab3,NA,2017,3,0,NA,1,1,NA,0,NA,0,academic,0,0,NA,0,context classified,NA,17,4,NA,0
TITLE:a85f21abf4d4,NA,2009,NA,NA,NA,0,0,NA,0,NA,0,unknown,0,0,NA,0,context classified,NA,9,9,NA,0
TITLE:a94c9f40b88e,NA,2013,NA,NA,NA,0,0,NA,0,NA,0,academic,0,0,NA,0,immunotherapy,NA,1,0,NA,0
TITLE:a9b67931aa64,NA,2010,2,0,NA,1,0,NA,0,NA,0,big_pharma,1,1,NA,0,advanced disease,NA,71,71,0,0
TITLE:aa430989c7a4,NA,2015,2,0,NA,0,1,NA,0,NA,0,unknown,0,0,NA,0,advanced disease,NA,129,58,0,0
TITLE:aa576b79a29b,NA,2013,3,0,NA,1,0,NA,0,NA,0,academic,0,0,NA,0,advanced disease,NA,103,57,0,0
TITLE:ab36f28b0746,NA,2015,2,0,NA,0,1,NA,0,NA,0,big_pharma,3,2,NA,0,advanced disease,NA,129,58,0,0
TITLE:ab461e8e55d1,NA,2019,NA,NA,NA,1,0,NA,0,NA,0,unknown,0,0,NA,0,context classified,NA,19,4,NA,0
TITLE:ab5ca045b5d9,NA,2019,2,0,NA,0,0,NA,0,NA,0,academic,0,0,NA,0,genomics precision,NA,3,2,NA,0
TITLE:ab9a166e9b49,NA,2011,1,0,NA,1,0,NA,0,NA,0,big_pharma,6,3,0.5,1,chemotherapy,NA,7,7,NA,0
TITLE:acd996ed81ec,NA,2017,2,0,NA,0,0,NA,0,NA,0,biotech,0,0,NA,0,advanced disease,NA,159,67,0,0
TITLE:ad3728a5ebf2,NA,2005,2,0,NA,1,0,NA,0,NA,0,unknown,0,0,NA,0,advanced disease,NA,0,0,NA,1
TITLE:ad799154c7ed,NA,2012,2,0,NA,1,0,NA,0,NA,0,big_pharma,9,5,0.667,1,supportive outcomes,NA,5,4,NA,0
TITLE:adfad77d67cc,NA,2012,NA,NA,NA,0,1,NA,0,NA,0,big_pharma,0,0,NA,0,advanced disease,NA,92,69,0,0
TITLE:aebb3293f76c,NA,2007,NA,NA,NA,0,0,NA,0,NA,0,unknown,0,0,NA,0,context classified,NA,4,4,NA,0
TITLE:b05af5f690a2,NA,2018,NA,NA,NA,0,0,NA,0,NA,0,academic,0,0,NA,0,imaging diagnostics,NA,28,16,0,0
TITLE:b087f081f486,NA,2015,NA,NA,NA,0,0,NA,0,NA,0,unknown,0,0,NA,0,imaging diagnostics,NA,16,10,NA,0
TITLE:b08ce454c985,NA,2007,2,0,NA,1,0,NA,0,NA,0,unknown,1,1,NA,0,advanced disease,NA,23,23,0,0
TITLE:b0f4e2947b2a,NA,2017,NA,NA,NA,0,0,NA,0,NA,0,academic,0,0,NA,0,biomarker,NA,19,8,0,0
TITLE:b101c8ca5511,NA,2015,2,0,NA,0,0,NA,0,NA,0,academic,0,0,NA,0,advanced disease,NA,129,58,0,0
TITLE:b1458b748d18,NA,2018,2,0,NA,1,0,NA,0,NA,0,academic,2,1,0,0,surgical,NA,10,6,1,0
TITLE:b238180ca153,NA,2017,2,0,NA,0,0,NA,0,NA,0,unknown,1,1,NA,0,advanced disease,NA,159,67,0,0
TITLE:b2473093ef8f,NA,2023,1,0,NA,0,1,NA,0,NA,0,biotech,0,0,NA,0,advanced disease,NA,241,67,0,0
TITLE:b3602f172e43,NA,2016,NA,NA,NA,0,0,NA,0,NA,0,academic,0,0,NA,0,surgical,NA,7,3,1,0
TITLE:b38e4858ef50,NA,2023,NA,NA,NA,0,0,NA,0,NA,0,unknown,0,0,NA,0,context classified,NA,26,7,NA,0
TITLE:b3d5fce769cc,NA,2007,2,0,NA,0,0,NA,0,NA,0,academic,0,0,NA,0,advanced disease,NA,23,23,0,0
TITLE:b42573669500,NA,2009,2,0,NA,1,0,NA,0,NA,0,academic,0,0,NA,0,advanced disease,NA,55,55,0,0
TITLE:b4374d69ec83,NA,2013,NA,NA,NA,0,0,NA,0,NA,0,biotech,0,0,NA,0,advanced disease,NA,103,57,0,0
TITLE:b48a0010f7e4,NA,2023,NA,NA,NA,1,0,NA,0,NA,0,unknown,0,0,NA,0,advanced disease,NA,241,67,0,0
TITLE:b4b6588305d1,NA,2007,3,0,NA,1,0,NA,0,NA,0,big_pharma,0,0,NA,0,advanced disease,NA,23,23,0,0
TITLE:b4ce59f609af,NA,2006,3,0,NA,1,0,NA,0,NA,0,academic,0,0,NA,0,immunotherapy,NA,0,0,NA,1
TITLE:b6e8e02fc1d0,NA,2014,NA,NA,NA,0,0,NA,0,NA,0,unknown,0,0,NA,0,advanced disease,NA,116,61,0,0
TITLE:b74b3fae227e,NA,2016,NA,NA,NA,0,0,NA,0,NA,0,unknown,0,0,NA,0,advanced disease,NA,149,71,0,0
TITLE:b7ee06025443,NA,2010,3,0,NA,1,1,NA,0,NA,0,big_pharma,1,1,NA,0,advanced disease,NA,71,71,0,0
TITLE:b84c38c8ea0d,NA,2010,2,0,NA,1,0,NA,0,NA,0,big_pharma,1,1,NA,0,biomarker,NA,4,4,NA,0
TITLE:b85a5bfa88b0,NA,2018,1,0,NA,0,0,NA,0,NA,0,biotech,0,0,NA,0,advanced disease,NA,174,71,0,0
TITLE:b9505bf2b104,NA,2021,NA,NA,1,0,0,NA,0,NA,0,academic,0,0,NA,0,chemotherapy,NA,17,7,0,0
TITLE:bab563987b22,NA,2011,NA,NA,NA,0,0,NA,0,NA,0,academic,0,0,NA,0,advanced disease,NA,78,68,0,0
TITLE:bb18a92b46b2,NA,2020,2,0,NA,0,0,NA,0,NA,0,unknown,0,0,NA,0,biomarker,NA,35,19,0.5,0
TITLE:bd86723c38fd,NA,2010,NA,NA,NA,0,0,NA,0,NA,0,unknown,0,0,NA,0,targeted therapy,NA,0,0,NA,1
TITLE:be42f7f76207,NA,2017,2,0,NA,1,0,NA,0,NA,0,biotech,0,0,NA,0,imaging diagnostics,NA,24,16,0,0
TITLE:be65ca964065,NA,2022,2,0,NA,0,0,NA,0,NA,0,big_pharma,2,0,NA,0,advanced disease,NA,228,69,0,0
TITLE:be6e48124761,NA,2020,2,0,NA,1,0,NA,0,NA,0,unknown,0,0,NA,0,resectable disease,NA,33,10,1,0
TITLE:be94db5a6b95,NA,2011,2,0,NA,1,0,NA,0,NA,0,unknown,0,0,NA,0,advanced disease,NA,78,68,0,0
TITLE:bf456c09dc5f,NA,2011,2,0,NA,0,0,NA,0,NA,0,academic,0,0,NA,0,biomarker,NA,8,8,NA,0
TITLE:bfc82369635c,NA,2012,NA,NA,NA,1,0,NA,0,NA,0,big_pharma,0,0,NA,0,genomics precision,NA,0,0,NA,1
TITLE:c0331c32916d,NA,2012,NA,NA,NA,0,0,NA,0,NA,0,academic,0,0,NA,0,chemotherapy,NA,9,9,NA,0
TITLE:c0867a4dd89c,NA,2008,NA,NA,NA,0,1,NA,0,NA,0,academic,0,0,NA,0,chemotherapy,NA,0,0,NA,1
TITLE:c1db58537f76,NA,2019,1,0,NA,0,1,NA,0,NA,0,biotech,0,0,NA,0,advanced disease,NA,190,74,0,0
TITLE:c1f2d5107748,NA,2008,2,0,NA,1,0,NA,0,NA,0,academic,0,0,NA,0,resectable disease,NA,3,3,NA,0
TITLE:c2a51c3179c1,NA,2018,NA,NA,NA,1,0,NA,0,NA,0,unknown,0,0,NA,0,surgical,NA,10,6,1,0
TITLE:c3449451e870,NA,2023,NA,NA,NA,0,0,NA,0,NA,0,unknown,0,0,NA,0,biomarker,NA,52,28,0.5,0
TITLE:c530dd179361,NA,2019,2,0,NA,1,0,NA,0,NA,0,academic,2,0,NA,0,advanced disease,NA,190,74,0,0
TITLE:c5f795ee8a22,NA,2014,2,0,NA,1,1,NA,0,NA,0,unknown,0,0,NA,0,resectable disease,NA,17,10,1,0
TITLE:c7fa75dbfb79,NA,2017,NA,NA,NA,0,0,NA,0,NA,0,academic,0,0,NA,0,chemotherapy,NA,11,2,NA,0
TITLE:c8c3af82d932,NA,2013,NA,NA,NA,0,0,NA,0,NA,0,academic,0,0,NA,0,context classified,NA,14,9,NA,0
TITLE:c9dd89ec677c,NA,2012,2,0,NA,1,0,NA,0,NA,0,big_pharma,0,0,NA,0,advanced disease,NA,92,69,0,0
TITLE:cb005456617c,NA,2012,NA,NA,NA,0,0,NA,0,NA,0,academic,0,0,NA,0,imaging diagnostics,NA,8,6,NA,0
TITLE:cd26447405dd,NA,2020,2,0,NA,0,0,NA,0,NA,0,academic,0,0,NA,0,advanced disease,NA,207,78,0,0
TITLE:cd362f986ab0,NA,2022,1,0,NA,0,1,NA,0,NA,0,biotech,0,0,NA,0,advanced disease,NA,228,69,0,0
TITLE:cd633ea82c86,NA,2011,2,0,NA,0,0,NA,0,NA,0,unknown,0,0,NA,0,advanced disease,NA,78,68,0,0
TITLE:cd678aa64e8a,NA,2008,1,0,NA,0,0,NA,0,NA,0,academic,0,0,NA,0,chemotherapy,NA,0,0,NA,1
TITLE:cd7a8c558d0e,NA,2019,NA,NA,NA,0,0,NA,0,NA,0,big_pharma,0,0,NA,0,genomics precision,NA,3,2,NA,0
TITLE:ce6e7e5c133f,NA,2013,NA,NA,NA,0,0,NA,0,NA,0,unknown,0,0,NA,0,advanced disease,NA,103,57,0,0
TITLE:d08f92ff1b92,NA,2018,2,0,NA,0,0,NA,0,NA,0,unknown,1,1,NA,0,advanced disease,NA,174,71,0,0
TITLE:d0ec81963727,NA,2017,1,0,NA,0,0,NA,0,NA,0,biotech,1,1,NA,0,imaging diagnostics,NA,24,16,0,0
TITLE:d17369fb9e80,NA,2023,NA,NA,NA,0,0,NA,0,NA,0,academic,0,0,NA,0,advanced disease,NA,241,67,0,0
TITLE:d1f011bfecac,NA,2014,2,0,NA,0,0,NA,0,NA,0,biotech,0,0,NA,0,advanced disease,NA,116,61,0,0
TITLE:d2c27bb585c5,NA,2015,NA,NA,NA,0,0,NA,0,NA,0,academic,1,1,NA,0,imaging diagnostics,NA,16,10,NA,0
TITLE:d37f4acb3b60,NA,2015,NA,NA,NA,0,0,NA,0,NA,0,unknown,0,0,NA,0,advanced disease,NA,129,58,0,0
TITLE:d44c13a807ec,NA,2009,1,0,NA,0,0,NA,0,NA,0,academic,0,0,NA,0,advanced disease,NA,55,55,0,0
TITLE:d561accae6c1,NA,2012,NA,NA,NA,0,0,NA,0,NA,0,unknown,1,1,NA,0,context classified,NA,13,9,NA,0
TITLE:d73fd0e17854,NA,2011,2,0,NA,1,0,NA,0,NA,0,academic,0,0,NA,0,advanced disease,NA,78,68,0,0
TITLE:d7de9607a1e3,NA,2005,2,0,NA,1,0,NA,0,NA,0,unknown,0,0,NA,0,radiotherapy,NA,0,0,NA,1
TITLE:d8362a9ead64,NA,2009,2,0,NA,0,0,NA,0,NA,0,unknown,0,0,NA,0,advanced disease,NA,55,55,0,0
TITLE:d94e1ab457c6,NA,2022,1,0,NA,0,0,NA,0,NA,0,biotech,1,1,0,0,context classified,NA,24,7,NA,0
TITLE:d98b5986b990,NA,2019,NA,NA,NA,0,0,NA,0,NA,0,unknown,1,0,NA,0,chemotherapy,NA,14,4,0,0
TITLE:da353fcc15fd,NA,2022,2,0,NA,0,0,NA,0,NA,0,biotech,1,1,NA,0,advanced disease,NA,228,69,0,0
TITLE:da947ffd439f,NA,2009,NA,NA,NA,0,0,NA,0,NA,0,biotech,0,0,NA,0,advanced disease,NA,55,55,0,0
TITLE:dc8826987c21,NA,2021,1,0,NA,1,0,NA,0,NA,0,biotech,1,1,0,0,advanced disease,NA,214,65,0,0
TITLE:dccb6f4dac9c,NA,2009,NA,NA,NA,0,0,NA,0,NA,0,big_pharma,0,0,NA,0,advanced disease,NA,55,55,0,0
TITLE:ddb038f8dff3,NA,2008,NA,NA,NA,0,0,NA,0,NA,0,academic,0,0,NA,0,resectable disease,NA,3,3,NA,0
TITLE:deaa9d7989e6,NA,2013,NA,NA,NA,0,0,NA,0,NA,0,academic,0,0,NA,0,surgical,NA,4,2,1,0
TITLE:dfb3b3baa530,NA,2007,2,0,NA,0,0,NA,0,NA,0,unknown,0,0,NA,0,advanced disease,NA,23,23,0,0
TITLE:dfe661cf1640,NA,2010,NA,NA,NA,0,0,NA,0,NA,0,biotech,0,0,NA,0,advanced disease,NA,71,71,0,0
TITLE:e06ab12e6aab,NA,2017,NA,NA,NA,0,1,NA,0,NA,0,big_pharma,4,2,NA,0,advanced disease,NA,159,67,0,0
TITLE:e0935c1aff08,NA,2016,3,0,NA,1,1,NA,0,NA,0,biotech,1,1,NA,0,chemotherapy,NA,10,3,NA,0
TITLE:e0a6037e4eaa,NA,2009,2,0,NA,0,1,NA,0,NA,0,unknown,0,0,NA,0,advanced disease,NA,55,55,0,0
TITLE:e101d598678e,NA,2021,NA,NA,NA,0,0,NA,0,NA,0,unknown,2,2,NA,0,advanced disease,NA,214,65,0,0
TITLE:e139e2059a02,NA,2007,NA,NA,NA,0,0,NA,0,NA,0,academic,0,0,NA,0,advanced disease,NA,23,23,0,0
TITLE:e148f2a3627d,NA,2018,1,0,NA,0,0,NA,0,NA,0,biotech,0,0,NA,0,advanced disease,NA,174,71,0,0
TITLE:e168aac7a4d7,NA,2009,2,0,NA,0,0,NA,0,NA,0,unknown,2,2,NA,0,advanced disease,NA,55,55,0,0
TITLE:e325298004f0,NA,2006,2,0,NA,0,0,NA,0,NA,0,academic,0,0,NA,0,advanced disease,NA,10,10,NA,0
TITLE:e3321af026e6,NA,2022,1,0,NA,0,1,NA,0,NA,0,big_pharma,7,3,NA,0,biomarker,NA,46,27,0.5,0
TITLE:e39858183a22,NA,2015,2,0,NA,0,0,NA,0,NA,0,unknown,0,0,NA,0,advanced disease,NA,129,58,0,0
TITLE:e401a72b5f92,NA,2010,NA,NA,NA,1,0,NA,0,NA,0,unknown,1,1,NA,0,surgical,NA,3,2,1,0
TITLE:e42ee6db8c41,NA,2019,1,0,NA,0,1,NA,0,NA,0,unknown,0,0,NA,0,advanced disease,NA,190,74,0,0
TITLE:e478c3fe60ef,NA,2019,3,0,NA,1,0,NA,0,NA,0,unknown,2,2,0,0,advanced disease,NA,190,74,0,0
TITLE:e4b21bb09fb5,NA,2009,NA,NA,NA,0,0,NA,0,NA,0,academic,0,0,NA,0,resectable disease,NA,7,7,1,0
TITLE:e67a6e63d447,NA,2017,NA,NA,NA,0,0,NA,0,NA,0,unknown,0,0,NA,0,advanced disease,NA,159,67,0,0
TITLE:e7939387cb34,NA,2009,NA,NA,NA,0,0,NA,0,NA,0,big_pharma,1,1,NA,0,imaging diagnostics,NA,2,2,NA,0
TITLE:e7eba0820f16,NA,2014,2,0,NA,0,0,NA,0,NA,0,unknown,0,0,NA,0,advanced disease,NA,116,61,0,0
TITLE:e80ad4d99aa5,NA,2006,2,0,NA,0,0,NA,0,NA,0,unknown,0,0,NA,0,advanced disease,NA,10,10,NA,0
TITLE:e8399dd3891a,NA,2008,2,0,NA,1,0,NA,0,NA,0,unknown,0,0,NA,0,advanced disease,NA,46,46,0,0
TITLE:e8acf52dc48b,NA,2012,NA,NA,NA,0,0,NA,0,NA,0,big_pharma,1,1,NA,0,advanced disease,NA,92,69,0,0
TITLE:e97bd92d2e52,NA,2012,3,0,NA,1,1,NA,0,NA,0,biotech,0,0,NA,0,advanced disease,NA,92,69,0,0
TITLE:ea2f2598318f,NA,2013,1,0,NA,0,0,NA,0,NA,0,big_pharma,0,0,NA,0,advanced disease,NA,103,57,0,0
TITLE:ea895c51a08d,NA,2023,NA,NA,NA,0,0,NA,0,NA,0,biotech,0,0,NA,0,advanced disease,NA,241,67,0,0
TITLE:ec305e1642ab,NA,2007,3,0,NA,1,1,NA,0,NA,0,big_pharma,1,1,NA,0,advanced disease,NA,23,23,0,0
TITLE:ec50883326cd,NA,2007,2,0,NA,0,0,NA,0,NA,0,unknown,0,0,NA,0,advanced disease,NA,23,23,0,0
TITLE:ecd610bfa7da,NA,2018,NA,NA,NA,0,0,NA,0,NA,0,unknown,1,0,NA,0,advanced disease,NA,174,71,0,0
TITLE:ecf7f98124cb,NA,2010,NA,NA,NA,1,0,NA,0,NA,0,unknown,1,1,NA,0,advanced disease,NA,71,71,0,0
TITLE:ed304d24f701,NA,2006,NA,NA,NA,1,0,NA,0,NA,0,big_pharma,0,0,NA,0,imaging diagnostics,NA,0,0,NA,1
TITLE:ed55ad12bf2d,NA,2022,NA,NA,NA,1,0,NA,0,NA,0,biotech,2,1,NA,0,advanced disease,NA,228,69,0,0
TITLE:ee997abf5996,NA,2014,NA,NA,NA,0,0,NA,0,NA,0,unknown,0,0,NA,0,resectable disease,NA,17,10,1,0
TITLE:ef945ea2edde,NA,2020,2,0,NA,0,0,NA,0,NA,0,unknown,0,0,NA,0,locoregional procedure,NA,0,0,NA,1
TITLE:efdf61a37cfa,NA,2017,2,0,NA,0,0,NA,0,NA,0,academic,0,0,NA,0,resectable disease,NA,27,16,1,0
TITLE:f0b2fca427ff,NA,2019,2,0,NA,0,0,NA,0,NA,0,academic,1,1,NA,0,advanced disease,NA,190,74,0,0
TITLE:f31f644dfc48,NA,NA,2,0,NA,1,1,NA,0,NA,0,biotech,0,0,NA,0,advanced disease,NA,0,0,NA,1
TITLE:f45756d620e6,NA,2013,1,0,NA,0,0,NA,0,NA,0,academic,1,1,NA,0,advanced disease,NA,103,57,0,0
TITLE:f4eea5ed9eae,NA,2018,NA,NA,NA,0,0,NA,0,NA,0,unknown,9,8,0.8,0,advanced disease,NA,174,71,0,0
TITLE:f656412d1e46,NA,2012,2,0,NA,1,0,NA,0,NA,0,unknown,0,0,NA,0,advanced disease,NA,92,69,0,0
TITLE:f70520e1107e,NA,2020,NA,NA,NA,0,0,NA,0,NA,0,biotech,1,1,NA,0,advanced disease,NA,207,78,0,0
TITLE:f726ded831c4,NA,2020,NA,NA,NA,0,0,NA,0,NA,0,unknown,0,0,NA,0,advanced disease,NA,207,78,0,0
TITLE:f79eafa1e5ae,NA,2015,3,0,NA,1,0,NA,0,NA,0,academic,0,0,NA,0,advanced disease,NA,129,58,0,0
TITLE:f860ea132d72,NA,2017,2,0,NA,1,0,NA,0,NA,0,big_pharma,16,7,0.714,1,advanced disease,NA,159,67,0,0
TITLE:f88130fbab06,NA,2008,2,0,NA,0,0,NA,0,NA,0,big_pharma,0,0,NA,0,advanced disease,NA,46,46,0,0
TITLE:f8bbc55c6b23,NA,2013,NA,NA,NA,0,0,NA,0,NA,0,unknown,0,0,NA,0,imaging diagnostics,NA,12,10,NA,0
TITLE:f9050a4ca370,NA,NA,NA,NA,NA,0,0,NA,0,NA,0,unknown,0,0,NA,0,resectable disease,NA,0,0,NA,1
TITLE:f98e9da51852,NA,2014,3,0,NA,1,0,NA,0,NA,0,biotech,1,1,1,0,advanced disease,NA,116,61,0,0
TITLE:f9bc4860bc87,NA,2020,NA,NA,NA,0,0,NA,0,NA,0,academic,0,0,NA,0,chemotherapy,NA,15,5,0,0
TITLE:fac7db69966f,NA,2007,2,0,NA,0,0,NA,0,NA,0,unknown,0,0,NA,0,advanced disease,NA,23,23,0,0
TITLE:fad971687c5b,NA,2017,NA,NA,NA,1,1,NA,0,NA,0,big_pharma,0,0,NA,0,advanced disease,NA,159,67,0,0
TITLE:fb63b5620623,NA,2016,1,0,NA,0,0,NA,0,NA,0,unknown,0,0,NA,0,imaging diagnostics,NA,21,14,0,0
TITLE:fbc279df0bf5,NA,2007,3,0,NA,1,1,NA,0,NA,0,unknown,0,0,NA,0,advanced disease,NA,23,23,0,0
TITLE:fc2bf08ca3bf,NA,2012,2,0,1,0,1,NA,0,NA,0,unknown,0,0,NA,0,advanced disease,NA,92,69,0,0
TITLE:fc91b63f6ef6,NA,2021,NA,NA,NA,1,1,NA,0,NA,0,unknown,0,0,NA,0,context classified,NA,22,6,NA,0
TITLE:fda1faa07c03,NA,2011,2,0,NA,0,0,NA,0,NA,0,biotech,0,0,NA,0,advanced disease,NA,78,68,0,0
TITLE:fe76e76335fd,NA,2020,NA,NA,NA,0,0,NA,0,NA,0,unknown,2,2,NA,0,biomarker,NA,35,19,0.5,0
TITLE:fe7736388e34,NA,2017,2,0,NA,1,0,NA,0,NA,0,big_pharma,16,7,0.714,1,advanced disease,NA,159,67,0,0
TITLE:fef37a06fd6c,NA,2018,3,0,NA,1,0,NA,0,NA,0,unknown,4,1,1,0,advanced disease,NA,174,71,0,0
TITLE:ff0dfafc234c,NA,2014,NA,NA,NA,1,0,NA,0,NA,0,unknown,0,0,NA,0,supportive outcomes,NA,6,5,NA,0
TITLE:ff19aa7b7f43,NA,2006,2,0,NA,0,0,NA,0,NA,0,unknown,1,1,NA,0,context classified,NA,1,1,NA,0
TITLE:ffc8510210ce,NA,2014,NA,NA,NA,0,0,NA,0,NA,0,unknown,0,0,NA,0,imaging diagnostics,NA,14,12,NA,0
